[03May2026 04:01:57.416] [main/INFO] [cpw.mods.modlauncher.Launcher/MODLAUNCHER]: ModLauncher running: args [--launchTarget, forgeserver, --fml.forgeVersion, 47.3.7, --fml.mcVersion, 1.20.1, --fml.forgeGroup, net.minecraftforge, --fml.mcpVersion, 20230612.114412, nogui]
[03May2026 04:01:57.420] [main/INFO] [cpw.mods.modlauncher.Launcher/MODLAUNCHER]: ModLauncher 10.0.9+10.0.9+main.dcd20f30 starting: java version 17.0.18 by Ubuntu; OS Linux arch amd64 version 6.8.0-1044-azure
[03May2026 04:01:57.450] [main/DEBUG] [cpw.mods.modlauncher.LaunchServiceHandler/MODLAUNCHER]: Found launch services [fmlclientdev,forgeclient,minecraft,forgegametestserverdev,fmlserveruserdev,fmlclient,fmldatauserdev,forgeserverdev,forgeserveruserdev,forgeclientdev,forgeclientuserdev,forgeserver,forgedatadev,fmlserver,fmlclientuserdev,fmlserverdev,forgedatauserdev,testharness,forgegametestserveruserdev]
[03May2026 04:01:57.463] [main/DEBUG] [cpw.mods.modlauncher.NameMappingServiceHandler/MODLAUNCHER]: Found naming services : [srgtomcp]
[03May2026 04:01:57.480] [main/DEBUG] [cpw.mods.modlauncher.LaunchPluginHandler/MODLAUNCHER]: Found launch plugins: [mixin,eventbus,slf4jfixer,object_holder_definalize,runtime_enum_extender,capability_token_subclass,accesstransformer,runtimedistcleaner]
[03May2026 04:01:57.492] [main/DEBUG] [cpw.mods.modlauncher.TransformationServicesHandler/MODLAUNCHER]: Discovering transformation services
[03May2026 04:01:57.496] [main/DEBUG] [net.minecraftforge.fml.loading.FMLPaths/CORE]: Path GAMEDIR is /workspaces/GIL/servidor_minecraft
[03May2026 04:01:57.497] [main/DEBUG] [net.minecraftforge.fml.loading.FMLPaths/CORE]: Path MODSDIR is /workspaces/GIL/servidor_minecraft/mods
[03May2026 04:01:57.497] [main/DEBUG] [net.minecraftforge.fml.loading.FMLPaths/CORE]: Path CONFIGDIR is /workspaces/GIL/servidor_minecraft/config
[03May2026 04:01:57.497] [main/DEBUG] [net.minecraftforge.fml.loading.FMLPaths/CORE]: Path FMLCONFIG is /workspaces/GIL/servidor_minecraft/config/fml.toml
[03May2026 04:01:57.986] [main/DEBUG] [cpw.mods.modlauncher.TransformationServicesHandler/MODLAUNCHER]: Found additional transformation services from discovery services: 
[03May2026 04:01:57.993] [main/INFO] [net.minecraftforge.fml.loading.ImmediateWindowHandler/]: ImmediateWindowProvider not loading because launch target is forgeserver
[03May2026 04:01:58.002] [main/DEBUG] [cpw.mods.modlauncher.TransformationServicesHandler/MODLAUNCHER]: Found transformer services : [mixin,fml]
[03May2026 04:01:58.002] [main/DEBUG] [cpw.mods.modlauncher.TransformationServicesHandler/MODLAUNCHER]: Transformation services loading
[03May2026 04:01:58.002] [main/DEBUG] [cpw.mods.modlauncher.TransformationServiceDecorator/MODLAUNCHER]: Loading service mixin
[03May2026 04:01:58.003] [main/DEBUG] [cpw.mods.modlauncher.TransformationServiceDecorator/MODLAUNCHER]: Loaded service mixin
[03May2026 04:01:58.003] [main/DEBUG] [cpw.mods.modlauncher.TransformationServiceDecorator/MODLAUNCHER]: Loading service fml
[03May2026 04:01:58.004] [main/DEBUG] [net.minecraftforge.fml.loading.LauncherVersion/CORE]: Found FMLLauncher version 1.0
[03May2026 04:01:58.004] [main/DEBUG] [net.minecraftforge.fml.loading.FMLLoader/CORE]: FML 1.0 loading
[03May2026 04:01:58.004] [main/DEBUG] [net.minecraftforge.fml.loading.FMLLoader/CORE]: FML found ModLauncher version : 10.0.9+10.0.9+main.dcd20f30
[03May2026 04:01:58.004] [main/DEBUG] [net.minecraftforge.fml.loading.FMLLoader/CORE]: FML found AccessTransformer version : 8.0.4+66+master.c09db6d7
[03May2026 04:01:58.005] [main/DEBUG] [net.minecraftforge.fml.loading.FMLLoader/CORE]: FML found EventBus version : 6.0.5+6.0.5+master.eb8e549b
[03May2026 04:01:58.005] [main/DEBUG] [net.minecraftforge.fml.loading.FMLLoader/CORE]: Found Runtime Dist Cleaner
[03May2026 04:01:58.007] [main/DEBUG] [net.minecraftforge.fml.loading.FMLLoader/CORE]: FML found CoreMod version : 5.1.6
[03May2026 04:01:58.007] [main/DEBUG] [net.minecraftforge.fml.loading.FMLLoader/CORE]: Found ForgeSPI package implementation version 7.0.1+7.0.1+master.d2b38bf6
[03May2026 04:01:58.007] [main/DEBUG] [net.minecraftforge.fml.loading.FMLLoader/CORE]: Found ForgeSPI package specification 5
[03May2026 04:01:58.007] [main/DEBUG] [cpw.mods.modlauncher.TransformationServiceDecorator/MODLAUNCHER]: Loaded service fml
[03May2026 04:01:58.008] [main/DEBUG] [cpw.mods.modlauncher.TransformationServicesHandler/MODLAUNCHER]: Configuring option handling for services
[03May2026 04:01:58.015] [main/DEBUG] [cpw.mods.modlauncher.TransformationServicesHandler/MODLAUNCHER]: Transformation services initializing
[03May2026 04:01:58.016] [main/DEBUG] [cpw.mods.modlauncher.TransformationServiceDecorator/MODLAUNCHER]: Initializing transformation service mixin
[03May2026 04:01:58.031] [main/DEBUG] [mixin/]: MixinService [ModLauncher] was successfully booted in cpw.mods.cl.ModuleClassLoader@7a3d45bd
[03May2026 04:01:58.048] [main/INFO] [mixin/]: SpongePowered MIXIN Subsystem Version=0.8.5 Source=union:/workspaces/GIL/servidor_minecraft/libraries/org/spongepowered/mixin/0.8.5/mixin-0.8.5.jar%2365!/ Service=ModLauncher Env=SERVER
[03May2026 04:01:58.052] [main/DEBUG] [mixin/]: Initialising Mixin Platform Manager
[03May2026 04:01:58.052] [main/DEBUG] [mixin/]: Adding mixin platform agents for container ModLauncher Root Container(ModLauncher:4f56a0a2)
[03May2026 04:01:58.053] [main/DEBUG] [mixin/]: Instancing new MixinPlatformAgentMinecraftForge for ModLauncher Root Container(ModLauncher:4f56a0a2)
[03May2026 04:01:58.053] [main/DEBUG] [mixin/]: MixinPlatformAgentMinecraftForge rejected container ModLauncher Root Container(ModLauncher:4f56a0a2)
[03May2026 04:01:58.054] [main/DEBUG] [mixin/]: Instancing new MixinPlatformAgentDefault for ModLauncher Root Container(ModLauncher:4f56a0a2)
[03May2026 04:01:58.054] [main/DEBUG] [mixin/]: MixinPlatformAgentDefault accepted container ModLauncher Root Container(ModLauncher:4f56a0a2)
[03May2026 04:01:58.059] [main/DEBUG] [cpw.mods.modlauncher.TransformationServiceDecorator/MODLAUNCHER]: Initialized transformation service mixin
[03May2026 04:01:58.059] [main/DEBUG] [cpw.mods.modlauncher.TransformationServiceDecorator/MODLAUNCHER]: Initializing transformation service fml
[03May2026 04:01:58.059] [main/DEBUG] [net.minecraftforge.fml.loading.FMLServiceProvider/CORE]: Setting up basic FML game directories
[03May2026 04:01:58.060] [main/DEBUG] [net.minecraftforge.fml.loading.FMLPaths/CORE]: Path GAMEDIR is /workspaces/GIL/servidor_minecraft
[03May2026 04:01:58.060] [main/DEBUG] [net.minecraftforge.fml.loading.FMLPaths/CORE]: Path MODSDIR is /workspaces/GIL/servidor_minecraft/mods
[03May2026 04:01:58.060] [main/DEBUG] [net.minecraftforge.fml.loading.FMLPaths/CORE]: Path CONFIGDIR is /workspaces/GIL/servidor_minecraft/config
[03May2026 04:01:58.060] [main/DEBUG] [net.minecraftforge.fml.loading.FMLPaths/CORE]: Path FMLCONFIG is /workspaces/GIL/servidor_minecraft/config/fml.toml
[03May2026 04:01:58.061] [main/DEBUG] [net.minecraftforge.fml.loading.FMLServiceProvider/CORE]: Loading configuration
[03May2026 04:01:58.064] [main/DEBUG] [net.minecraftforge.fml.loading.FMLServiceProvider/CORE]: Preparing ModFile
[03May2026 04:01:58.068] [main/DEBUG] [net.minecraftforge.fml.loading.FMLServiceProvider/CORE]: Preparing launch handler
[03May2026 04:01:58.068] [main/DEBUG] [net.minecraftforge.fml.loading.FMLLoader/CORE]: Using forgeserver as launch service
[03May2026 04:01:58.082] [main/DEBUG] [net.minecraftforge.fml.loading.FMLLoader/CORE]: Received command line version data  : VersionInfo[forgeVersion=47.3.7, mcVersion=1.20.1, mcpVersion=20230612.114412, forgeGroup=net.minecraftforge]
[03May2026 04:01:58.084] [main/DEBUG] [cpw.mods.modlauncher.TransformationServiceDecorator/MODLAUNCHER]: Initialized transformation service fml
[03May2026 04:01:58.084] [main/DEBUG] [cpw.mods.modlauncher.NameMappingServiceHandler/MODLAUNCHER]: Current naming domain is 'srg'
[03May2026 04:01:58.085] [main/DEBUG] [cpw.mods.modlauncher.NameMappingServiceHandler/MODLAUNCHER]: Identified name mapping providers {}
[03May2026 04:01:58.085] [main/DEBUG] [cpw.mods.modlauncher.TransformationServicesHandler/MODLAUNCHER]: Transformation services begin scanning
[03May2026 04:01:58.086] [main/DEBUG] [cpw.mods.modlauncher.TransformationServiceDecorator/MODLAUNCHER]: Beginning scan trigger - transformation service mixin
[03May2026 04:01:58.086] [main/DEBUG] [cpw.mods.modlauncher.TransformationServiceDecorator/MODLAUNCHER]: End scan trigger - transformation service mixin
[03May2026 04:01:58.087] [main/DEBUG] [cpw.mods.modlauncher.TransformationServiceDecorator/MODLAUNCHER]: Beginning scan trigger - transformation service fml
[03May2026 04:01:58.087] [main/DEBUG] [net.minecraftforge.fml.loading.FMLServiceProvider/CORE]: Initiating mod scan
[03May2026 04:01:58.101] [main/DEBUG] [net.minecraftforge.fml.loading.moddiscovery.ModListHandler/CORE]: Found mod coordinates from lists: []
[03May2026 04:01:58.105] [main/DEBUG] [net.minecraftforge.fml.loading.moddiscovery.ModDiscoverer/CORE]: Found Mod Locators : (mods folder:null),(maven libs:null),(exploded directory:null),(minecraft:null),(userdev classpath:null)
[03May2026 04:01:58.106] [main/DEBUG] [net.minecraftforge.fml.loading.moddiscovery.ModDiscoverer/CORE]: Found Dependency Locators : (JarInJar:null)
[03May2026 04:01:58.114] [main/DEBUG] [net.minecraftforge.fml.loading.moddiscovery.ModFileParser/LOADING]: Considering mod file candidate /workspaces/GIL/servidor_minecraft/mods/balm-forge-1.20.1-7.3.38-all.jar
[03May2026 04:01:58.158] [main/DEBUG] [net.minecraftforge.fml.loading.moddiscovery.ModFileInfo/LOADING]: Found valid mod file balm-forge-1.20.1-7.3.38-all.jar with {balm} mods - versions {7.3.38}
[03May2026 04:01:58.159] [main/DEBUG] [net.minecraftforge.fml.loading.moddiscovery.ModFileParser/LOADING]: Considering mod file candidate /workspaces/GIL/servidor_minecraft/mods/caelus-forge-3.2.0+1.20.1.jar
[03May2026 04:01:58.161] [main/DEBUG] [net.minecraftforge.fml.loading.moddiscovery.ModFileInfo/LOADING]: Found valid mod file caelus-forge-3.2.0+1.20.1.jar with {caelus} mods - versions {3.2.0+1.20.1}
[03May2026 04:01:58.163] [main/DEBUG] [net.minecraftforge.fml.loading.moddiscovery.ModFileParser/LOADING]: Considering mod file candidate /workspaces/GIL/servidor_minecraft/mods/citadel-2.6.3-1.20.1.jar
[03May2026 04:01:58.165] [main/DEBUG] [net.minecraftforge.fml.loading.moddiscovery.ModFileInfo/LOADING]: Found valid mod file citadel-2.6.3-1.20.1.jar with {citadel} mods - versions {2.6.3}
[03May2026 04:01:58.166] [main/DEBUG] [net.minecraftforge.fml.loading.moddiscovery.ModFileParser/LOADING]: Considering mod file candidate /workspaces/GIL/servidor_minecraft/mods/cloth-config-11.1.136-forge.jar
[03May2026 04:01:58.167] [main/DEBUG] [net.minecraftforge.fml.loading.moddiscovery.ModFileInfo/LOADING]: Found valid mod file cloth-config-11.1.136-forge.jar with {cloth_config} mods - versions {11.1.136}
[03May2026 04:01:58.170] [main/DEBUG] [net.minecraftforge.fml.loading.moddiscovery.ModFileParser/LOADING]: Considering mod file candidate /workspaces/GIL/servidor_minecraft/mods/collective-1.20.1-8.22.jar
[03May2026 04:01:58.171] [main/DEBUG] [net.minecraftforge.fml.loading.moddiscovery.ModFileInfo/LOADING]: Found valid mod file collective-1.20.1-8.22.jar with {collective} mods - versions {8.22}
[03May2026 04:01:58.172] [main/DEBUG] [net.minecraftforge.fml.loading.moddiscovery.ModFileParser/LOADING]: Considering mod file candidate /workspaces/GIL/servidor_minecraft/mods/comforts-forge-6.4.0+1.20.1.jar
[03May2026 04:01:58.174] [main/DEBUG] [net.minecraftforge.fml.loading.moddiscovery.ModFileInfo/LOADING]: Found valid mod file comforts-forge-6.4.0+1.20.1.jar with {comforts} mods - versions {6.4.0+1.20.1}
[03May2026 04:01:58.181] [main/DEBUG] [net.minecraftforge.fml.loading.moddiscovery.ModFileParser/LOADING]: Considering mod file candidate /workspaces/GIL/servidor_minecraft/mods/create-1.20.1-6.0.8.jar
[03May2026 04:01:58.183] [main/DEBUG] [net.minecraftforge.fml.loading.moddiscovery.ModFileInfo/LOADING]: Found valid mod file create-1.20.1-6.0.8.jar with {create} mods - versions {6.0.8}
[03May2026 04:01:58.184] [main/DEBUG] [net.minecraftforge.fml.loading.moddiscovery.ModFileParser/LOADING]: Considering mod file candidate /workspaces/GIL/servidor_minecraft/mods/CreativeCore_FORGE_v2.12.37_mc1.20.1.jar
[03May2026 04:01:58.185] [main/DEBUG] [net.minecraftforge.fml.loading.moddiscovery.ModFileInfo/LOADING]: Found valid mod file CreativeCore_FORGE_v2.12.37_mc1.20.1.jar with {creativecore} mods - versions {2.12.37}
[03May2026 04:01:58.186] [main/DEBUG] [net.minecraftforge.fml.loading.moddiscovery.ModFileParser/LOADING]: Considering mod file candidate /workspaces/GIL/servidor_minecraft/mods/curios-forge-5.14.1+1.20.1.jar
[03May2026 04:01:58.189] [main/DEBUG] [net.minecraftforge.fml.loading.moddiscovery.ModFileInfo/LOADING]: Found valid mod file curios-forge-5.14.1+1.20.1.jar with {curios} mods - versions {5.14.1+1.20.1}
[03May2026 04:01:58.190] [main/DEBUG] [net.minecraftforge.fml.loading.moddiscovery.ModFileParser/LOADING]: Considering mod file candidate /workspaces/GIL/servidor_minecraft/mods/easy-villagers-forge-1.20.1-1.1.23.jar
[03May2026 04:01:58.192] [main/DEBUG] [net.minecraftforge.fml.loading.moddiscovery.ModFileInfo/LOADING]: Found valid mod file easy-villagers-forge-1.20.1-1.1.23.jar with {easy_villagers} mods - versions {1.20.1-1.1.23}
[03May2026 04:01:58.192] [main/DEBUG] [net.minecraftforge.fml.loading.moddiscovery.ModFileParser/LOADING]: Considering mod file candidate /workspaces/GIL/servidor_minecraft/mods/elytraslot-forge-6.4.4+1.20.1.jar
[03May2026 04:01:58.194] [main/DEBUG] [net.minecraftforge.fml.loading.moddiscovery.ModFileInfo/LOADING]: Found valid mod file elytraslot-forge-6.4.4+1.20.1.jar with {elytraslot} mods - versions {6.4.4+1.20.1}
[03May2026 04:01:58.197] [main/DEBUG] [net.minecraftforge.fml.loading.moddiscovery.ModFileParser/LOADING]: Considering mod file candidate /workspaces/GIL/servidor_minecraft/mods/EnchantingInfuser-v8.0.3-1.20.1-Forge.jar
[03May2026 04:01:58.198] [main/DEBUG] [net.minecraftforge.fml.loading.moddiscovery.ModFileInfo/LOADING]: Found valid mod file EnchantingInfuser-v8.0.3-1.20.1-Forge.jar with {enchantinginfuser} mods - versions {8.0.3}
[03May2026 04:01:58.199] [main/DEBUG] [net.minecraftforge.fml.loading.moddiscovery.ModFileParser/LOADING]: Considering mod file candidate /workspaces/GIL/servidor_minecraft/mods/ExplorersCompass-1.20.1-1.4.0-forge.jar
[03May2026 04:01:58.200] [main/DEBUG] [net.minecraftforge.fml.loading.moddiscovery.ModFileInfo/LOADING]: Found valid mod file ExplorersCompass-1.20.1-1.4.0-forge.jar with {explorerscompass} mods - versions {1.20.1-1.4.0-forge}
[03May2026 04:01:58.203] [main/DEBUG] [net.minecraftforge.fml.loading.moddiscovery.ModFileParser/LOADING]: Considering mod file candidate /workspaces/GIL/servidor_minecraft/mods/FallingTree-1.20.1-4.3.4.jar
[03May2026 04:01:58.204] [main/DEBUG] [net.minecraftforge.fml.loading.moddiscovery.ModFileInfo/LOADING]: Found valid mod file FallingTree-1.20.1-4.3.4.jar with {fallingtree} mods - versions {4.3.4}
[03May2026 04:01:58.207] [main/DEBUG] [net.minecraftforge.fml.loading.moddiscovery.ModFileParser/LOADING]: Considering mod file candidate /workspaces/GIL/servidor_minecraft/mods/ferritecore-6.0.1-forge.jar
[03May2026 04:01:58.209] [main/DEBUG] [net.minecraftforge.fml.loading.moddiscovery.ModFileInfo/LOADING]: Found valid mod file ferritecore-6.0.1-forge.jar with {ferritecore} mods - versions {6.0.1}
[03May2026 04:01:58.209] [main/DEBUG] [net.minecraftforge.fml.loading.moddiscovery.ModFileParser/LOADING]: Considering mod file candidate /workspaces/GIL/servidor_minecraft/mods/geckolib-forge-1.20.1-4.8.3.jar
[03May2026 04:01:58.211] [main/DEBUG] [net.minecraftforge.fml.loading.moddiscovery.ModFileInfo/LOADING]: Found valid mod file geckolib-forge-1.20.1-4.8.3.jar with {geckolib} mods - versions {4.8.3}
[03May2026 04:01:58.215] [main/DEBUG] [net.minecraftforge.fml.loading.moddiscovery.ModFileParser/LOADING]: Considering mod file candidate /workspaces/GIL/servidor_minecraft/mods/iceandfire-2.1.13-1.20.1-beta-5.jar
[03May2026 04:01:58.216] [main/DEBUG] [net.minecraftforge.fml.loading.moddiscovery.ModFileInfo/LOADING]: Found valid mod file iceandfire-2.1.13-1.20.1-beta-5.jar with {iceandfire} mods - versions {2.1.13-1.20.1}
[03May2026 04:01:58.220] [main/DEBUG] [net.minecraftforge.fml.loading.moddiscovery.ModFileParser/LOADING]: Considering mod file candidate /workspaces/GIL/servidor_minecraft/mods/IceAndFireCE-1.2.5-1.20.1-forge.jar
[03May2026 04:01:58.221] [main/DEBUG] [net.minecraftforge.fml.loading.moddiscovery.ModFileInfo/LOADING]: Found valid mod file IceAndFireCE-1.2.5-1.20.1-forge.jar with {iceandfire} mods - versions {1.2.5}
[03May2026 04:01:58.222] [main/DEBUG] [net.minecraftforge.fml.loading.moddiscovery.ModFileParser/LOADING]: Considering mod file candidate /workspaces/GIL/servidor_minecraft/mods/Iceberg-1.20.1-forge-1.1.25.jar
[03May2026 04:01:58.223] [main/DEBUG] [net.minecraftforge.fml.loading.moddiscovery.ModFileInfo/LOADING]: Found valid mod file Iceberg-1.20.1-forge-1.1.25.jar with {iceberg} mods - versions {1.1.25}
[03May2026 04:01:58.225] [main/DEBUG] [net.minecraftforge.fml.loading.moddiscovery.ModFileParser/LOADING]: Considering mod file candidate /workspaces/GIL/servidor_minecraft/mods/jei-1.20.1-forge-15.20.0.112.jar
[03May2026 04:01:58.226] [main/DEBUG] [net.minecraftforge.fml.loading.moddiscovery.ModFileInfo/LOADING]: Found valid mod file jei-1.20.1-forge-15.20.0.112.jar with {jei} mods - versions {15.20.0.112}
[03May2026 04:01:58.227] [main/DEBUG] [net.minecraftforge.fml.loading.moddiscovery.ModFileParser/LOADING]: Considering mod file candidate /workspaces/GIL/servidor_minecraft/mods/jupiter-2.3.7-1.20.1-forge.jar
[03May2026 04:01:58.228] [main/DEBUG] [net.minecraftforge.fml.loading.moddiscovery.ModFileInfo/LOADING]: Found valid mod file jupiter-2.3.7-1.20.1-forge.jar with {jupiter} mods - versions {2.3.7}
[03May2026 04:01:58.229] [main/DEBUG] [net.minecraftforge.fml.loading.moddiscovery.ModFileParser/LOADING]: Considering mod file candidate /workspaces/GIL/servidor_minecraft/mods/konkrete_forge_1.8.0_MC_1.20-1.20.1.jar
[03May2026 04:01:58.230] [main/DEBUG] [net.minecraftforge.fml.loading.moddiscovery.ModFileInfo/LOADING]: Found valid mod file konkrete_forge_1.8.0_MC_1.20-1.20.1.jar with {konkrete} mods - versions {1.8.0}
[03May2026 04:01:58.233] [main/DEBUG] [net.minecraftforge.fml.loading.moddiscovery.ModFileParser/LOADING]: Considering mod file candidate /workspaces/GIL/servidor_minecraft/mods/L_Enders_Cataclysm-3.27-curios-fix.jar
[03May2026 04:01:58.235] [main/DEBUG] [net.minecraftforge.fml.loading.moddiscovery.ModFileInfo/LOADING]: Found valid mod file L_Enders_Cataclysm-3.27-curios-fix.jar with {cataclysm} mods - versions {3.27}
[03May2026 04:01:58.236] [main/DEBUG] [net.minecraftforge.fml.loading.moddiscovery.ModFileParser/LOADING]: Considering mod file candidate /workspaces/GIL/servidor_minecraft/mods/lionfishapi-2.7.jar
[03May2026 04:01:58.237] [main/DEBUG] [net.minecraftforge.fml.loading.moddiscovery.ModFileInfo/LOADING]: Found valid mod file lionfishapi-2.7.jar with {lionfishapi} mods - versions {2.7}
[03May2026 04:01:58.237] [main/DEBUG] [net.minecraftforge.fml.loading.moddiscovery.ModFileParser/LOADING]: Considering mod file candidate /workspaces/GIL/servidor_minecraft/mods/lootr-forge-1.20-0.7.35.94.jar
[03May2026 04:01:58.238] [main/DEBUG] [net.minecraftforge.fml.loading.moddiscovery.ModFileInfo/LOADING]: Found valid mod file lootr-forge-1.20-0.7.35.94.jar with {lootr} mods - versions {0.7.35.94}
[03May2026 04:01:58.239] [main/DEBUG] [net.minecraftforge.fml.loading.moddiscovery.ModFileParser/LOADING]: Considering mod file candidate /workspaces/GIL/servidor_minecraft/mods/modernfix-forge-5.27.15+mc1.20.1.jar
[03May2026 04:01:58.241] [main/DEBUG] [net.minecraftforge.fml.loading.moddiscovery.ModFileInfo/LOADING]: Found valid mod file modernfix-forge-5.27.15+mc1.20.1.jar with {modernfix} mods - versions {5.27.15+mc1.20.1}
[03May2026 04:01:58.241] [main/DEBUG] [net.minecraftforge.fml.loading.moddiscovery.ModFileParser/LOADING]: Considering mod file candidate /workspaces/GIL/servidor_minecraft/mods/NaturesCompass-1.20.1-1.12.0-forge.jar
[03May2026 04:01:58.242] [main/DEBUG] [net.minecraftforge.fml.loading.moddiscovery.ModFileInfo/LOADING]: Found valid mod file NaturesCompass-1.20.1-1.12.0-forge.jar with {naturescompass} mods - versions {1.20.1-1.12.0-forge}
[03May2026 04:01:58.243] [main/DEBUG] [net.minecraftforge.fml.loading.moddiscovery.ModFileParser/LOADING]: Considering mod file candidate /workspaces/GIL/servidor_minecraft/mods/player-animation-lib-forge-1.0.2-rc1+1.20.jar
[03May2026 04:01:58.243] [main/DEBUG] [net.minecraftforge.fml.loading.moddiscovery.ModFileInfo/LOADING]: Found valid mod file player-animation-lib-forge-1.0.2-rc1+1.20.jar with {playeranimator} mods - versions {1.0.2-rc1+1.20}
[03May2026 04:01:58.244] [main/DEBUG] [net.minecraftforge.fml.loading.moddiscovery.ModFileParser/LOADING]: Considering mod file candidate /workspaces/GIL/servidor_minecraft/mods/Prism-1.20.1-forge-1.0.5.jar
[03May2026 04:01:58.244] [main/DEBUG] [net.minecraftforge.fml.loading.moddiscovery.ModFileInfo/LOADING]: Found valid mod file Prism-1.20.1-forge-1.0.5.jar with {prism} mods - versions {1.0.5}
[03May2026 04:01:58.258] [main/DEBUG] [net.minecraftforge.fml.loading.moddiscovery.ModFileParser/LOADING]: Considering mod file candidate /workspaces/GIL/servidor_minecraft/mods/PuzzlesLib-v8.1.33-1.20.1-Forge.jar
[03May2026 04:01:58.259] [main/DEBUG] [net.minecraftforge.fml.loading.moddiscovery.ModFileInfo/LOADING]: Found valid mod file PuzzlesLib-v8.1.33-1.20.1-Forge.jar with {puzzleslib} mods - versions {8.1.33}
[03May2026 04:01:58.260] [main/DEBUG] [net.minecraftforge.fml.loading.moddiscovery.ModFileParser/LOADING]: Considering mod file candidate /workspaces/GIL/servidor_minecraft/mods/Searchables-forge-1.20.1-1.0.3.jar
[03May2026 04:01:58.261] [main/DEBUG] [net.minecraftforge.fml.loading.moddiscovery.ModFileInfo/LOADING]: Found valid mod file Searchables-forge-1.20.1-1.0.3.jar with {searchables} mods - versions {1.0.3}
[03May2026 04:01:58.262] [main/DEBUG] [net.minecraftforge.fml.loading.moddiscovery.ModFileParser/LOADING]: Considering mod file candidate /workspaces/GIL/servidor_minecraft/mods/sophisticatedbackpacks-1.20.1-3.24.36.1713.jar
[03May2026 04:01:58.264] [main/DEBUG] [net.minecraftforge.fml.loading.moddiscovery.ModFileInfo/LOADING]: Found valid mod file sophisticatedbackpacks-1.20.1-3.24.36.1713.jar with {sophisticatedbackpacks} mods - versions {3.24.36.1713}
[03May2026 04:01:58.265] [main/DEBUG] [net.minecraftforge.fml.loading.moddiscovery.ModFileParser/LOADING]: Considering mod file candidate /workspaces/GIL/servidor_minecraft/mods/sophisticatedcore-1.20.1-1.3.30.1809.jar
[03May2026 04:01:58.266] [main/DEBUG] [net.minecraftforge.fml.loading.moddiscovery.ModFileInfo/LOADING]: Found valid mod file sophisticatedcore-1.20.1-1.3.30.1809.jar with {sophisticatedcore} mods - versions {1.3.30.1809}
[03May2026 04:01:58.268] [main/DEBUG] [net.minecraftforge.fml.loading.moddiscovery.ModFileParser/LOADING]: Considering mod file candidate /workspaces/GIL/servidor_minecraft/mods/spartanfire-1.20.1-2.1.0.jar
[03May2026 04:01:58.269] [main/DEBUG] [net.minecraftforge.fml.loading.moddiscovery.ModFileInfo/LOADING]: Found valid mod file spartanfire-1.20.1-2.1.0.jar with {spartanfire} mods - versions {2.1.0}
[03May2026 04:01:58.269] [main/DEBUG] [net.minecraftforge.fml.loading.moddiscovery.ModFileParser/LOADING]: Considering mod file candidate /workspaces/GIL/servidor_minecraft/mods/spartantoolkit-1.20.1-1.6.1.jar
[03May2026 04:01:58.270] [main/DEBUG] [net.minecraftforge.fml.loading.moddiscovery.ModFileInfo/LOADING]: Found valid mod file spartantoolkit-1.20.1-1.6.1.jar with {spartantoolkit} mods - versions {1.20.1-1.6.1}
[03May2026 04:01:58.273] [main/DEBUG] [net.minecraftforge.fml.loading.moddiscovery.ModFileParser/LOADING]: Considering mod file candidate /workspaces/GIL/servidor_minecraft/mods/SpartanWeaponry-1.20.1-forge-3.2.1-all.jar
[03May2026 04:01:58.274] [main/DEBUG] [net.minecraftforge.fml.loading.moddiscovery.ModFileInfo/LOADING]: Found valid mod file SpartanWeaponry-1.20.1-forge-3.2.1-all.jar with {spartanweaponry} mods - versions {3.2.1}
[03May2026 04:01:58.275] [main/DEBUG] [net.minecraftforge.fml.loading.moddiscovery.ModFileParser/LOADING]: Considering mod file candidate /workspaces/GIL/servidor_minecraft/mods/stackrefill-1.20.1-4.9.jar
[03May2026 04:01:58.275] [main/DEBUG] [net.minecraftforge.fml.loading.moddiscovery.ModFileInfo/LOADING]: Found valid mod file stackrefill-1.20.1-4.9.jar with {stackrefill} mods - versions {4.9}
[03May2026 04:01:58.276] [main/DEBUG] [net.minecraftforge.fml.loading.moddiscovery.ModFileParser/LOADING]: Considering mod file candidate /workspaces/GIL/servidor_minecraft/mods/txnilib-forge-1.0.24-1.20.1.jar
[03May2026 04:01:58.277] [main/DEBUG] [net.minecraftforge.fml.loading.moddiscovery.ModFileInfo/LOADING]: Found valid mod file txnilib-forge-1.0.24-1.20.1.jar with {txnilib} mods - versions {1.0.24}
[03May2026 04:01:58.278] [main/DEBUG] [net.minecraftforge.fml.loading.moddiscovery.ModFileParser/LOADING]: Considering mod file candidate /workspaces/GIL/servidor_minecraft/mods/uranus-2.2.6-bugfix.2-1.20.1-forge.jar
[03May2026 04:01:58.278] [main/DEBUG] [net.minecraftforge.fml.loading.moddiscovery.ModFileInfo/LOADING]: Found valid mod file uranus-2.2.6-bugfix.2-1.20.1-forge.jar with {uranus} mods - versions {2.2.6-bugfix.2}
[03May2026 04:01:58.279] [main/DEBUG] [net.minecraftforge.fml.loading.moddiscovery.ModFileParser/LOADING]: Considering mod file candidate /workspaces/GIL/servidor_minecraft/mods/Veinst1.20.1.jar
[03May2026 04:01:58.280] [main/DEBUG] [net.minecraftforge.fml.loading.moddiscovery.ModFileInfo/LOADING]: Found valid mod file Veinst1.20.1.jar with {oreminer} mods - versions {1.1}
[03May2026 04:01:58.281] [main/DEBUG] [net.minecraftforge.fml.loading.moddiscovery.ModFileParser/LOADING]: Considering mod file candidate /workspaces/GIL/servidor_minecraft/mods/waystones-forge-1.20.1-14.1.20.jar
[03May2026 04:01:58.281] [main/DEBUG] [net.minecraftforge.fml.loading.moddiscovery.ModFileInfo/LOADING]: Found valid mod file waystones-forge-1.20.1-14.1.20.jar with {waystones} mods - versions {14.1.20}
[03May2026 04:01:58.380] [main/DEBUG] [net.minecraftforge.fml.loading.moddiscovery.ModFileInfo/LOADING]: Found valid mod file server-1.20.1-20230612.114412-srg.jar with {minecraft} mods - versions {1.20.1}
[03May2026 04:01:58.382] [main/DEBUG] [net.minecraftforge.fml.loading.moddiscovery.ModFileParser/LOADING]: Considering mod file candidate /workspaces/GIL/servidor_minecraft/libraries/net/minecraftforge/fmlcore/1.20.1-47.3.7/fmlcore-1.20.1-47.3.7.jar
[03May2026 04:01:58.383] [main/WARN] [net.minecraftforge.fml.loading.moddiscovery.ModFileParser/LOADING]: Mod file /workspaces/GIL/servidor_minecraft/libraries/net/minecraftforge/fmlcore/1.20.1-47.3.7/fmlcore-1.20.1-47.3.7.jar is missing mods.toml file
[03May2026 04:01:58.384] [main/DEBUG] [net.minecraftforge.fml.loading.moddiscovery.ModFileParser/LOADING]: Considering mod file candidate /workspaces/GIL/servidor_minecraft/libraries/net/minecraftforge/javafmllanguage/1.20.1-47.3.7/javafmllanguage-1.20.1-47.3.7.jar
[03May2026 04:01:58.384] [main/WARN] [net.minecraftforge.fml.loading.moddiscovery.ModFileParser/LOADING]: Mod file /workspaces/GIL/servidor_minecraft/libraries/net/minecraftforge/javafmllanguage/1.20.1-47.3.7/javafmllanguage-1.20.1-47.3.7.jar is missing mods.toml file
[03May2026 04:01:58.385] [main/DEBUG] [net.minecraftforge.fml.loading.moddiscovery.ModFileParser/LOADING]: Considering mod file candidate /workspaces/GIL/servidor_minecraft/libraries/net/minecraftforge/lowcodelanguage/1.20.1-47.3.7/lowcodelanguage-1.20.1-47.3.7.jar
[03May2026 04:01:58.385] [main/WARN] [net.minecraftforge.fml.loading.moddiscovery.ModFileParser/LOADING]: Mod file /workspaces/GIL/servidor_minecraft/libraries/net/minecraftforge/lowcodelanguage/1.20.1-47.3.7/lowcodelanguage-1.20.1-47.3.7.jar is missing mods.toml file
[03May2026 04:01:58.386] [main/DEBUG] [net.minecraftforge.fml.loading.moddiscovery.ModFileParser/LOADING]: Considering mod file candidate /workspaces/GIL/servidor_minecraft/libraries/net/minecraftforge/mclanguage/1.20.1-47.3.7/mclanguage-1.20.1-47.3.7.jar
[03May2026 04:01:58.387] [main/WARN] [net.minecraftforge.fml.loading.moddiscovery.ModFileParser/LOADING]: Mod file /workspaces/GIL/servidor_minecraft/libraries/net/minecraftforge/mclanguage/1.20.1-47.3.7/mclanguage-1.20.1-47.3.7.jar is missing mods.toml file
[03May2026 04:01:58.444] [main/DEBUG] [net.minecraftforge.fml.loading.moddiscovery.ModFileParser/LOADING]: Considering mod file candidate /workspaces/GIL/servidor_minecraft/libraries/net/minecraftforge/forge/1.20.1-47.3.7/forge-1.20.1-47.3.7-universal.jar
[03May2026 04:01:58.446] [main/DEBUG] [net.minecraftforge.fml.loading.moddiscovery.ModFileInfo/LOADING]: Found valid mod file forge-1.20.1-47.3.7-universal.jar with {forge} mods - versions {47.3.7}
[03May2026 04:01:58.452] [main/DEBUG] [net.minecraftforge.fml.loading.UniqueModListBuilder/]: Found 2 mods for first modid iceandfire, selecting most recent based on version data
[03May2026 04:01:58.454] [main/DEBUG] [net.minecraftforge.fml.loading.UniqueModListBuilder/]: Selected file iceandfire-2.1.13-1.20.1-beta-5.jar for modid iceandfire with version 2.1.13-1.20.1
[03May2026 04:01:58.464] [main/DEBUG] [net.minecraftforge.fml.loading.moddiscovery.AbstractJarFileDependencyLocator/]: Failed to load resource META-INF/jarjar/metadata.json from server-1.20.1-20230612.114412-srg.jar, it does not contain dependency information.
[03May2026 04:01:58.465] [main/DEBUG] [net.minecraftforge.fml.loading.moddiscovery.AbstractJarFileDependencyLocator/]: Failed to load resource META-INF/jarjar/metadata.json from jupiter-2.3.7-1.20.1-forge.jar, it does not contain dependency information.
[03May2026 04:01:58.466] [main/DEBUG] [net.minecraftforge.fml.loading.moddiscovery.AbstractJarFileDependencyLocator/]: Failed to load resource META-INF/jarjar/metadata.json from player-animation-lib-forge-1.0.2-rc1+1.20.jar, it does not contain dependency information.
[03May2026 04:01:58.466] [main/DEBUG] [net.minecraftforge.fml.loading.moddiscovery.AbstractJarFileDependencyLocator/]: Failed to load resource META-INF/jarjar/metadata.json from CreativeCore_FORGE_v2.12.37_mc1.20.1.jar, it does not contain dependency information.
[03May2026 04:01:58.467] [main/DEBUG] [net.minecraftforge.fml.loading.moddiscovery.AbstractJarFileDependencyLocator/]: Failed to load resource META-INF/jarjar/metadata.json from jei-1.20.1-forge-15.20.0.112.jar, it does not contain dependency information.
[03May2026 04:01:58.467] [main/DEBUG] [net.minecraftforge.fml.loading.moddiscovery.AbstractJarFileDependencyLocator/]: Failed to load resource META-INF/jarjar/metadata.json from lionfishapi-2.7.jar, it does not contain dependency information.
[03May2026 04:01:58.468] [main/DEBUG] [net.minecraftforge.fml.loading.moddiscovery.AbstractJarFileDependencyLocator/]: Failed to load resource META-INF/jarjar/metadata.json from caelus-forge-3.2.0+1.20.1.jar, it does not contain dependency information.
[03May2026 04:01:58.468] [main/DEBUG] [net.minecraftforge.fml.loading.moddiscovery.AbstractJarFileDependencyLocator/]: Failed to load resource META-INF/jarjar/metadata.json from spartantoolkit-1.20.1-1.6.1.jar, it does not contain dependency information.
[03May2026 04:01:58.469] [main/DEBUG] [net.minecraftforge.fml.loading.moddiscovery.AbstractJarFileDependencyLocator/]: Failed to load resource META-INF/jarjar/metadata.json from easy-villagers-forge-1.20.1-1.1.23.jar, it does not contain dependency information.
[03May2026 04:01:58.469] [main/DEBUG] [net.minecraftforge.fml.loading.moddiscovery.AbstractJarFileDependencyLocator/]: Failed to load resource META-INF/jarjar/metadata.json from sophisticatedcore-1.20.1-1.3.30.1809.jar, it does not contain dependency information.
[03May2026 04:01:58.470] [main/DEBUG] [net.minecraftforge.fml.loading.moddiscovery.AbstractJarFileDependencyLocator/]: Failed to load resource META-INF/jarjar/metadata.json from Iceberg-1.20.1-forge-1.1.25.jar, it does not contain dependency information.
[03May2026 04:01:58.470] [main/DEBUG] [net.minecraftforge.fml.loading.moddiscovery.AbstractJarFileDependencyLocator/]: Failed to load resource META-INF/jarjar/metadata.json from curios-forge-5.14.1+1.20.1.jar, it does not contain dependency information.
[03May2026 04:01:58.470] [main/DEBUG] [net.minecraftforge.fml.loading.moddiscovery.AbstractJarFileDependencyLocator/]: Failed to load resource META-INF/jarjar/metadata.json from waystones-forge-1.20.1-14.1.20.jar, it does not contain dependency information.
[03May2026 04:01:58.471] [main/DEBUG] [net.minecraftforge.fml.loading.moddiscovery.AbstractJarFileDependencyLocator/]: Failed to load resource META-INF/jarjar/metadata.json from collective-1.20.1-8.22.jar, it does not contain dependency information.
[03May2026 04:01:58.471] [main/DEBUG] [net.minecraftforge.fml.loading.moddiscovery.AbstractJarFileDependencyLocator/]: Failed to load resource META-INF/jarjar/metadata.json from Searchables-forge-1.20.1-1.0.3.jar, it does not contain dependency information.
[03May2026 04:01:58.472] [main/DEBUG] [net.minecraftforge.fml.loading.moddiscovery.AbstractJarFileDependencyLocator/]: Failed to load resource META-INF/jarjar/metadata.json from Prism-1.20.1-forge-1.0.5.jar, it does not contain dependency information.
[03May2026 04:01:58.472] [main/DEBUG] [net.minecraftforge.fml.loading.moddiscovery.AbstractJarFileDependencyLocator/]: Failed to load resource META-INF/jarjar/metadata.json from citadel-2.6.3-1.20.1.jar, it does not contain dependency information.
[03May2026 04:01:58.473] [main/DEBUG] [net.minecraftforge.fml.loading.moddiscovery.AbstractJarFileDependencyLocator/]: Failed to load resource META-INF/jarjar/metadata.json from NaturesCompass-1.20.1-1.12.0-forge.jar, it does not contain dependency information.
[03May2026 04:01:58.473] [main/DEBUG] [net.minecraftforge.fml.loading.moddiscovery.AbstractJarFileDependencyLocator/]: Failed to load resource META-INF/jarjar/metadata.json from spartanfire-1.20.1-2.1.0.jar, it does not contain dependency information.
[03May2026 04:01:58.474] [main/DEBUG] [net.minecraftforge.fml.loading.moddiscovery.AbstractJarFileDependencyLocator/]: Failed to load resource META-INF/jarjar/metadata.json from sophisticatedbackpacks-1.20.1-3.24.36.1713.jar, it does not contain dependency information.
[03May2026 04:01:58.474] [main/DEBUG] [net.minecraftforge.fml.loading.moddiscovery.AbstractJarFileDependencyLocator/]: Failed to load resource META-INF/jarjar/metadata.json from ExplorersCompass-1.20.1-1.4.0-forge.jar, it does not contain dependency information.
[03May2026 04:01:58.475] [main/DEBUG] [net.minecraftforge.fml.loading.moddiscovery.AbstractJarFileDependencyLocator/]: Failed to load resource META-INF/jarjar/metadata.json from lootr-forge-1.20-0.7.35.94.jar, it does not contain dependency information.
[03May2026 04:01:58.475] [main/DEBUG] [net.minecraftforge.fml.loading.moddiscovery.AbstractJarFileDependencyLocator/]: Failed to load resource META-INF/jarjar/metadata.json from ferritecore-6.0.1-forge.jar, it does not contain dependency information.
[03May2026 04:01:58.475] [main/DEBUG] [net.minecraftforge.fml.loading.moddiscovery.AbstractJarFileDependencyLocator/]: Failed to load resource META-INF/jarjar/metadata.json from iceandfire-2.1.13-1.20.1-beta-5.jar, it does not contain dependency information.
[03May2026 04:01:58.475] [main/DEBUG] [net.minecraftforge.fml.loading.moddiscovery.AbstractJarFileDependencyLocator/]: Failed to load resource META-INF/jarjar/metadata.json from Veinst1.20.1.jar, it does not contain dependency information.
[03May2026 04:01:58.476] [main/DEBUG] [net.minecraftforge.fml.loading.moddiscovery.AbstractJarFileDependencyLocator/]: Failed to load resource META-INF/jarjar/metadata.json from FallingTree-1.20.1-4.3.4.jar, it does not contain dependency information.
[03May2026 04:01:58.477] [main/DEBUG] [net.minecraftforge.fml.loading.moddiscovery.AbstractJarFileDependencyLocator/]: Failed to load resource META-INF/jarjar/metadata.json from cloth-config-11.1.136-forge.jar, it does not contain dependency information.
[03May2026 04:01:58.477] [main/DEBUG] [net.minecraftforge.fml.loading.moddiscovery.AbstractJarFileDependencyLocator/]: Failed to load resource META-INF/jarjar/metadata.json from forge-1.20.1-47.3.7-universal.jar, it does not contain dependency information.
[03May2026 04:01:58.477] [main/DEBUG] [net.minecraftforge.fml.loading.moddiscovery.AbstractJarFileDependencyLocator/]: Failed to load resource META-INF/jarjar/metadata.json from stackrefill-1.20.1-4.9.jar, it does not contain dependency information.
[03May2026 04:01:58.478] [main/DEBUG] [net.minecraftforge.fml.loading.moddiscovery.AbstractJarFileDependencyLocator/]: Failed to load resource META-INF/jarjar/metadata.json from konkrete_forge_1.8.0_MC_1.20-1.20.1.jar, it does not contain dependency information.
[03May2026 04:01:58.478] [main/DEBUG] [net.minecraftforge.fml.loading.moddiscovery.AbstractJarFileDependencyLocator/]: Failed to load resource META-INF/jarjar/metadata.json from mclanguage-1.20.1-47.3.7.jar, it does not contain dependency information.
[03May2026 04:01:58.478] [main/DEBUG] [net.minecraftforge.fml.loading.moddiscovery.AbstractJarFileDependencyLocator/]: Failed to load resource META-INF/jarjar/metadata.json from javafmllanguage-1.20.1-47.3.7.jar, it does not contain dependency information.
[03May2026 04:01:58.479] [main/DEBUG] [net.minecraftforge.fml.loading.moddiscovery.AbstractJarFileDependencyLocator/]: Failed to load resource META-INF/jarjar/metadata.json from fmlcore-1.20.1-47.3.7.jar, it does not contain dependency information.
[03May2026 04:01:58.479] [main/DEBUG] [net.minecraftforge.fml.loading.moddiscovery.AbstractJarFileDependencyLocator/]: Failed to load resource META-INF/jarjar/metadata.json from lowcodelanguage-1.20.1-47.3.7.jar, it does not contain dependency information.
[03May2026 04:01:58.533] [main/DEBUG] [net.minecraftforge.fml.loading.moddiscovery.ModFileParser/LOADING]: Considering mod file candidate 
[03May2026 04:01:58.534] [main/DEBUG] [net.minecraftforge.fml.loading.moddiscovery.ModFileInfo/LOADING]: Found valid mod file kuma-api-forge-20.1.12+1.20.1.jar with {kuma_api} mods - versions {20.1.12}
[03May2026 04:01:58.536] [main/DEBUG] [net.minecraftforge.fml.loading.moddiscovery.ModFileParser/LOADING]: Considering mod file candidate 
[03May2026 04:01:58.536] [main/DEBUG] [net.minecraftforge.fml.loading.moddiscovery.ModFileInfo/LOADING]: Found valid mod file mixinsquared-forge-0.1.2-beta.6.jar with {mixinsquared} mods - versions {0.1.2-beta.6}
[03May2026 04:01:58.558] [main/DEBUG] [net.minecraftforge.fml.loading.moddiscovery.ModFileParser/LOADING]: Considering mod file candidate 
[03May2026 04:01:58.559] [main/DEBUG] [net.minecraftforge.fml.loading.moddiscovery.ModFileInfo/LOADING]: Found valid mod file flywheel-forge-1.20.1-1.0.5.jar with {flywheel} mods - versions {1.0.5}
[03May2026 04:01:58.561] [main/DEBUG] [net.minecraftforge.fml.loading.moddiscovery.ModFileParser/LOADING]: Considering mod file candidate 
[03May2026 04:01:58.562] [main/DEBUG] [net.minecraftforge.fml.loading.moddiscovery.ModFileInfo/LOADING]: Found valid mod file mixinextras-forge-0.4.1.jar with {mixinextras} mods - versions {0.4.1}
[03May2026 04:01:58.574] [main/DEBUG] [net.minecraftforge.fml.loading.moddiscovery.ModFileParser/LOADING]: Considering mod file candidate 
[03May2026 04:01:58.575] [main/DEBUG] [net.minecraftforge.fml.loading.moddiscovery.ModFileInfo/LOADING]: Found valid mod file Ponder-Forge-1.20.1-1.0.91.jar with {ponder} mods - versions {1.0.91}
[03May2026 04:01:58.577] [main/DEBUG] [net.minecraftforge.fml.loading.moddiscovery.ModFileParser/LOADING]: Considering mod file candidate 
[03May2026 04:01:58.578] [main/DEBUG] [net.minecraftforge.fml.loading.moddiscovery.ModFileInfo/LOADING]: Found valid mod file mixinextras-forge-0.3.5.jar with {mixinextras} mods - versions {0.3.5}
[03May2026 04:01:58.580] [main/DEBUG] [net.minecraftforge.fml.loading.moddiscovery.ModFileParser/LOADING]: Considering mod file candidate 
[03May2026 04:01:58.580] [main/DEBUG] [net.minecraftforge.fml.loading.moddiscovery.ModFileInfo/LOADING]: Found valid mod file puzzlesaccessapi-forge-20.1.1.jar with {puzzlesaccessapi} mods - versions {20.1.1}
[03May2026 04:01:58.582] [main/DEBUG] [net.minecraftforge.fml.loading.moddiscovery.ModFileParser/LOADING]: Considering mod file candidate 
[03May2026 04:01:58.582] [main/DEBUG] [net.minecraftforge.fml.loading.moddiscovery.ModFileInfo/LOADING]: Found valid mod file mixinextras-forge-0.4.1.jar with {mixinextras} mods - versions {0.4.1}
[03May2026 04:01:58.618] [main/DEBUG] [net.minecraftforge.fml.loading.moddiscovery.ModFileParser/LOADING]: Considering mod file candidate 
[03May2026 04:01:58.619] [main/DEBUG] [net.minecraftforge.fml.loading.moddiscovery.ModFileInfo/LOADING]: Found valid mod file fabric-api-0.92.2+1.11.12+1.20.1.jar with {fabric_api} mods - versions {0.92.2+1.11.12+1.20.1}
[03May2026 04:01:58.621] [main/DEBUG] [net.minecraftforge.fml.loading.moddiscovery.ModFileParser/LOADING]: Considering mod file candidate 
[03May2026 04:01:58.622] [main/DEBUG] [net.minecraftforge.fml.loading.moddiscovery.ModFileInfo/LOADING]: Found valid mod file mixinextras-forge-0.4.1.jar with {mixinextras} mods - versions {0.4.1}
[03May2026 04:01:58.628] [main/DEBUG] [net.minecraftforge.fml.loading.moddiscovery.ModFileParser/LOADING]: Considering mod file candidate 
[03May2026 04:01:58.629] [main/DEBUG] [net.minecraftforge.fml.loading.moddiscovery.ModFileInfo/LOADING]: Found valid mod file spectrelib-forge-0.13.15+1.20.1.jar with {spectrelib} mods - versions {0.13.15+1.20.1}
[03May2026 04:01:58.639] [main/DEBUG] [net.minecraftforge.fml.loading.moddiscovery.ModFileParser/LOADING]: Considering mod file candidate 
[03May2026 04:01:58.640] [main/DEBUG] [net.minecraftforge.fml.loading.moddiscovery.ModFileInfo/LOADING]: Found valid mod file architectury-forge-9.2.14.jar with {architectury} mods - versions {9.2.14}
[03May2026 04:01:58.640] [main/DEBUG] [net.minecraftforge.fml.loading.moddiscovery.AbstractJarFileDependencyLocator/]: Failed to load resource META-INF/jarjar/metadata.json from kuma-api-forge-20.1.12+1.20.1.jar, it does not contain dependency information.
[03May2026 04:01:58.643] [main/DEBUG] [net.minecraftforge.fml.loading.moddiscovery.AbstractJarFileDependencyLocator/]: Failed to load resource META-INF/jarjar/metadata.json from Registrate-MC1.20-1.3.3.jar, it does not contain dependency information.
[03May2026 04:01:58.643] [main/DEBUG] [net.minecraftforge.fml.loading.moddiscovery.AbstractJarFileDependencyLocator/]: Failed to load resource META-INF/jarjar/metadata.json from flywheel-forge-1.20.1-1.0.5.jar, it does not contain dependency information.
[03May2026 04:01:58.649] [main/DEBUG] [net.minecraftforge.fml.loading.moddiscovery.AbstractJarFileDependencyLocator/]: Failed to load resource META-INF/jarjar/metadata.json from Ponder-Forge-1.20.1-1.0.91.jar, it does not contain dependency information.
[03May2026 04:01:58.655] [main/DEBUG] [net.minecraftforge.fml.loading.moddiscovery.AbstractJarFileDependencyLocator/]: Failed to load resource META-INF/jarjar/metadata.json from puzzlesaccessapi-forge-20.1.1.jar, it does not contain dependency information.
[03May2026 04:01:58.661] [main/DEBUG] [net.minecraftforge.fml.loading.moddiscovery.AbstractJarFileDependencyLocator/]: Failed to load resource META-INF/jarjar/metadata.json from mclib-20.jar, it does not contain dependency information.
[03May2026 04:01:58.681] [main/DEBUG] [net.minecraftforge.fml.loading.moddiscovery.ModFileParser/LOADING]: Considering mod file candidate 
[03May2026 04:01:58.682] [main/DEBUG] [net.minecraftforge.fml.loading.moddiscovery.ModFileInfo/LOADING]: Found valid mod file mixinextras-forge-0.3.5.jar with {mixinextras} mods - versions {0.3.5}
[03May2026 04:01:58.683] [main/DEBUG] [net.minecraftforge.fml.loading.moddiscovery.ModFileParser/LOADING]: Considering mod file candidate 
[03May2026 04:01:58.683] [main/DEBUG] [net.minecraftforge.fml.loading.moddiscovery.ModFileInfo/LOADING]: Found valid mod file fabric-api-base-0.4.31+ef105b4977.jar with {fabric_api_base} mods - versions {0.4.31+ef105b4977}
[03May2026 04:01:58.685] [main/DEBUG] [net.minecraftforge.fml.loading.moddiscovery.ModFileParser/LOADING]: Considering mod file candidate 
[03May2026 04:01:58.686] [main/DEBUG] [net.minecraftforge.fml.loading.moddiscovery.ModFileInfo/LOADING]: Found valid mod file fabric-api-lookup-api-v1-1.6.36+67f9824077.jar with {fabric_api_lookup_api_v1} mods - versions {1.6.36+67f9824077}
[03May2026 04:01:58.688] [main/DEBUG] [net.minecraftforge.fml.loading.moddiscovery.ModFileParser/LOADING]: Considering mod file candidate 
[03May2026 04:01:58.688] [main/DEBUG] [net.minecraftforge.fml.loading.moddiscovery.ModFileInfo/LOADING]: Found valid mod file fabric-biome-api-v1-13.0.13+dc36698e77.jar with {fabric_biome_api_v1} mods - versions {13.0.13+dc36698e77}
[03May2026 04:01:58.690] [main/DEBUG] [net.minecraftforge.fml.loading.moddiscovery.ModFileParser/LOADING]: Considering mod file candidate 
[03May2026 04:01:58.692] [main/DEBUG] [net.minecraftforge.fml.loading.moddiscovery.ModFileInfo/LOADING]: Found valid mod file fabric-block-api-v1-1.0.11+0e6cb7f777.jar with {fabric_block_api_v1} mods - versions {1.0.11+0e6cb7f777}
[03May2026 04:01:58.694] [main/DEBUG] [net.minecraftforge.fml.loading.moddiscovery.ModFileParser/LOADING]: Considering mod file candidate 
[03May2026 04:01:58.698] [main/DEBUG] [net.minecraftforge.fml.loading.moddiscovery.ModFileInfo/LOADING]: Found valid mod file fabric-block-view-api-v2-1.0.1+0767707077.jar with {fabric_block_view_api_v2} mods - versions {1.0.1+0767707077}
[03May2026 04:01:58.699] [main/DEBUG] [net.minecraftforge.fml.loading.moddiscovery.ModFileParser/LOADING]: Considering mod file candidate 
[03May2026 04:01:58.700] [main/DEBUG] [net.minecraftforge.fml.loading.moddiscovery.ModFileInfo/LOADING]: Found valid mod file fabric-blockrenderlayer-v1-1.1.41+1d0da21e77.jar with {fabric_blockrenderlayer_v1} mods - versions {1.1.41+1d0da21e77}
[03May2026 04:01:58.702] [main/DEBUG] [net.minecraftforge.fml.loading.moddiscovery.ModFileParser/LOADING]: Considering mod file candidate 
[03May2026 04:01:58.704] [main/DEBUG] [net.minecraftforge.fml.loading.moddiscovery.ModFileInfo/LOADING]: Found valid mod file fabric-client-tags-api-v1-1.1.2+5d6761b877.jar with {fabric_client_tags_api_v1} mods - versions {1.1.2+5d6761b877}
[03May2026 04:01:58.707] [main/DEBUG] [net.minecraftforge.fml.loading.moddiscovery.ModFileParser/LOADING]: Considering mod file candidate 
[03May2026 04:01:58.708] [main/DEBUG] [net.minecraftforge.fml.loading.moddiscovery.ModFileInfo/LOADING]: Found valid mod file fabric-command-api-v2-2.2.13+561530ec77.jar with {fabric_command_api_v2} mods - versions {2.2.13+561530ec77}
[03May2026 04:01:58.713] [main/DEBUG] [net.minecraftforge.fml.loading.moddiscovery.ModFileParser/LOADING]: Considering mod file candidate 
[03May2026 04:01:58.714] [main/DEBUG] [net.minecraftforge.fml.loading.moddiscovery.ModFileInfo/LOADING]: Found valid mod file fabric-content-registries-v0-4.0.11+a670df1e77.jar with {fabric_content_registries_v0} mods - versions {4.0.11+a670df1e77}
[03May2026 04:01:58.718] [main/DEBUG] [net.minecraftforge.fml.loading.moddiscovery.ModFileParser/LOADING]: Considering mod file candidate 
[03May2026 04:01:58.720] [main/DEBUG] [net.minecraftforge.fml.loading.moddiscovery.ModFileInfo/LOADING]: Found valid mod file fabric-convention-tags-v1-1.5.5+fa3d1c0177.jar with {fabric_convention_tags_v1} mods - versions {1.5.5+fa3d1c0177}
[03May2026 04:01:58.722] [main/DEBUG] [net.minecraftforge.fml.loading.moddiscovery.ModFileParser/LOADING]: Considering mod file candidate 
[03May2026 04:01:58.723] [main/DEBUG] [net.minecraftforge.fml.loading.moddiscovery.ModFileInfo/LOADING]: Found valid mod file fabric-data-attachment-api-v1-1.0.0+30ef839e77.jar with {fabric_data_attachment_api_v1} mods - versions {1.0.0+30ef839e77}
[03May2026 04:01:58.728] [main/DEBUG] [net.minecraftforge.fml.loading.moddiscovery.ModFileParser/LOADING]: Considering mod file candidate 
[03May2026 04:01:58.729] [main/DEBUG] [net.minecraftforge.fml.loading.moddiscovery.ModFileInfo/LOADING]: Found valid mod file fabric-data-generation-api-v1-12.3.4+369cb3a477.jar with {fabric_data_generation_api_v1} mods - versions {12.3.4+369cb3a477}
[03May2026 04:01:58.732] [main/DEBUG] [net.minecraftforge.fml.loading.moddiscovery.ModFileParser/LOADING]: Considering mod file candidate 
[03May2026 04:01:58.733] [main/DEBUG] [net.minecraftforge.fml.loading.moddiscovery.ModFileInfo/LOADING]: Found valid mod file fabric-dimensions-v1-2.1.54+8005d10d77.jar with {fabric_dimensions_v1} mods - versions {2.1.54+8005d10d77}
[03May2026 04:01:58.736] [main/DEBUG] [net.minecraftforge.fml.loading.moddiscovery.ModFileParser/LOADING]: Considering mod file candidate 
[03May2026 04:01:58.737] [main/DEBUG] [net.minecraftforge.fml.loading.moddiscovery.ModFileInfo/LOADING]: Found valid mod file fabric-entity-events-v1-1.6.0+4ca7515277.jar with {fabric_entity_events_v1} mods - versions {1.6.0+4ca7515277}
[03May2026 04:01:58.741] [main/DEBUG] [net.minecraftforge.fml.loading.moddiscovery.ModFileParser/LOADING]: Considering mod file candidate 
[03May2026 04:01:58.741] [main/DEBUG] [net.minecraftforge.fml.loading.moddiscovery.ModFileInfo/LOADING]: Found valid mod file fabric-events-interaction-v0-0.6.2+0d0bd5a777.jar with {fabric_events_interaction_v0} mods - versions {0.6.2+0d0bd5a777}
[03May2026 04:01:58.743] [main/DEBUG] [net.minecraftforge.fml.loading.moddiscovery.ModFileParser/LOADING]: Considering mod file candidate 
[03May2026 04:01:58.745] [main/DEBUG] [net.minecraftforge.fml.loading.moddiscovery.ModFileInfo/LOADING]: Found valid mod file fabric-game-rule-api-v1-1.0.40+683d4da877.jar with {fabric_game_rule_api_v1} mods - versions {1.0.40+683d4da877}
[03May2026 04:01:58.747] [main/DEBUG] [net.minecraftforge.fml.loading.moddiscovery.ModFileParser/LOADING]: Considering mod file candidate 
[03May2026 04:01:58.748] [main/DEBUG] [net.minecraftforge.fml.loading.moddiscovery.ModFileInfo/LOADING]: Found valid mod file fabric-item-api-v1-2.1.28+4d0bbcfa77.jar with {fabric_item_api_v1} mods - versions {2.1.28+4d0bbcfa77}
[03May2026 04:01:58.752] [main/DEBUG] [net.minecraftforge.fml.loading.moddiscovery.ModFileParser/LOADING]: Considering mod file candidate 
[03May2026 04:01:58.753] [main/DEBUG] [net.minecraftforge.fml.loading.moddiscovery.ModFileInfo/LOADING]: Found valid mod file fabric-item-group-api-v1-4.0.12+c9161c2d77.jar with {fabric_item_group_api_v1} mods - versions {4.0.12+c9161c2d77}
[03May2026 04:01:58.756] [main/DEBUG] [net.minecraftforge.fml.loading.moddiscovery.ModFileParser/LOADING]: Considering mod file candidate 
[03May2026 04:01:58.757] [main/DEBUG] [net.minecraftforge.fml.loading.moddiscovery.ModFileInfo/LOADING]: Found valid mod file fabric-key-binding-api-v1-1.0.37+561530ec77.jar with {fabric_key_binding_api_v1} mods - versions {1.0.37+561530ec77}
[03May2026 04:01:58.762] [main/DEBUG] [net.minecraftforge.fml.loading.moddiscovery.ModFileParser/LOADING]: Considering mod file candidate 
[03May2026 04:01:58.764] [main/DEBUG] [net.minecraftforge.fml.loading.moddiscovery.ModFileInfo/LOADING]: Found valid mod file fabric-lifecycle-events-v1-2.2.22+afab492177.jar with {fabric_lifecycle_events_v1} mods - versions {2.2.22+afab492177}
[03May2026 04:01:58.766] [main/DEBUG] [net.minecraftforge.fml.loading.moddiscovery.ModFileParser/LOADING]: Considering mod file candidate 
[03May2026 04:01:58.766] [main/DEBUG] [net.minecraftforge.fml.loading.moddiscovery.ModFileInfo/LOADING]: Found valid mod file fabric-loot-api-v2-1.2.1+eb28f93e77.jar with {fabric_loot_api_v2} mods - versions {1.2.1+eb28f93e77}
[03May2026 04:01:58.775] [main/DEBUG] [net.minecraftforge.fml.loading.moddiscovery.ModFileParser/LOADING]: Considering mod file candidate 
[03May2026 04:01:58.776] [main/DEBUG] [net.minecraftforge.fml.loading.moddiscovery.ModFileInfo/LOADING]: Found valid mod file fabric-message-api-v1-5.1.9+52cc178c77.jar with {fabric_message_api_v1} mods - versions {5.1.9+52cc178c77}
[03May2026 04:01:58.778] [main/DEBUG] [net.minecraftforge.fml.loading.moddiscovery.ModFileParser/LOADING]: Considering mod file candidate 
[03May2026 04:01:58.780] [main/DEBUG] [net.minecraftforge.fml.loading.moddiscovery.ModFileInfo/LOADING]: Found valid mod file fabric-mining-level-api-v1-2.1.50+561530ec77.jar with {fabric_mining_level_api_v1} mods - versions {2.1.50+561530ec77}
[03May2026 04:01:58.784] [main/DEBUG] [net.minecraftforge.fml.loading.moddiscovery.ModFileParser/LOADING]: Considering mod file candidate 
[03May2026 04:01:58.785] [main/DEBUG] [net.minecraftforge.fml.loading.moddiscovery.ModFileInfo/LOADING]: Found valid mod file fabric-model-loading-api-v1-1.0.3+6274ab9d77.jar with {fabric_model_loading_api_v1} mods - versions {1.0.3+6274ab9d77}
[03May2026 04:01:58.788] [main/DEBUG] [net.minecraftforge.fml.loading.moddiscovery.ModFileParser/LOADING]: Considering mod file candidate 
[03May2026 04:01:58.790] [main/DEBUG] [net.minecraftforge.fml.loading.moddiscovery.ModFileInfo/LOADING]: Found valid mod file fabric-networking-api-v1-1.3.11+503a202477.jar with {fabric_networking_api_v1} mods - versions {1.3.11+503a202477}
[03May2026 04:01:58.793] [main/DEBUG] [net.minecraftforge.fml.loading.moddiscovery.ModFileParser/LOADING]: Considering mod file candidate 
[03May2026 04:01:58.794] [main/DEBUG] [net.minecraftforge.fml.loading.moddiscovery.ModFileInfo/LOADING]: Found valid mod file fabric-object-builder-api-v1-11.1.3+4bd998fa77.jar with {fabric_object_builder_api_v1} mods - versions {11.1.3+4bd998fa77}
[03May2026 04:01:58.798] [main/DEBUG] [net.minecraftforge.fml.loading.moddiscovery.ModFileParser/LOADING]: Considering mod file candidate 
[03May2026 04:01:58.798] [main/DEBUG] [net.minecraftforge.fml.loading.moddiscovery.ModFileInfo/LOADING]: Found valid mod file fabric-particles-v1-1.1.2+78e1ecb877.jar with {fabric_particles_v1} mods - versions {1.1.2+78e1ecb877}
[03May2026 04:01:58.801] [main/DEBUG] [net.minecraftforge.fml.loading.moddiscovery.ModFileParser/LOADING]: Considering mod file candidate 
[03May2026 04:01:58.802] [main/DEBUG] [net.minecraftforge.fml.loading.moddiscovery.ModFileInfo/LOADING]: Found valid mod file fabric-recipe-api-v1-1.0.21+514a076577.jar with {fabric_recipe_api_v1} mods - versions {1.0.21+514a076577}
[03May2026 04:01:58.804] [main/DEBUG] [net.minecraftforge.fml.loading.moddiscovery.ModFileParser/LOADING]: Considering mod file candidate 
[03May2026 04:01:58.804] [main/DEBUG] [net.minecraftforge.fml.loading.moddiscovery.ModFileInfo/LOADING]: Found valid mod file fabric-registry-sync-v0-2.3.3+1c0ea72177.jar with {fabric_registry_sync_v0} mods - versions {2.3.3+1c0ea72177}
[03May2026 04:01:58.807] [main/DEBUG] [net.minecraftforge.fml.loading.moddiscovery.ModFileParser/LOADING]: Considering mod file candidate 
[03May2026 04:01:58.807] [main/DEBUG] [net.minecraftforge.fml.loading.moddiscovery.ModFileInfo/LOADING]: Found valid mod file fabric-renderer-api-v1-3.2.1+cf68abbe77.jar with {fabric_renderer_api_v1} mods - versions {3.2.1+cf68abbe77}
[03May2026 04:01:58.815] [main/DEBUG] [net.minecraftforge.fml.loading.moddiscovery.ModFileParser/LOADING]: Considering mod file candidate 
[03May2026 04:01:58.816] [main/DEBUG] [net.minecraftforge.fml.loading.moddiscovery.ModFileInfo/LOADING]: Found valid mod file fabric-renderer-indigo-1.5.2+b5b2da4177.jar with {fabric_renderer_indigo} mods - versions {1.5.2+b5b2da4177}
[03May2026 04:01:58.818] [main/DEBUG] [net.minecraftforge.fml.loading.moddiscovery.ModFileParser/LOADING]: Considering mod file candidate 
[03May2026 04:01:58.819] [main/DEBUG] [net.minecraftforge.fml.loading.moddiscovery.ModFileInfo/LOADING]: Found valid mod file fabric-rendering-fluids-v1-3.0.28+4ac5e37a77.jar with {fabric_rendering_fluids_v1} mods - versions {3.0.28+4ac5e37a77}
[03May2026 04:01:58.821] [main/DEBUG] [net.minecraftforge.fml.loading.moddiscovery.ModFileParser/LOADING]: Considering mod file candidate 
[03May2026 04:01:58.823] [main/DEBUG] [net.minecraftforge.fml.loading.moddiscovery.ModFileInfo/LOADING]: Found valid mod file fabric-rendering-v1-3.0.8+66e9a48f77.jar with {fabric_rendering_v1} mods - versions {3.0.8+66e9a48f77}
[03May2026 04:01:58.826] [main/DEBUG] [net.minecraftforge.fml.loading.moddiscovery.ModFileParser/LOADING]: Considering mod file candidate 
[03May2026 04:01:58.827] [main/DEBUG] [net.minecraftforge.fml.loading.moddiscovery.ModFileInfo/LOADING]: Found valid mod file fabric-resource-conditions-api-v1-2.3.8+9e342fc177.jar with {fabric_resource_conditions_api_v1} mods - versions {2.3.8+9e342fc177}
[03May2026 04:01:58.831] [main/DEBUG] [net.minecraftforge.fml.loading.moddiscovery.ModFileParser/LOADING]: Considering mod file candidate 
[03May2026 04:01:58.832] [main/DEBUG] [net.minecraftforge.fml.loading.moddiscovery.ModFileInfo/LOADING]: Found valid mod file fabric-resource-loader-v0-0.11.10+bcd08ed377.jar with {fabric_resource_loader_v0} mods - versions {0.11.10+bcd08ed377}
[03May2026 04:01:58.834] [main/DEBUG] [net.minecraftforge.fml.loading.moddiscovery.ModFileParser/LOADING]: Considering mod file candidate 
[03May2026 04:01:58.835] [main/DEBUG] [net.minecraftforge.fml.loading.moddiscovery.ModFileInfo/LOADING]: Found valid mod file fabric-screen-api-v1-2.0.8+45a670a577.jar with {fabric_screen_api_v1} mods - versions {2.0.8+45a670a577}
[03May2026 04:01:58.837] [main/DEBUG] [net.minecraftforge.fml.loading.moddiscovery.ModFileParser/LOADING]: Considering mod file candidate 
[03May2026 04:01:58.838] [main/DEBUG] [net.minecraftforge.fml.loading.moddiscovery.ModFileInfo/LOADING]: Found valid mod file fabric-screen-handler-api-v1-1.3.30+561530ec77.jar with {fabric_screen_handler_api_v1} mods - versions {1.3.30+561530ec77}
[03May2026 04:01:58.839] [main/DEBUG] [net.minecraftforge.fml.loading.moddiscovery.ModFileParser/LOADING]: Considering mod file candidate 
[03May2026 04:01:58.839] [main/DEBUG] [net.minecraftforge.fml.loading.moddiscovery.ModFileInfo/LOADING]: Found valid mod file fabric-sound-api-v1-1.0.13+4f23bd8477.jar with {fabric_sound_api_v1} mods - versions {1.0.13+4f23bd8477}
[03May2026 04:01:58.851] [main/DEBUG] [net.minecraftforge.fml.loading.moddiscovery.ModFileParser/LOADING]: Considering mod file candidate 
[03May2026 04:01:58.855] [main/DEBUG] [net.minecraftforge.fml.loading.moddiscovery.ModFileInfo/LOADING]: Found valid mod file fabric-transfer-api-v1-3.3.5+631c9cd677.jar with {fabric_transfer_api_v1} mods - versions {3.3.5+631c9cd677}
[03May2026 04:01:58.859] [main/DEBUG] [net.minecraftforge.fml.loading.moddiscovery.ModFileParser/LOADING]: Considering mod file candidate 
[03May2026 04:01:58.861] [main/DEBUG] [net.minecraftforge.fml.loading.moddiscovery.ModFileInfo/LOADING]: Found valid mod file fabric-transitive-access-wideners-v1-4.3.1+1880499877.jar with {fabric_transitive_access_wideners_v1} mods - versions {4.3.1+1880499877}
[03May2026 04:01:58.863] [main/DEBUG] [net.minecraftforge.fml.loading.moddiscovery.ModFileParser/LOADING]: Considering mod file candidate 
[03May2026 04:01:58.864] [main/DEBUG] [net.minecraftforge.fml.loading.moddiscovery.ModFileInfo/LOADING]: Found valid mod file fabric-command-api-v1-1.2.34+f71b366f77.jar with {fabric_command_api_v1} mods - versions {1.2.34+f71b366f77}
[03May2026 04:01:58.866] [main/DEBUG] [net.minecraftforge.fml.loading.moddiscovery.ModFileParser/LOADING]: Considering mod file candidate 
[03May2026 04:01:58.866] [main/DEBUG] [net.minecraftforge.fml.loading.moddiscovery.ModFileInfo/LOADING]: Found valid mod file fabric-models-v0-0.4.2+7c3892a477.jar with {fabric_models_v0} mods - versions {0.4.2+7c3892a477}
[03May2026 04:01:58.867] [main/DEBUG] [net.minecraftforge.fml.loading.moddiscovery.ModFileParser/LOADING]: Considering mod file candidate 
[03May2026 04:01:58.867] [main/DEBUG] [net.minecraftforge.fml.loading.moddiscovery.ModFileInfo/LOADING]: Found valid mod file fabric-rendering-data-attachment-v1-0.3.37+a6081afc77.jar with {fabric_rendering_data_attachment_v1} mods - versions {0.3.37+a6081afc77}
[03May2026 04:01:58.889] [main/DEBUG] [net.minecraftforge.fml.loading.moddiscovery.AbstractJarFileDependencyLocator/]: Failed to load resource META-INF/jarjar/metadata.json from spectrelib-forge-0.13.15+1.20.1.jar, it does not contain dependency information.
[03May2026 04:01:58.890] [main/DEBUG] [net.minecraftforge.fml.loading.moddiscovery.AbstractJarFileDependencyLocator/]: Failed to load resource META-INF/jarjar/metadata.json from architectury-forge-9.2.14.jar, it does not contain dependency information.
[03May2026 04:01:58.890] [main/DEBUG] [net.minecraftforge.fml.loading.moddiscovery.AbstractJarFileDependencyLocator/]: Failed to load resource META-INF/jarjar/metadata.json from MixinSquared-0.1.2-beta.6.jar, it does not contain dependency information.
[03May2026 04:01:58.890] [main/DEBUG] [net.minecraftforge.fml.loading.moddiscovery.AbstractJarFileDependencyLocator/]: Failed to load resource META-INF/jarjar/metadata.json from MixinExtras-0.4.1.jar, it does not contain dependency information.
[03May2026 04:01:58.890] [main/DEBUG] [net.minecraftforge.fml.loading.moddiscovery.AbstractJarFileDependencyLocator/]: Failed to load resource META-INF/jarjar/metadata.json from MixinExtras-0.3.5.jar, it does not contain dependency information.
[03May2026 04:01:58.890] [main/DEBUG] [net.minecraftforge.fml.loading.moddiscovery.AbstractJarFileDependencyLocator/]: Failed to load resource META-INF/jarjar/metadata.json from MixinExtras-0.4.1.jar, it does not contain dependency information.
[03May2026 04:01:58.891] [main/DEBUG] [net.minecraftforge.fml.loading.moddiscovery.AbstractJarFileDependencyLocator/]: Failed to load resource META-INF/jarjar/metadata.json from fabric-loader-2.6.0+0.15.0+1.20.1-full.jar, it does not contain dependency information.
[03May2026 04:01:58.897] [main/DEBUG] [net.minecraftforge.fml.loading.moddiscovery.AbstractJarFileDependencyLocator/]: Failed to load resource META-INF/jarjar/metadata.json from fabric-api-base-0.4.31+ef105b4977.jar, it does not contain dependency information.
[03May2026 04:01:58.897] [main/DEBUG] [net.minecraftforge.fml.loading.moddiscovery.AbstractJarFileDependencyLocator/]: Failed to load resource META-INF/jarjar/metadata.json from fabric-api-lookup-api-v1-1.6.36+67f9824077.jar, it does not contain dependency information.
[03May2026 04:01:58.898] [main/DEBUG] [net.minecraftforge.fml.loading.moddiscovery.AbstractJarFileDependencyLocator/]: Failed to load resource META-INF/jarjar/metadata.json from fabric-biome-api-v1-13.0.13+dc36698e77.jar, it does not contain dependency information.
[03May2026 04:01:58.898] [main/DEBUG] [net.minecraftforge.fml.loading.moddiscovery.AbstractJarFileDependencyLocator/]: Failed to load resource META-INF/jarjar/metadata.json from fabric-block-api-v1-1.0.11+0e6cb7f777.jar, it does not contain dependency information.
[03May2026 04:01:58.898] [main/DEBUG] [net.minecraftforge.fml.loading.moddiscovery.AbstractJarFileDependencyLocator/]: Failed to load resource META-INF/jarjar/metadata.json from fabric-block-view-api-v2-1.0.1+0767707077.jar, it does not contain dependency information.
[03May2026 04:01:58.898] [main/DEBUG] [net.minecraftforge.fml.loading.moddiscovery.AbstractJarFileDependencyLocator/]: Failed to load resource META-INF/jarjar/metadata.json from fabric-blockrenderlayer-v1-1.1.41+1d0da21e77.jar, it does not contain dependency information.
[03May2026 04:01:58.898] [main/DEBUG] [net.minecraftforge.fml.loading.moddiscovery.AbstractJarFileDependencyLocator/]: Failed to load resource META-INF/jarjar/metadata.json from fabric-client-tags-api-v1-1.1.2+5d6761b877.jar, it does not contain dependency information.
[03May2026 04:01:58.899] [main/DEBUG] [net.minecraftforge.fml.loading.moddiscovery.AbstractJarFileDependencyLocator/]: Failed to load resource META-INF/jarjar/metadata.json from fabric-command-api-v2-2.2.13+561530ec77.jar, it does not contain dependency information.
[03May2026 04:01:58.899] [main/DEBUG] [net.minecraftforge.fml.loading.moddiscovery.AbstractJarFileDependencyLocator/]: Failed to load resource META-INF/jarjar/metadata.json from fabric-content-registries-v0-4.0.11+a670df1e77.jar, it does not contain dependency information.
[03May2026 04:01:58.899] [main/DEBUG] [net.minecraftforge.fml.loading.moddiscovery.AbstractJarFileDependencyLocator/]: Failed to load resource META-INF/jarjar/metadata.json from fabric-convention-tags-v1-1.5.5+fa3d1c0177.jar, it does not contain dependency information.
[03May2026 04:01:58.899] [main/DEBUG] [net.minecraftforge.fml.loading.moddiscovery.AbstractJarFileDependencyLocator/]: Failed to load resource META-INF/jarjar/metadata.json from fabric-data-attachment-api-v1-1.0.0+30ef839e77.jar, it does not contain dependency information.
[03May2026 04:01:58.899] [main/DEBUG] [net.minecraftforge.fml.loading.moddiscovery.AbstractJarFileDependencyLocator/]: Failed to load resource META-INF/jarjar/metadata.json from fabric-data-generation-api-v1-12.3.4+369cb3a477.jar, it does not contain dependency information.
[03May2026 04:01:58.899] [main/DEBUG] [net.minecraftforge.fml.loading.moddiscovery.AbstractJarFileDependencyLocator/]: Failed to load resource META-INF/jarjar/metadata.json from fabric-dimensions-v1-2.1.54+8005d10d77.jar, it does not contain dependency information.
[03May2026 04:01:58.900] [main/DEBUG] [net.minecraftforge.fml.loading.moddiscovery.AbstractJarFileDependencyLocator/]: Failed to load resource META-INF/jarjar/metadata.json from fabric-entity-events-v1-1.6.0+4ca7515277.jar, it does not contain dependency information.
[03May2026 04:01:58.900] [main/DEBUG] [net.minecraftforge.fml.loading.moddiscovery.AbstractJarFileDependencyLocator/]: Failed to load resource META-INF/jarjar/metadata.json from fabric-events-interaction-v0-0.6.2+0d0bd5a777.jar, it does not contain dependency information.
[03May2026 04:01:58.900] [main/DEBUG] [net.minecraftforge.fml.loading.moddiscovery.AbstractJarFileDependencyLocator/]: Failed to load resource META-INF/jarjar/metadata.json from fabric-game-rule-api-v1-1.0.40+683d4da877.jar, it does not contain dependency information.
[03May2026 04:01:58.900] [main/DEBUG] [net.minecraftforge.fml.loading.moddiscovery.AbstractJarFileDependencyLocator/]: Failed to load resource META-INF/jarjar/metadata.json from fabric-item-api-v1-2.1.28+4d0bbcfa77.jar, it does not contain dependency information.
[03May2026 04:01:58.900] [main/DEBUG] [net.minecraftforge.fml.loading.moddiscovery.AbstractJarFileDependencyLocator/]: Failed to load resource META-INF/jarjar/metadata.json from fabric-item-group-api-v1-4.0.12+c9161c2d77.jar, it does not contain dependency information.
[03May2026 04:01:58.900] [main/DEBUG] [net.minecraftforge.fml.loading.moddiscovery.AbstractJarFileDependencyLocator/]: Failed to load resource META-INF/jarjar/metadata.json from fabric-key-binding-api-v1-1.0.37+561530ec77.jar, it does not contain dependency information.
[03May2026 04:01:58.900] [main/DEBUG] [net.minecraftforge.fml.loading.moddiscovery.AbstractJarFileDependencyLocator/]: Failed to load resource META-INF/jarjar/metadata.json from fabric-lifecycle-events-v1-2.2.22+afab492177.jar, it does not contain dependency information.
[03May2026 04:01:58.901] [main/DEBUG] [net.minecraftforge.fml.loading.moddiscovery.AbstractJarFileDependencyLocator/]: Failed to load resource META-INF/jarjar/metadata.json from fabric-loot-api-v2-1.2.1+eb28f93e77.jar, it does not contain dependency information.
[03May2026 04:01:58.901] [main/DEBUG] [net.minecraftforge.fml.loading.moddiscovery.AbstractJarFileDependencyLocator/]: Failed to load resource META-INF/jarjar/metadata.json from fabric-message-api-v1-5.1.9+52cc178c77.jar, it does not contain dependency information.
[03May2026 04:01:58.901] [main/DEBUG] [net.minecraftforge.fml.loading.moddiscovery.AbstractJarFileDependencyLocator/]: Failed to load resource META-INF/jarjar/metadata.json from fabric-mining-level-api-v1-2.1.50+561530ec77.jar, it does not contain dependency information.
[03May2026 04:01:58.901] [main/DEBUG] [net.minecraftforge.fml.loading.moddiscovery.AbstractJarFileDependencyLocator/]: Failed to load resource META-INF/jarjar/metadata.json from fabric-model-loading-api-v1-1.0.3+6274ab9d77.jar, it does not contain dependency information.
[03May2026 04:01:58.901] [main/DEBUG] [net.minecraftforge.fml.loading.moddiscovery.AbstractJarFileDependencyLocator/]: Failed to load resource META-INF/jarjar/metadata.json from fabric-networking-api-v1-1.3.11+503a202477.jar, it does not contain dependency information.
[03May2026 04:01:58.901] [main/DEBUG] [net.minecraftforge.fml.loading.moddiscovery.AbstractJarFileDependencyLocator/]: Failed to load resource META-INF/jarjar/metadata.json from fabric-object-builder-api-v1-11.1.3+4bd998fa77.jar, it does not contain dependency information.
[03May2026 04:01:58.902] [main/DEBUG] [net.minecraftforge.fml.loading.moddiscovery.AbstractJarFileDependencyLocator/]: Failed to load resource META-INF/jarjar/metadata.json from fabric-particles-v1-1.1.2+78e1ecb877.jar, it does not contain dependency information.
[03May2026 04:01:58.902] [main/DEBUG] [net.minecraftforge.fml.loading.moddiscovery.AbstractJarFileDependencyLocator/]: Failed to load resource META-INF/jarjar/metadata.json from fabric-recipe-api-v1-1.0.21+514a076577.jar, it does not contain dependency information.
[03May2026 04:01:58.902] [main/DEBUG] [net.minecraftforge.fml.loading.moddiscovery.AbstractJarFileDependencyLocator/]: Failed to load resource META-INF/jarjar/metadata.json from fabric-registry-sync-v0-2.3.3+1c0ea72177.jar, it does not contain dependency information.
[03May2026 04:01:58.902] [main/DEBUG] [net.minecraftforge.fml.loading.moddiscovery.AbstractJarFileDependencyLocator/]: Failed to load resource META-INF/jarjar/metadata.json from fabric-renderer-api-v1-3.2.1+cf68abbe77.jar, it does not contain dependency information.
[03May2026 04:01:58.902] [main/DEBUG] [net.minecraftforge.fml.loading.moddiscovery.AbstractJarFileDependencyLocator/]: Failed to load resource META-INF/jarjar/metadata.json from fabric-renderer-indigo-1.5.2+b5b2da4177.jar, it does not contain dependency information.
[03May2026 04:01:58.902] [main/DEBUG] [net.minecraftforge.fml.loading.moddiscovery.AbstractJarFileDependencyLocator/]: Failed to load resource META-INF/jarjar/metadata.json from fabric-rendering-fluids-v1-3.0.28+4ac5e37a77.jar, it does not contain dependency information.
[03May2026 04:01:58.903] [main/DEBUG] [net.minecraftforge.fml.loading.moddiscovery.AbstractJarFileDependencyLocator/]: Failed to load resource META-INF/jarjar/metadata.json from fabric-rendering-v1-3.0.8+66e9a48f77.jar, it does not contain dependency information.
[03May2026 04:01:58.903] [main/DEBUG] [net.minecraftforge.fml.loading.moddiscovery.AbstractJarFileDependencyLocator/]: Failed to load resource META-INF/jarjar/metadata.json from fabric-resource-conditions-api-v1-2.3.8+9e342fc177.jar, it does not contain dependency information.
[03May2026 04:01:58.903] [main/DEBUG] [net.minecraftforge.fml.loading.moddiscovery.AbstractJarFileDependencyLocator/]: Failed to load resource META-INF/jarjar/metadata.json from fabric-resource-loader-v0-0.11.10+bcd08ed377.jar, it does not contain dependency information.
[03May2026 04:01:58.903] [main/DEBUG] [net.minecraftforge.fml.loading.moddiscovery.AbstractJarFileDependencyLocator/]: Failed to load resource META-INF/jarjar/metadata.json from fabric-screen-api-v1-2.0.8+45a670a577.jar, it does not contain dependency information.
[03May2026 04:01:58.903] [main/DEBUG] [net.minecraftforge.fml.loading.moddiscovery.AbstractJarFileDependencyLocator/]: Failed to load resource META-INF/jarjar/metadata.json from fabric-screen-handler-api-v1-1.3.30+561530ec77.jar, it does not contain dependency information.
[03May2026 04:01:58.903] [main/DEBUG] [net.minecraftforge.fml.loading.moddiscovery.AbstractJarFileDependencyLocator/]: Failed to load resource META-INF/jarjar/metadata.json from fabric-sound-api-v1-1.0.13+4f23bd8477.jar, it does not contain dependency information.
[03May2026 04:01:58.904] [main/DEBUG] [net.minecraftforge.fml.loading.moddiscovery.AbstractJarFileDependencyLocator/]: Failed to load resource META-INF/jarjar/metadata.json from fabric-transfer-api-v1-3.3.5+631c9cd677.jar, it does not contain dependency information.
[03May2026 04:01:58.904] [main/DEBUG] [net.minecraftforge.fml.loading.moddiscovery.AbstractJarFileDependencyLocator/]: Failed to load resource META-INF/jarjar/metadata.json from fabric-transitive-access-wideners-v1-4.3.1+1880499877.jar, it does not contain dependency information.
[03May2026 04:01:58.904] [main/DEBUG] [net.minecraftforge.fml.loading.moddiscovery.AbstractJarFileDependencyLocator/]: Failed to load resource META-INF/jarjar/metadata.json from fabric-command-api-v1-1.2.34+f71b366f77.jar, it does not contain dependency information.
[03May2026 04:01:58.904] [main/DEBUG] [net.minecraftforge.fml.loading.moddiscovery.AbstractJarFileDependencyLocator/]: Failed to load resource META-INF/jarjar/metadata.json from fabric-models-v0-0.4.2+7c3892a477.jar, it does not contain dependency information.
[03May2026 04:01:58.904] [main/DEBUG] [net.minecraftforge.fml.loading.moddiscovery.AbstractJarFileDependencyLocator/]: Failed to load resource META-INF/jarjar/metadata.json from fabric-rendering-data-attachment-v1-0.3.37+a6081afc77.jar, it does not contain dependency information.
[03May2026 04:01:58.904] [main/DEBUG] [net.minecraftforge.fml.loading.moddiscovery.AbstractJarFileDependencyLocator/]: Failed to load resource META-INF/jarjar/metadata.json from MixinExtras-0.4.1.jar, it does not contain dependency information.
[03May2026 04:01:58.905] [main/DEBUG] [net.minecraftforge.fml.loading.moddiscovery.AbstractJarFileDependencyLocator/]: Failed to load resource META-INF/jarjar/metadata.json from MixinExtras-0.5.3.jar, it does not contain dependency information.
[03May2026 04:01:58.905] [main/DEBUG] [net.minecraftforge.fml.loading.moddiscovery.AbstractJarFileDependencyLocator/]: Failed to load resource META-INF/jarjar/metadata.json from MixinExtras-0.3.5.jar, it does not contain dependency information.
[03May2026 04:01:58.932] [main/DEBUG] [net.minecraftforge.fml.loading.moddiscovery.ModFileParser/LOADING]: Considering mod file candidate 
[03May2026 04:01:58.933] [main/DEBUG] [net.minecraftforge.fml.loading.moddiscovery.ModFileInfo/LOADING]: Found valid mod file puzzlesaccessapi-forge-20.1.1.jar with {puzzlesaccessapi} mods - versions {20.1.1}
[03May2026 04:01:58.939] [main/DEBUG] [net.minecraftforge.fml.loading.moddiscovery.ModFileParser/LOADING]: Considering mod file candidate 
[03May2026 04:01:58.940] [main/DEBUG] [net.minecraftforge.fml.loading.moddiscovery.ModFileInfo/LOADING]: Found valid mod file architectury-forge-9.2.14.jar with {architectury} mods - versions {9.2.14}
[03May2026 04:01:58.941] [main/DEBUG] [net.minecraftforge.fml.loading.moddiscovery.ModFileParser/LOADING]: Considering mod file candidate 
[03May2026 04:01:58.942] [main/DEBUG] [net.minecraftforge.fml.loading.moddiscovery.ModFileInfo/LOADING]: Found valid mod file fabric-api-lookup-api-v1-1.6.36+67f9824077.jar with {fabric_api_lookup_api_v1} mods - versions {1.6.36+67f9824077}
[03May2026 04:01:58.943] [main/DEBUG] [net.minecraftforge.fml.loading.moddiscovery.ModFileParser/LOADING]: Considering mod file candidate 
[03May2026 04:01:58.943] [main/DEBUG] [net.minecraftforge.fml.loading.moddiscovery.ModFileInfo/LOADING]: Found valid mod file fabric-command-api-v2-2.2.13+561530ec77.jar with {fabric_command_api_v2} mods - versions {2.2.13+561530ec77}
[03May2026 04:01:58.944] [main/DEBUG] [net.minecraftforge.fml.loading.moddiscovery.ModFileParser/LOADING]: Considering mod file candidate 
[03May2026 04:01:58.945] [main/DEBUG] [net.minecraftforge.fml.loading.moddiscovery.ModFileInfo/LOADING]: Found valid mod file fabric-rendering-data-attachment-v1-0.3.37+a6081afc77.jar with {fabric_rendering_data_attachment_v1} mods - versions {0.3.37+a6081afc77}
[03May2026 04:01:58.946] [main/DEBUG] [net.minecraftforge.fml.loading.moddiscovery.ModFileParser/LOADING]: Considering mod file candidate 
[03May2026 04:01:58.946] [main/DEBUG] [net.minecraftforge.fml.loading.moddiscovery.ModFileInfo/LOADING]: Found valid mod file fabric-recipe-api-v1-1.0.21+514a076577.jar with {fabric_recipe_api_v1} mods - versions {1.0.21+514a076577}
[03May2026 04:01:58.963] [main/DEBUG] [net.minecraftforge.fml.loading.moddiscovery.ModFileParser/LOADING]: Considering mod file candidate 
[03May2026 04:01:58.963] [main/DEBUG] [net.minecraftforge.fml.loading.moddiscovery.ModFileInfo/LOADING]: Found valid mod file fabric-resource-conditions-api-v1-2.3.8+9e342fc177.jar with {fabric_resource_conditions_api_v1} mods - versions {2.3.8+9e342fc177}
[03May2026 04:01:58.965] [main/DEBUG] [net.minecraftforge.fml.loading.moddiscovery.ModFileParser/LOADING]: Considering mod file candidate 
[03May2026 04:01:58.966] [main/DEBUG] [net.minecraftforge.fml.loading.moddiscovery.ModFileInfo/LOADING]: Found valid mod file fabric-data-generation-api-v1-12.3.4+369cb3a477.jar with {fabric_data_generation_api_v1} mods - versions {12.3.4+369cb3a477}
[03May2026 04:01:58.967] [main/DEBUG] [net.minecraftforge.fml.loading.moddiscovery.ModFileParser/LOADING]: Considering mod file candidate 
[03May2026 04:01:58.970] [main/DEBUG] [net.minecraftforge.fml.loading.moddiscovery.ModFileInfo/LOADING]: Found valid mod file fabric-content-registries-v0-4.0.11+a670df1e77.jar with {fabric_content_registries_v0} mods - versions {4.0.11+a670df1e77}
[03May2026 04:01:58.980] [main/DEBUG] [net.minecraftforge.fml.loading.moddiscovery.ModFileParser/LOADING]: Considering mod file candidate 
[03May2026 04:01:58.982] [main/DEBUG] [net.minecraftforge.fml.loading.moddiscovery.ModFileInfo/LOADING]: Found valid mod file flywheel-forge-1.20.1-1.0.5.jar with {flywheel} mods - versions {1.0.5}
[03May2026 04:01:58.985] [main/DEBUG] [net.minecraftforge.fml.loading.moddiscovery.ModFileParser/LOADING]: Considering mod file candidate 
[03May2026 04:01:58.985] [main/DEBUG] [net.minecraftforge.fml.loading.moddiscovery.ModFileInfo/LOADING]: Found valid mod file fabric-model-loading-api-v1-1.0.3+6274ab9d77.jar with {fabric_model_loading_api_v1} mods - versions {1.0.3+6274ab9d77}
[03May2026 04:01:58.986] [main/DEBUG] [net.minecraftforge.fml.loading.moddiscovery.ModFileParser/LOADING]: Considering mod file candidate 
[03May2026 04:01:58.987] [main/DEBUG] [net.minecraftforge.fml.loading.moddiscovery.ModFileInfo/LOADING]: Found valid mod file fabric-blockrenderlayer-v1-1.1.41+1d0da21e77.jar with {fabric_blockrenderlayer_v1} mods - versions {1.1.41+1d0da21e77}
[03May2026 04:01:58.990] [main/DEBUG] [net.minecraftforge.fml.loading.moddiscovery.ModFileParser/LOADING]: Considering mod file candidate 
[03May2026 04:01:58.991] [main/DEBUG] [net.minecraftforge.fml.loading.moddiscovery.ModFileInfo/LOADING]: Found valid mod file fabric-command-api-v1-1.2.34+f71b366f77.jar with {fabric_command_api_v1} mods - versions {1.2.34+f71b366f77}
[03May2026 04:01:59.003] [main/DEBUG] [net.minecraftforge.fml.loading.moddiscovery.ModFileParser/LOADING]: Considering mod file candidate 
[03May2026 04:01:59.004] [main/DEBUG] [net.minecraftforge.fml.loading.moddiscovery.ModFileInfo/LOADING]: Found valid mod file Ponder-Forge-1.20.1-1.0.91.jar with {ponder} mods - versions {1.0.91}
[03May2026 04:01:59.006] [main/DEBUG] [net.minecraftforge.fml.loading.moddiscovery.ModFileParser/LOADING]: Considering mod file candidate 
[03May2026 04:01:59.006] [main/DEBUG] [net.minecraftforge.fml.loading.moddiscovery.ModFileInfo/LOADING]: Found valid mod file fabric-networking-api-v1-1.3.11+503a202477.jar with {fabric_networking_api_v1} mods - versions {1.3.11+503a202477}
[03May2026 04:01:59.015] [main/DEBUG] [net.minecraftforge.fml.loading.moddiscovery.ModFileParser/LOADING]: Considering mod file candidate 
[03May2026 04:01:59.016] [main/DEBUG] [net.minecraftforge.fml.loading.moddiscovery.ModFileInfo/LOADING]: Found valid mod file fabric-api-0.92.2+1.11.12+1.20.1.jar with {fabric_api} mods - versions {0.92.2+1.11.12+1.20.1}
[03May2026 04:01:59.017] [main/DEBUG] [net.minecraftforge.fml.loading.moddiscovery.ModFileParser/LOADING]: Considering mod file candidate 
[03May2026 04:01:59.018] [main/DEBUG] [net.minecraftforge.fml.loading.moddiscovery.ModFileInfo/LOADING]: Found valid mod file fabric-sound-api-v1-1.0.13+4f23bd8477.jar with {fabric_sound_api_v1} mods - versions {1.0.13+4f23bd8477}
[03May2026 04:01:59.019] [main/DEBUG] [net.minecraftforge.fml.loading.moddiscovery.ModFileParser/LOADING]: Considering mod file candidate 
[03May2026 04:01:59.019] [main/DEBUG] [net.minecraftforge.fml.loading.moddiscovery.ModFileInfo/LOADING]: Found valid mod file fabric-dimensions-v1-2.1.54+8005d10d77.jar with {fabric_dimensions_v1} mods - versions {2.1.54+8005d10d77}
[03May2026 04:01:59.020] [main/DEBUG] [net.minecraftforge.fml.loading.moddiscovery.ModFileParser/LOADING]: Considering mod file candidate 
[03May2026 04:01:59.020] [main/DEBUG] [net.minecraftforge.fml.loading.moddiscovery.ModFileInfo/LOADING]: Found valid mod file fabric-screen-handler-api-v1-1.3.30+561530ec77.jar with {fabric_screen_handler_api_v1} mods - versions {1.3.30+561530ec77}
[03May2026 04:01:59.049] [main/DEBUG] [net.minecraftforge.fml.loading.moddiscovery.ModFileParser/LOADING]: Considering mod file candidate 
[03May2026 04:01:59.050] [main/DEBUG] [net.minecraftforge.fml.loading.moddiscovery.ModFileInfo/LOADING]: Found valid mod file fabric-data-attachment-api-v1-1.0.0+30ef839e77.jar with {fabric_data_attachment_api_v1} mods - versions {1.0.0+30ef839e77}
[03May2026 04:01:59.051] [main/DEBUG] [net.minecraftforge.fml.loading.moddiscovery.ModFileParser/LOADING]: Considering mod file candidate 
[03May2026 04:01:59.051] [main/DEBUG] [net.minecraftforge.fml.loading.moddiscovery.ModFileInfo/LOADING]: Found valid mod file fabric-block-api-v1-1.0.11+0e6cb7f777.jar with {fabric_block_api_v1} mods - versions {1.0.11+0e6cb7f777}
[03May2026 04:01:59.052] [main/DEBUG] [net.minecraftforge.fml.loading.moddiscovery.ModFileParser/LOADING]: Considering mod file candidate 
[03May2026 04:01:59.052] [main/DEBUG] [net.minecraftforge.fml.loading.moddiscovery.ModFileInfo/LOADING]: Found valid mod file fabric-item-group-api-v1-4.0.12+c9161c2d77.jar with {fabric_item_group_api_v1} mods - versions {4.0.12+c9161c2d77}
[03May2026 04:01:59.053] [main/DEBUG] [net.minecraftforge.fml.loading.moddiscovery.ModFileParser/LOADING]: Considering mod file candidate 
[03May2026 04:01:59.054] [main/DEBUG] [net.minecraftforge.fml.loading.moddiscovery.ModFileInfo/LOADING]: Found valid mod file kuma-api-forge-20.1.12+1.20.1.jar with {kuma_api} mods - versions {20.1.12}
[03May2026 04:01:59.057] [main/DEBUG] [net.minecraftforge.fml.loading.moddiscovery.ModFileParser/LOADING]: Considering mod file candidate 
[03May2026 04:01:59.057] [main/DEBUG] [net.minecraftforge.fml.loading.moddiscovery.ModFileInfo/LOADING]: Found valid mod file fabric-transfer-api-v1-3.3.5+631c9cd677.jar with {fabric_transfer_api_v1} mods - versions {3.3.5+631c9cd677}
[03May2026 04:01:59.059] [main/DEBUG] [net.minecraftforge.fml.loading.moddiscovery.ModFileParser/LOADING]: Considering mod file candidate 
[03May2026 04:01:59.059] [main/DEBUG] [net.minecraftforge.fml.loading.moddiscovery.ModFileInfo/LOADING]: Found valid mod file fabric-lifecycle-events-v1-2.2.22+afab492177.jar with {fabric_lifecycle_events_v1} mods - versions {2.2.22+afab492177}
[03May2026 04:01:59.061] [main/DEBUG] [net.minecraftforge.fml.loading.moddiscovery.ModFileParser/LOADING]: Considering mod file candidate 
[03May2026 04:01:59.061] [main/DEBUG] [net.minecraftforge.fml.loading.moddiscovery.ModFileInfo/LOADING]: Found valid mod file fabric-item-api-v1-2.1.28+4d0bbcfa77.jar with {fabric_item_api_v1} mods - versions {2.1.28+4d0bbcfa77}
[03May2026 04:01:59.062] [main/DEBUG] [net.minecraftforge.fml.loading.moddiscovery.ModFileParser/LOADING]: Considering mod file candidate 
[03May2026 04:01:59.063] [main/DEBUG] [net.minecraftforge.fml.loading.moddiscovery.ModFileInfo/LOADING]: Found valid mod file fabric-resource-loader-v0-0.11.10+bcd08ed377.jar with {fabric_resource_loader_v0} mods - versions {0.11.10+bcd08ed377}
[03May2026 04:01:59.063] [main/DEBUG] [net.minecraftforge.fml.loading.moddiscovery.ModFileParser/LOADING]: Considering mod file candidate 
[03May2026 04:01:59.064] [main/DEBUG] [net.minecraftforge.fml.loading.moddiscovery.ModFileInfo/LOADING]: Found valid mod file fabric-rendering-fluids-v1-3.0.28+4ac5e37a77.jar with {fabric_rendering_fluids_v1} mods - versions {3.0.28+4ac5e37a77}
[03May2026 04:01:59.065] [main/DEBUG] [net.minecraftforge.fml.loading.moddiscovery.ModFileParser/LOADING]: Considering mod file candidate 
[03May2026 04:01:59.065] [main/DEBUG] [net.minecraftforge.fml.loading.moddiscovery.ModFileInfo/LOADING]: Found valid mod file fabric-rendering-v1-3.0.8+66e9a48f77.jar with {fabric_rendering_v1} mods - versions {3.0.8+66e9a48f77}
[03May2026 04:01:59.067] [main/DEBUG] [net.minecraftforge.fml.loading.moddiscovery.ModFileParser/LOADING]: Considering mod file candidate 
[03May2026 04:01:59.068] [main/DEBUG] [net.minecraftforge.fml.loading.moddiscovery.ModFileInfo/LOADING]: Found valid mod file fabric-registry-sync-v0-2.3.3+1c0ea72177.jar with {fabric_registry_sync_v0} mods - versions {2.3.3+1c0ea72177}
[03May2026 04:01:59.068] [main/DEBUG] [net.minecraftforge.fml.loading.moddiscovery.ModFileParser/LOADING]: Considering mod file candidate 
[03May2026 04:01:59.069] [main/DEBUG] [net.minecraftforge.fml.loading.moddiscovery.ModFileInfo/LOADING]: Found valid mod file fabric-client-tags-api-v1-1.1.2+5d6761b877.jar with {fabric_client_tags_api_v1} mods - versions {1.1.2+5d6761b877}
[03May2026 04:01:59.069] [main/DEBUG] [net.minecraftforge.fml.loading.moddiscovery.ModFileParser/LOADING]: Considering mod file candidate 
[03May2026 04:01:59.070] [main/DEBUG] [net.minecraftforge.fml.loading.moddiscovery.ModFileInfo/LOADING]: Found valid mod file fabric-screen-api-v1-2.0.8+45a670a577.jar with {fabric_screen_api_v1} mods - versions {2.0.8+45a670a577}
[03May2026 04:01:59.070] [main/DEBUG] [net.minecraftforge.fml.loading.moddiscovery.ModFileParser/LOADING]: Considering mod file candidate 
[03May2026 04:01:59.071] [main/DEBUG] [net.minecraftforge.fml.loading.moddiscovery.ModFileInfo/LOADING]: Found valid mod file fabric-transitive-access-wideners-v1-4.3.1+1880499877.jar with {fabric_transitive_access_wideners_v1} mods - versions {4.3.1+1880499877}
[03May2026 04:01:59.072] [main/DEBUG] [net.minecraftforge.fml.loading.moddiscovery.ModFileParser/LOADING]: Considering mod file candidate 
[03May2026 04:01:59.072] [main/DEBUG] [net.minecraftforge.fml.loading.moddiscovery.ModFileInfo/LOADING]: Found valid mod file fabric-renderer-api-v1-3.2.1+cf68abbe77.jar with {fabric_renderer_api_v1} mods - versions {3.2.1+cf68abbe77}
[03May2026 04:01:59.073] [main/DEBUG] [net.minecraftforge.fml.loading.moddiscovery.ModFileParser/LOADING]: Considering mod file candidate 
[03May2026 04:01:59.074] [main/DEBUG] [net.minecraftforge.fml.loading.moddiscovery.ModFileInfo/LOADING]: Found valid mod file fabric-block-view-api-v2-1.0.1+0767707077.jar with {fabric_block_view_api_v2} mods - versions {1.0.1+0767707077}
[03May2026 04:01:59.075] [main/DEBUG] [net.minecraftforge.fml.loading.moddiscovery.ModFileParser/LOADING]: Considering mod file candidate 
[03May2026 04:01:59.076] [main/DEBUG] [net.minecraftforge.fml.loading.moddiscovery.ModFileInfo/LOADING]: Found valid mod file fabric-renderer-indigo-1.5.2+b5b2da4177.jar with {fabric_renderer_indigo} mods - versions {1.5.2+b5b2da4177}
[03May2026 04:01:59.077] [main/DEBUG] [net.minecraftforge.fml.loading.moddiscovery.ModFileParser/LOADING]: Considering mod file candidate 
[03May2026 04:01:59.077] [main/DEBUG] [net.minecraftforge.fml.loading.moddiscovery.ModFileInfo/LOADING]: Found valid mod file mixinsquared-forge-0.1.2-beta.6.jar with {mixinsquared} mods - versions {0.1.2-beta.6}
[03May2026 04:01:59.078] [main/DEBUG] [net.minecraftforge.fml.loading.moddiscovery.ModFileParser/LOADING]: Considering mod file candidate 
[03May2026 04:01:59.078] [main/DEBUG] [net.minecraftforge.fml.loading.moddiscovery.ModFileInfo/LOADING]: Found valid mod file fabric-game-rule-api-v1-1.0.40+683d4da877.jar with {fabric_game_rule_api_v1} mods - versions {1.0.40+683d4da877}
[03May2026 04:01:59.080] [main/DEBUG] [net.minecraftforge.fml.loading.moddiscovery.ModFileParser/LOADING]: Considering mod file candidate 
[03May2026 04:01:59.080] [main/DEBUG] [net.minecraftforge.fml.loading.moddiscovery.ModFileInfo/LOADING]: Found valid mod file fabric-convention-tags-v1-1.5.5+fa3d1c0177.jar with {fabric_convention_tags_v1} mods - versions {1.5.5+fa3d1c0177}
[03May2026 04:01:59.081] [main/DEBUG] [net.minecraftforge.fml.loading.moddiscovery.ModFileParser/LOADING]: Considering mod file candidate 
[03May2026 04:01:59.081] [main/DEBUG] [net.minecraftforge.fml.loading.moddiscovery.ModFileInfo/LOADING]: Found valid mod file fabric-mining-level-api-v1-2.1.50+561530ec77.jar with {fabric_mining_level_api_v1} mods - versions {2.1.50+561530ec77}
[03May2026 04:01:59.083] [main/DEBUG] [net.minecraftforge.fml.loading.moddiscovery.ModFileParser/LOADING]: Considering mod file candidate 
[03May2026 04:01:59.083] [main/DEBUG] [net.minecraftforge.fml.loading.moddiscovery.ModFileInfo/LOADING]: Found valid mod file spectrelib-forge-0.13.15+1.20.1.jar with {spectrelib} mods - versions {0.13.15+1.20.1}
[03May2026 04:01:59.084] [main/DEBUG] [net.minecraftforge.fml.loading.moddiscovery.ModFileParser/LOADING]: Considering mod file candidate 
[03May2026 04:01:59.085] [main/DEBUG] [net.minecraftforge.fml.loading.moddiscovery.ModFileInfo/LOADING]: Found valid mod file fabric-object-builder-api-v1-11.1.3+4bd998fa77.jar with {fabric_object_builder_api_v1} mods - versions {11.1.3+4bd998fa77}
[03May2026 04:01:59.086] [main/DEBUG] [net.minecraftforge.fml.loading.moddiscovery.ModFileParser/LOADING]: Considering mod file candidate 
[03May2026 04:01:59.086] [main/DEBUG] [net.minecraftforge.fml.loading.moddiscovery.ModFileInfo/LOADING]: Found valid mod file fabric-particles-v1-1.1.2+78e1ecb877.jar with {fabric_particles_v1} mods - versions {1.1.2+78e1ecb877}
[03May2026 04:01:59.087] [main/DEBUG] [net.minecraftforge.fml.loading.moddiscovery.ModFileParser/LOADING]: Considering mod file candidate 
[03May2026 04:01:59.087] [main/DEBUG] [net.minecraftforge.fml.loading.moddiscovery.ModFileInfo/LOADING]: Found valid mod file fabric-message-api-v1-5.1.9+52cc178c77.jar with {fabric_message_api_v1} mods - versions {5.1.9+52cc178c77}
[03May2026 04:01:59.088] [main/DEBUG] [net.minecraftforge.fml.loading.moddiscovery.ModFileParser/LOADING]: Considering mod file candidate 
[03May2026 04:01:59.089] [main/DEBUG] [net.minecraftforge.fml.loading.moddiscovery.ModFileInfo/LOADING]: Found valid mod file fabric-entity-events-v1-1.6.0+4ca7515277.jar with {fabric_entity_events_v1} mods - versions {1.6.0+4ca7515277}
[03May2026 04:01:59.090] [main/DEBUG] [net.minecraftforge.fml.loading.moddiscovery.ModFileParser/LOADING]: Considering mod file candidate 
[03May2026 04:01:59.090] [main/DEBUG] [net.minecraftforge.fml.loading.moddiscovery.ModFileInfo/LOADING]: Found valid mod file fabric-events-interaction-v0-0.6.2+0d0bd5a777.jar with {fabric_events_interaction_v0} mods - versions {0.6.2+0d0bd5a777}
[03May2026 04:01:59.091] [main/DEBUG] [net.minecraftforge.fml.loading.moddiscovery.ModFileParser/LOADING]: Considering mod file candidate 
[03May2026 04:01:59.092] [main/DEBUG] [net.minecraftforge.fml.loading.moddiscovery.ModFileInfo/LOADING]: Found valid mod file fabric-api-base-0.4.31+ef105b4977.jar with {fabric_api_base} mods - versions {0.4.31+ef105b4977}
[03May2026 04:01:59.093] [main/DEBUG] [net.minecraftforge.fml.loading.moddiscovery.ModFileParser/LOADING]: Considering mod file candidate 
[03May2026 04:01:59.094] [main/DEBUG] [net.minecraftforge.fml.loading.moddiscovery.ModFileInfo/LOADING]: Found valid mod file fabric-biome-api-v1-13.0.13+dc36698e77.jar with {fabric_biome_api_v1} mods - versions {13.0.13+dc36698e77}
[03May2026 04:01:59.096] [main/DEBUG] [net.minecraftforge.fml.loading.moddiscovery.ModFileParser/LOADING]: Considering mod file candidate 
[03May2026 04:01:59.097] [main/DEBUG] [net.minecraftforge.fml.loading.moddiscovery.ModFileInfo/LOADING]: Found valid mod file fabric-key-binding-api-v1-1.0.37+561530ec77.jar with {fabric_key_binding_api_v1} mods - versions {1.0.37+561530ec77}
[03May2026 04:01:59.098] [main/DEBUG] [net.minecraftforge.fml.loading.moddiscovery.ModFileParser/LOADING]: Considering mod file candidate 
[03May2026 04:01:59.099] [main/DEBUG] [net.minecraftforge.fml.loading.moddiscovery.ModFileInfo/LOADING]: Found valid mod file fabric-models-v0-0.4.2+7c3892a477.jar with {fabric_models_v0} mods - versions {0.4.2+7c3892a477}
[03May2026 04:01:59.100] [main/DEBUG] [net.minecraftforge.fml.loading.moddiscovery.ModFileParser/LOADING]: Considering mod file candidate 
[03May2026 04:01:59.100] [main/DEBUG] [net.minecraftforge.fml.loading.moddiscovery.ModFileInfo/LOADING]: Found valid mod file fabric-loot-api-v2-1.2.1+eb28f93e77.jar with {fabric_loot_api_v2} mods - versions {1.2.1+eb28f93e77}
[03May2026 04:01:59.103] [main/INFO] [net.minecraftforge.fml.loading.moddiscovery.JarInJarDependencyLocator/]: Found 57 dependencies adding them to mods collection
[03May2026 04:01:59.106] [main/DEBUG] [net.minecraftforge.fml.loading.moddiscovery.ModFileParser/LOADING]: Considering mod file candidate 
[03May2026 04:01:59.106] [main/DEBUG] [net.minecraftforge.fml.loading.moddiscovery.ModFileInfo/LOADING]: Found valid mod file kuma-api-forge-20.1.12+1.20.1.jar with {kuma_api} mods - versions {20.1.12}
[03May2026 04:01:59.109] [main/DEBUG] [net.minecraftforge.fml.loading.moddiscovery.ModFile/LOADING]: Loading mod file  with languages [LanguageSpec[languageName=javafml, acceptedVersions=[47,)]]
[03May2026 04:01:59.110] [main/DEBUG] [net.minecraftforge.fml.loading.moddiscovery.ModFileParser/LOADING]: Considering mod file candidate 
[03May2026 04:01:59.111] [main/DEBUG] [net.minecraftforge.fml.loading.moddiscovery.ModFileInfo/LOADING]: Found valid mod file fabric-renderer-api-v1-3.2.1+cf68abbe77.jar with {fabric_renderer_api_v1} mods - versions {3.2.1+cf68abbe77}
[03May2026 04:01:59.111] [main/DEBUG] [net.minecraftforge.fml.loading.moddiscovery.ModFile/LOADING]: Loading mod file  with languages [LanguageSpec[languageName=javafml, acceptedVersions=[47,)]]
[03May2026 04:01:59.111] [main/DEBUG] [net.minecraftforge.fml.loading.moddiscovery.ModFileParser/LOADING]: Considering mod file candidate /workspaces/GIL/servidor_minecraft/mods/geckolib-forge-1.20.1-4.8.3.jar
[03May2026 04:01:59.111] [main/DEBUG] [net.minecraftforge.fml.loading.moddiscovery.ModFileInfo/LOADING]: Found valid mod file geckolib-forge-1.20.1-4.8.3.jar with {geckolib} mods - versions {4.8.3}
[03May2026 04:01:59.112] [main/DEBUG] [net.minecraftforge.fml.loading.moddiscovery.ModFile/LOADING]: Loading mod file /workspaces/GIL/servidor_minecraft/mods/geckolib-forge-1.20.1-4.8.3.jar with languages [LanguageSpec[languageName=javafml, acceptedVersions=[47,)]]
[03May2026 04:01:59.112] [main/DEBUG] [net.minecraftforge.fml.loading.moddiscovery.ModFileParser/LOADING]: Considering mod file candidate 
[03May2026 04:01:59.112] [main/DEBUG] [net.minecraftforge.fml.loading.moddiscovery.ModFileInfo/LOADING]: Found valid mod file Ponder-Forge-1.20.1-1.0.91.jar with {ponder} mods - versions {1.0.91}
[03May2026 04:01:59.112] [main/DEBUG] [net.minecraftforge.fml.loading.moddiscovery.ModFile/LOADING]: Loading mod file  with languages [LanguageSpec[languageName=javafml, acceptedVersions=[47,)]]
[03May2026 04:01:59.112] [main/DEBUG] [net.minecraftforge.fml.loading.moddiscovery.ModFileParser/LOADING]: Considering mod file candidate /workspaces/GIL/servidor_minecraft/mods/player-animation-lib-forge-1.0.2-rc1+1.20.jar
[03May2026 04:01:59.113] [main/DEBUG] [net.minecraftforge.fml.loading.moddiscovery.ModFileInfo/LOADING]: Found valid mod file player-animation-lib-forge-1.0.2-rc1+1.20.jar with {playeranimator} mods - versions {1.0.2-rc1+1.20}
[03May2026 04:01:59.113] [main/DEBUG] [net.minecraftforge.fml.loading.moddiscovery.ModFile/LOADING]: Loading mod file /workspaces/GIL/servidor_minecraft/mods/player-animation-lib-forge-1.0.2-rc1+1.20.jar with languages [LanguageSpec[languageName=javafml, acceptedVersions=[46.0.0,)]]
[03May2026 04:01:59.113] [main/DEBUG] [net.minecraftforge.fml.loading.moddiscovery.ModFileParser/LOADING]: Considering mod file candidate 
[03May2026 04:01:59.114] [main/DEBUG] [net.minecraftforge.fml.loading.moddiscovery.ModFileInfo/LOADING]: Found valid mod file fabric-item-api-v1-2.1.28+4d0bbcfa77.jar with {fabric_item_api_v1} mods - versions {2.1.28+4d0bbcfa77}
[03May2026 04:01:59.114] [main/DEBUG] [net.minecraftforge.fml.loading.moddiscovery.ModFile/LOADING]: Loading mod file  with languages [LanguageSpec[languageName=javafml, acceptedVersions=[47,)]]
[03May2026 04:01:59.120] [main/DEBUG] [net.minecraftforge.fml.loading.moddiscovery.ModFileParser/LOADING]: Found coremod implementFabricItem with Javascript path META-INF/asm/implementFabricItem.js
[03May2026 04:01:59.120] [main/DEBUG] [net.minecraftforge.fml.loading.moddiscovery.ModFile/LOADING]: Found coremod META-INF/asm/implementFabricItem.js
[03May2026 04:01:59.120] [main/DEBUG] [net.minecraftforge.fml.loading.moddiscovery.ModFileParser/LOADING]: Considering mod file candidate 
[03May2026 04:01:59.121] [main/DEBUG] [net.minecraftforge.fml.loading.moddiscovery.ModFileInfo/LOADING]: Found valid mod file fabric-rendering-fluids-v1-3.0.28+4ac5e37a77.jar with {fabric_rendering_fluids_v1} mods - versions {3.0.28+4ac5e37a77}
[03May2026 04:01:59.121] [main/DEBUG] [net.minecraftforge.fml.loading.moddiscovery.ModFile/LOADING]: Loading mod file  with languages [LanguageSpec[languageName=javafml, acceptedVersions=[47,)]]
[03May2026 04:01:59.121] [main/DEBUG] [net.minecraftforge.fml.loading.moddiscovery.ModFileParser/LOADING]: Considering mod file candidate 
[03May2026 04:01:59.122] [main/DEBUG] [net.minecraftforge.fml.loading.moddiscovery.ModFileInfo/LOADING]: Found valid mod file fabric-models-v0-0.4.2+7c3892a477.jar with {fabric_models_v0} mods - versions {0.4.2+7c3892a477}
[03May2026 04:01:59.122] [main/DEBUG] [net.minecraftforge.fml.loading.moddiscovery.ModFile/LOADING]: Loading mod file  with languages [LanguageSpec[languageName=javafml, acceptedVersions=[47,)]]
[03May2026 04:01:59.122] [main/DEBUG] [net.minecraftforge.fml.loading.moddiscovery.ModFileParser/LOADING]: Considering mod file candidate /workspaces/GIL/servidor_minecraft/mods/sophisticatedcore-1.20.1-1.3.30.1809.jar
[03May2026 04:01:59.123] [main/DEBUG] [net.minecraftforge.fml.loading.moddiscovery.ModFileInfo/LOADING]: Found valid mod file sophisticatedcore-1.20.1-1.3.30.1809.jar with {sophisticatedcore} mods - versions {1.3.30.1809}
[03May2026 04:01:59.123] [main/DEBUG] [net.minecraftforge.fml.loading.moddiscovery.ModFile/LOADING]: Loading mod file /workspaces/GIL/servidor_minecraft/mods/sophisticatedcore-1.20.1-1.3.30.1809.jar with languages [LanguageSpec[languageName=javafml, acceptedVersions=[47,)]]
[03May2026 04:01:59.124] [main/DEBUG] [net.minecraftforge.fml.loading.moddiscovery.ModFileParser/LOADING]: Considering mod file candidate 
[03May2026 04:01:59.124] [main/DEBUG] [net.minecraftforge.fml.loading.moddiscovery.ModFileInfo/LOADING]: Found valid mod file fabric-convention-tags-v1-1.5.5+fa3d1c0177.jar with {fabric_convention_tags_v1} mods - versions {1.5.5+fa3d1c0177}
[03May2026 04:01:59.125] [main/DEBUG] [net.minecraftforge.fml.loading.moddiscovery.ModFile/LOADING]: Loading mod file  with languages [LanguageSpec[languageName=javafml, acceptedVersions=[47,)]]
[03May2026 04:01:59.125] [main/DEBUG] [net.minecraftforge.fml.loading.moddiscovery.ModFileParser/LOADING]: Considering mod file candidate 
[03May2026 04:01:59.125] [main/DEBUG] [net.minecraftforge.fml.loading.moddiscovery.ModFileInfo/LOADING]: Found valid mod file fabric-command-api-v1-1.2.34+f71b366f77.jar with {fabric_command_api_v1} mods - versions {1.2.34+f71b366f77}
[03May2026 04:01:59.126] [main/DEBUG] [net.minecraftforge.fml.loading.moddiscovery.ModFile/LOADING]: Loading mod file  with languages [LanguageSpec[languageName=javafml, acceptedVersions=[47,)]]
[03May2026 04:01:59.126] [main/DEBUG] [net.minecraftforge.fml.loading.moddiscovery.ModFileParser/LOADING]: Considering mod file candidate /workspaces/GIL/servidor_minecraft/mods/citadel-2.6.3-1.20.1.jar
[03May2026 04:01:59.127] [main/DEBUG] [net.minecraftforge.fml.loading.moddiscovery.ModFileInfo/LOADING]: Found valid mod file citadel-2.6.3-1.20.1.jar with {citadel} mods - versions {2.6.3}
[03May2026 04:01:59.127] [main/DEBUG] [net.minecraftforge.fml.loading.moddiscovery.ModFile/LOADING]: Loading mod file /workspaces/GIL/servidor_minecraft/mods/citadel-2.6.3-1.20.1.jar with languages [LanguageSpec[languageName=javafml, acceptedVersions=[47,)]]
[03May2026 04:01:59.127] [main/DEBUG] [net.minecraftforge.fml.loading.moddiscovery.ModFileParser/LOADING]: Considering mod file candidate /workspaces/GIL/servidor_minecraft/mods/modernfix-forge-5.27.15+mc1.20.1.jar
[03May2026 04:01:59.128] [main/DEBUG] [net.minecraftforge.fml.loading.moddiscovery.ModFileInfo/LOADING]: Found valid mod file modernfix-forge-5.27.15+mc1.20.1.jar with {modernfix} mods - versions {5.27.15+mc1.20.1}
[03May2026 04:01:59.128] [main/DEBUG] [net.minecraftforge.fml.loading.moddiscovery.ModFile/LOADING]: Loading mod file /workspaces/GIL/servidor_minecraft/mods/modernfix-forge-5.27.15+mc1.20.1.jar with languages [LanguageSpec[languageName=javafml, acceptedVersions=[46,)]]
[03May2026 04:01:59.129] [main/DEBUG] [net.minecraftforge.fml.loading.moddiscovery.ModFileParser/LOADING]: Considering mod file candidate /workspaces/GIL/servidor_minecraft/mods/Prism-1.20.1-forge-1.0.5.jar
[03May2026 04:01:59.129] [main/DEBUG] [net.minecraftforge.fml.loading.moddiscovery.ModFileInfo/LOADING]: Found valid mod file Prism-1.20.1-forge-1.0.5.jar with {prism} mods - versions {1.0.5}
[03May2026 04:01:59.130] [main/DEBUG] [net.minecraftforge.fml.loading.moddiscovery.ModFile/LOADING]: Loading mod file /workspaces/GIL/servidor_minecraft/mods/Prism-1.20.1-forge-1.0.5.jar with languages [LanguageSpec[languageName=javafml, acceptedVersions=[46,)]]
[03May2026 04:01:59.130] [main/DEBUG] [net.minecraftforge.fml.loading.moddiscovery.ModFileParser/LOADING]: Considering mod file candidate 
[03May2026 04:01:59.131] [main/DEBUG] [net.minecraftforge.fml.loading.moddiscovery.ModFileInfo/LOADING]: Found valid mod file fabric-command-api-v2-2.2.13+561530ec77.jar with {fabric_command_api_v2} mods - versions {2.2.13+561530ec77}
[03May2026 04:01:59.131] [main/DEBUG] [net.minecraftforge.fml.loading.moddiscovery.ModFile/LOADING]: Loading mod file  with languages [LanguageSpec[languageName=javafml, acceptedVersions=[47,)]]
[03May2026 04:01:59.131] [main/DEBUG] [net.minecraftforge.fml.loading.moddiscovery.ModFileParser/LOADING]: Considering mod file candidate 
[03May2026 04:01:59.131] [main/DEBUG] [net.minecraftforge.fml.loading.moddiscovery.ModFileInfo/LOADING]: Found valid mod file fabric-block-view-api-v2-1.0.1+0767707077.jar with {fabric_block_view_api_v2} mods - versions {1.0.1+0767707077}
[03May2026 04:01:59.132] [main/DEBUG] [net.minecraftforge.fml.loading.moddiscovery.ModFile/LOADING]: Loading mod file  with languages [LanguageSpec[languageName=javafml, acceptedVersions=[47,)]]
[03May2026 04:01:59.132] [main/DEBUG] [net.minecraftforge.fml.loading.moddiscovery.ModFileParser/LOADING]: Considering mod file candidate 
[03May2026 04:01:59.132] [main/DEBUG] [net.minecraftforge.fml.loading.moddiscovery.ModFileInfo/LOADING]: Found valid mod file fabric-data-attachment-api-v1-1.0.0+30ef839e77.jar with {fabric_data_attachment_api_v1} mods - versions {1.0.0+30ef839e77}
[03May2026 04:01:59.132] [main/DEBUG] [net.minecraftforge.fml.loading.moddiscovery.ModFile/LOADING]: Loading mod file  with languages [LanguageSpec[languageName=javafml, acceptedVersions=[47,)]]
[03May2026 04:01:59.132] [main/DEBUG] [net.minecraftforge.fml.loading.moddiscovery.ModFileParser/LOADING]: Considering mod file candidate /workspaces/GIL/servidor_minecraft/mods/sophisticatedbackpacks-1.20.1-3.24.36.1713.jar
[03May2026 04:01:59.133] [main/DEBUG] [net.minecraftforge.fml.loading.moddiscovery.ModFileInfo/LOADING]: Found valid mod file sophisticatedbackpacks-1.20.1-3.24.36.1713.jar with {sophisticatedbackpacks} mods - versions {3.24.36.1713}
[03May2026 04:01:59.133] [main/DEBUG] [net.minecraftforge.fml.loading.moddiscovery.ModFile/LOADING]: Loading mod file /workspaces/GIL/servidor_minecraft/mods/sophisticatedbackpacks-1.20.1-3.24.36.1713.jar with languages [LanguageSpec[languageName=javafml, acceptedVersions=[47,)]]
[03May2026 04:01:59.133] [main/DEBUG] [net.minecraftforge.fml.loading.moddiscovery.ModFileParser/LOADING]: Considering mod file candidate /workspaces/GIL/servidor_minecraft/mods/balm-forge-1.20.1-7.3.38-all.jar
[03May2026 04:01:59.134] [main/DEBUG] [net.minecraftforge.fml.loading.moddiscovery.ModFileInfo/LOADING]: Found valid mod file balm-forge-1.20.1-7.3.38-all.jar with {balm} mods - versions {7.3.38}
[03May2026 04:01:59.134] [main/DEBUG] [net.minecraftforge.fml.loading.moddiscovery.ModFile/LOADING]: Loading mod file /workspaces/GIL/servidor_minecraft/mods/balm-forge-1.20.1-7.3.38-all.jar with languages [LanguageSpec[languageName=javafml, acceptedVersions=[46,)]]
[03May2026 04:01:59.134] [main/DEBUG] [net.minecraftforge.fml.loading.moddiscovery.ModFileParser/LOADING]: Considering mod file candidate 
[03May2026 04:01:59.134] [main/DEBUG] [net.minecraftforge.fml.loading.moddiscovery.ModFileInfo/LOADING]: Found valid mod file fabric-screen-api-v1-2.0.8+45a670a577.jar with {fabric_screen_api_v1} mods - versions {2.0.8+45a670a577}
[03May2026 04:01:59.134] [main/DEBUG] [net.minecraftforge.fml.loading.moddiscovery.ModFile/LOADING]: Loading mod file  with languages [LanguageSpec[languageName=javafml, acceptedVersions=[47,)]]
[03May2026 04:01:59.135] [main/DEBUG] [net.minecraftforge.fml.loading.moddiscovery.ModFileParser/LOADING]: Considering mod file candidate /workspaces/GIL/servidor_minecraft/mods/cloth-config-11.1.136-forge.jar
[03May2026 04:01:59.135] [main/DEBUG] [net.minecraftforge.fml.loading.moddiscovery.ModFileInfo/LOADING]: Found valid mod file cloth-config-11.1.136-forge.jar with {cloth_config} mods - versions {11.1.136}
[03May2026 04:01:59.135] [main/DEBUG] [net.minecraftforge.fml.loading.moddiscovery.ModFile/LOADING]: Loading mod file /workspaces/GIL/servidor_minecraft/mods/cloth-config-11.1.136-forge.jar with languages [LanguageSpec[languageName=javafml, acceptedVersions=[34,)]]
[03May2026 04:01:59.135] [main/DEBUG] [net.minecraftforge.fml.loading.moddiscovery.ModFileParser/LOADING]: Considering mod file candidate /workspaces/GIL/servidor_minecraft/mods/stackrefill-1.20.1-4.9.jar
[03May2026 04:01:59.136] [main/DEBUG] [net.minecraftforge.fml.loading.moddiscovery.ModFileInfo/LOADING]: Found valid mod file stackrefill-1.20.1-4.9.jar with {stackrefill} mods - versions {4.9}
[03May2026 04:01:59.136] [main/DEBUG] [net.minecraftforge.fml.loading.moddiscovery.ModFile/LOADING]: Loading mod file /workspaces/GIL/servidor_minecraft/mods/stackrefill-1.20.1-4.9.jar with languages [LanguageSpec[languageName=javafml, acceptedVersions=*]]
[03May2026 04:01:59.136] [main/DEBUG] [net.minecraftforge.fml.loading.moddiscovery.ModFileParser/LOADING]: Considering mod file candidate 
[03May2026 04:01:59.136] [main/DEBUG] [net.minecraftforge.fml.loading.moddiscovery.ModFileInfo/LOADING]: Found valid mod file fabric-api-0.92.2+1.11.12+1.20.1.jar with {fabric_api} mods - versions {0.92.2+1.11.12+1.20.1}
[03May2026 04:01:59.137] [main/DEBUG] [net.minecraftforge.fml.loading.moddiscovery.ModFile/LOADING]: Loading mod file  with languages [LanguageSpec[languageName=javafml, acceptedVersions=[47,)]]
[03May2026 04:01:59.137] [main/DEBUG] [net.minecraftforge.fml.loading.moddiscovery.ModFileParser/LOADING]: Considering mod file candidate 
[03May2026 04:01:59.137] [main/DEBUG] [net.minecraftforge.fml.loading.moddiscovery.ModFileInfo/LOADING]: Found valid mod file fabric-content-registries-v0-4.0.11+a670df1e77.jar with {fabric_content_registries_v0} mods - versions {4.0.11+a670df1e77}
[03May2026 04:01:59.137] [main/DEBUG] [net.minecraftforge.fml.loading.moddiscovery.ModFile/LOADING]: Loading mod file  with languages [LanguageSpec[languageName=javafml, acceptedVersions=[47,)]]
[03May2026 04:01:59.138] [main/DEBUG] [net.minecraftforge.fml.loading.moddiscovery.ModFileParser/LOADING]: Found coremod mutableWeatherableBlocks with Javascript path META-INF/asm/mutableOxidizableBlocks.js
[03May2026 04:01:59.138] [main/DEBUG] [net.minecraftforge.fml.loading.moddiscovery.ModFile/LOADING]: Found coremod META-INF/asm/mutableOxidizableBlocks.js
[03May2026 04:01:59.138] [main/DEBUG] [net.minecraftforge.fml.loading.moddiscovery.ModFileParser/LOADING]: Considering mod file candidate /workspaces/GIL/servidor_minecraft/mods/konkrete_forge_1.8.0_MC_1.20-1.20.1.jar
[03May2026 04:01:59.138] [main/DEBUG] [net.minecraftforge.fml.loading.moddiscovery.ModFileInfo/LOADING]: Found valid mod file konkrete_forge_1.8.0_MC_1.20-1.20.1.jar with {konkrete} mods - versions {1.8.0}
[03May2026 04:01:59.139] [main/DEBUG] [net.minecraftforge.fml.loading.moddiscovery.ModFile/LOADING]: Loading mod file /workspaces/GIL/servidor_minecraft/mods/konkrete_forge_1.8.0_MC_1.20-1.20.1.jar with languages [LanguageSpec[languageName=javafml, acceptedVersions=[46,)]]
[03May2026 04:01:59.139] [main/DEBUG] [net.minecraftforge.fml.loading.moddiscovery.ModFileParser/LOADING]: Considering mod file candidate 
[03May2026 04:01:59.139] [main/DEBUG] [net.minecraftforge.fml.loading.moddiscovery.ModFileInfo/LOADING]: Found valid mod file fabric-game-rule-api-v1-1.0.40+683d4da877.jar with {fabric_game_rule_api_v1} mods - versions {1.0.40+683d4da877}
[03May2026 04:01:59.139] [main/DEBUG] [net.minecraftforge.fml.loading.moddiscovery.ModFile/LOADING]: Loading mod file  with languages [LanguageSpec[languageName=javafml, acceptedVersions=[47,)]]
[03May2026 04:01:59.139] [main/DEBUG] [net.minecraftforge.fml.loading.moddiscovery.ModFileParser/LOADING]: Considering mod file candidate 
[03May2026 04:01:59.140] [main/DEBUG] [net.minecraftforge.fml.loading.moddiscovery.ModFileInfo/LOADING]: Found valid mod file fabric-api-lookup-api-v1-1.6.36+67f9824077.jar with {fabric_api_lookup_api_v1} mods - versions {1.6.36+67f9824077}
[03May2026 04:01:59.140] [main/DEBUG] [net.minecraftforge.fml.loading.moddiscovery.ModFile/LOADING]: Loading mod file  with languages [LanguageSpec[languageName=javafml, acceptedVersions=[47,)]]
[03May2026 04:01:59.140] [main/DEBUG] [net.minecraftforge.fml.loading.moddiscovery.ModFileParser/LOADING]: Considering mod file candidate /workspaces/GIL/servidor_minecraft/mods/jupiter-2.3.7-1.20.1-forge.jar
[03May2026 04:01:59.140] [main/DEBUG] [net.minecraftforge.fml.loading.moddiscovery.ModFileInfo/LOADING]: Found valid mod file jupiter-2.3.7-1.20.1-forge.jar with {jupiter} mods - versions {2.3.7}
[03May2026 04:01:59.140] [main/DEBUG] [net.minecraftforge.fml.loading.moddiscovery.ModFile/LOADING]: Loading mod file /workspaces/GIL/servidor_minecraft/mods/jupiter-2.3.7-1.20.1-forge.jar with languages [LanguageSpec[languageName=javafml, acceptedVersions=[2,)]]
[03May2026 04:01:59.141] [main/DEBUG] [net.minecraftforge.fml.loading.moddiscovery.ModFileParser/LOADING]: Considering mod file candidate /workspaces/GIL/servidor_minecraft/mods/lionfishapi-2.7.jar
[03May2026 04:01:59.141] [main/DEBUG] [net.minecraftforge.fml.loading.moddiscovery.ModFileInfo/LOADING]: Found valid mod file lionfishapi-2.7.jar with {lionfishapi} mods - versions {2.7}
[03May2026 04:01:59.141] [main/DEBUG] [net.minecraftforge.fml.loading.moddiscovery.ModFile/LOADING]: Loading mod file /workspaces/GIL/servidor_minecraft/mods/lionfishapi-2.7.jar with languages [LanguageSpec[languageName=javafml, acceptedVersions=[47,)]]
[03May2026 04:01:59.141] [main/DEBUG] [net.minecraftforge.fml.loading.moddiscovery.ModFileParser/LOADING]: Considering mod file candidate /workspaces/GIL/servidor_minecraft/mods/spartantoolkit-1.20.1-1.6.1.jar
[03May2026 04:01:59.142] [main/DEBUG] [net.minecraftforge.fml.loading.moddiscovery.ModFileInfo/LOADING]: Found valid mod file spartantoolkit-1.20.1-1.6.1.jar with {spartantoolkit} mods - versions {1.20.1-1.6.1}
[03May2026 04:01:59.142] [main/DEBUG] [net.minecraftforge.fml.loading.moddiscovery.ModFile/LOADING]: Loading mod file /workspaces/GIL/servidor_minecraft/mods/spartantoolkit-1.20.1-1.6.1.jar with languages [LanguageSpec[languageName=javafml, acceptedVersions=[47,)]]
[03May2026 04:01:59.142] [main/DEBUG] [net.minecraftforge.fml.loading.moddiscovery.ModFileParser/LOADING]: Considering mod file candidate /workspaces/GIL/servidor_minecraft/mods/curios-forge-5.14.1+1.20.1.jar
[03May2026 04:01:59.142] [main/DEBUG] [net.minecraftforge.fml.loading.moddiscovery.ModFileInfo/LOADING]: Found valid mod file curios-forge-5.14.1+1.20.1.jar with {curios} mods - versions {5.14.1+1.20.1}
[03May2026 04:01:59.143] [main/DEBUG] [net.minecraftforge.fml.loading.moddiscovery.ModFile/LOADING]: Loading mod file /workspaces/GIL/servidor_minecraft/mods/curios-forge-5.14.1+1.20.1.jar with languages [LanguageSpec[languageName=javafml, acceptedVersions=[41,)]]
[03May2026 04:01:59.143] [main/DEBUG] [net.minecraftforge.fml.loading.moddiscovery.ModFileParser/LOADING]: Considering mod file candidate /workspaces/GIL/servidor_minecraft/mods/L_Enders_Cataclysm-3.27-curios-fix.jar
[03May2026 04:01:59.143] [main/DEBUG] [net.minecraftforge.fml.loading.moddiscovery.ModFileInfo/LOADING]: Found valid mod file L_Enders_Cataclysm-3.27-curios-fix.jar with {cataclysm} mods - versions {3.27}
[03May2026 04:01:59.144] [main/DEBUG] [net.minecraftforge.fml.loading.moddiscovery.ModFile/LOADING]: Loading mod file /workspaces/GIL/servidor_minecraft/mods/L_Enders_Cataclysm-3.27-curios-fix.jar with languages [LanguageSpec[languageName=javafml, acceptedVersions=[47,)]]
[03May2026 04:01:59.144] [main/DEBUG] [net.minecraftforge.fml.loading.moddiscovery.ModFileParser/LOADING]: Considering mod file candidate /workspaces/GIL/servidor_minecraft/mods/collective-1.20.1-8.22.jar
[03May2026 04:01:59.144] [main/DEBUG] [net.minecraftforge.fml.loading.moddiscovery.ModFileInfo/LOADING]: Found valid mod file collective-1.20.1-8.22.jar with {collective} mods - versions {8.22}
[03May2026 04:01:59.144] [main/DEBUG] [net.minecraftforge.fml.loading.moddiscovery.ModFile/LOADING]: Loading mod file /workspaces/GIL/servidor_minecraft/mods/collective-1.20.1-8.22.jar with languages [LanguageSpec[languageName=javafml, acceptedVersions=*]]
[03May2026 04:01:59.144] [main/DEBUG] [net.minecraftforge.fml.loading.moddiscovery.ModFileParser/LOADING]: Considering mod file candidate /workspaces/GIL/servidor_minecraft/mods/Searchables-forge-1.20.1-1.0.3.jar
[03May2026 04:01:59.145] [main/DEBUG] [net.minecraftforge.fml.loading.moddiscovery.ModFileInfo/LOADING]: Found valid mod file Searchables-forge-1.20.1-1.0.3.jar with {searchables} mods - versions {1.0.3}
[03May2026 04:01:59.145] [main/DEBUG] [net.minecraftforge.fml.loading.moddiscovery.ModFile/LOADING]: Loading mod file /workspaces/GIL/servidor_minecraft/mods/Searchables-forge-1.20.1-1.0.3.jar with languages [LanguageSpec[languageName=javafml, acceptedVersions=[41,)]]
[03May2026 04:01:59.145] [main/DEBUG] [net.minecraftforge.fml.loading.moddiscovery.ModFileParser/LOADING]: Considering mod file candidate /workspaces/GIL/servidor_minecraft/mods/spartanfire-1.20.1-2.1.0.jar
[03May2026 04:01:59.145] [main/DEBUG] [net.minecraftforge.fml.loading.moddiscovery.ModFileInfo/LOADING]: Found valid mod file spartanfire-1.20.1-2.1.0.jar with {spartanfire} mods - versions {2.1.0}
[03May2026 04:01:59.146] [main/DEBUG] [net.minecraftforge.fml.loading.moddiscovery.ModFile/LOADING]: Loading mod file /workspaces/GIL/servidor_minecraft/mods/spartanfire-1.20.1-2.1.0.jar with languages [LanguageSpec[languageName=javafml, acceptedVersions=[47,)]]
[03May2026 04:01:59.146] [main/DEBUG] [net.minecraftforge.fml.loading.moddiscovery.ModFileParser/LOADING]: Considering mod file candidate 
[03May2026 04:01:59.146] [main/DEBUG] [net.minecraftforge.fml.loading.moddiscovery.ModFileInfo/LOADING]: Found valid mod file fabric-entity-events-v1-1.6.0+4ca7515277.jar with {fabric_entity_events_v1} mods - versions {1.6.0+4ca7515277}
[03May2026 04:01:59.146] [main/DEBUG] [net.minecraftforge.fml.loading.moddiscovery.ModFile/LOADING]: Loading mod file  with languages [LanguageSpec[languageName=javafml, acceptedVersions=[47,)]]
[03May2026 04:01:59.146] [main/DEBUG] [net.minecraftforge.fml.loading.moddiscovery.ModFileParser/LOADING]: Considering mod file candidate /workspaces/GIL/servidor_minecraft/mods/SpartanWeaponry-1.20.1-forge-3.2.1-all.jar
[03May2026 04:01:59.147] [main/DEBUG] [net.minecraftforge.fml.loading.moddiscovery.ModFileInfo/LOADING]: Found valid mod file SpartanWeaponry-1.20.1-forge-3.2.1-all.jar with {spartanweaponry} mods - versions {3.2.1}
[03May2026 04:01:59.147] [main/DEBUG] [net.minecraftforge.fml.loading.moddiscovery.ModFile/LOADING]: Loading mod file /workspaces/GIL/servidor_minecraft/mods/SpartanWeaponry-1.20.1-forge-3.2.1-all.jar with languages [LanguageSpec[languageName=javafml, acceptedVersions=[47,)]]
[03May2026 04:01:59.147] [main/DEBUG] [net.minecraftforge.fml.loading.moddiscovery.ModFileParser/LOADING]: Considering mod file candidate 
[03May2026 04:01:59.147] [main/DEBUG] [net.minecraftforge.fml.loading.moddiscovery.ModFileInfo/LOADING]: Found valid mod file architectury-forge-9.2.14.jar with {architectury} mods - versions {9.2.14}
[03May2026 04:01:59.148] [main/DEBUG] [net.minecraftforge.fml.loading.moddiscovery.ModFile/LOADING]: Loading mod file  with languages [LanguageSpec[languageName=javafml, acceptedVersions=[46,)]]
[03May2026 04:01:59.148] [main/DEBUG] [net.minecraftforge.fml.loading.moddiscovery.ModFileParser/LOADING]: Considering mod file candidate 
[03May2026 04:01:59.148] [main/DEBUG] [net.minecraftforge.fml.loading.moddiscovery.ModFileInfo/LOADING]: Found valid mod file fabric-loot-api-v2-1.2.1+eb28f93e77.jar with {fabric_loot_api_v2} mods - versions {1.2.1+eb28f93e77}
[03May2026 04:01:59.148] [main/DEBUG] [net.minecraftforge.fml.loading.moddiscovery.ModFile/LOADING]: Loading mod file  with languages [LanguageSpec[languageName=javafml, acceptedVersions=[47,)]]
[03May2026 04:01:59.148] [main/DEBUG] [net.minecraftforge.fml.loading.moddiscovery.ModFileParser/LOADING]: Considering mod file candidate /workspaces/GIL/servidor_minecraft/mods/Veinst1.20.1.jar
[03May2026 04:01:59.149] [main/DEBUG] [net.minecraftforge.fml.loading.moddiscovery.ModFileInfo/LOADING]: Found valid mod file Veinst1.20.1.jar with {oreminer} mods - versions {1.1}
[03May2026 04:01:59.149] [main/DEBUG] [net.minecraftforge.fml.loading.moddiscovery.ModFile/LOADING]: Loading mod file /workspaces/GIL/servidor_minecraft/mods/Veinst1.20.1.jar with languages [LanguageSpec[languageName=javafml, acceptedVersions=[47,)]]
[03May2026 04:01:59.149] [main/DEBUG] [net.minecraftforge.fml.loading.moddiscovery.ModFileParser/LOADING]: Considering mod file candidate 
[03May2026 04:01:59.149] [main/DEBUG] [net.minecraftforge.fml.loading.moddiscovery.ModFileInfo/LOADING]: Found valid mod file fabric-rendering-data-attachment-v1-0.3.37+a6081afc77.jar with {fabric_rendering_data_attachment_v1} mods - versions {0.3.37+a6081afc77}
[03May2026 04:01:59.150] [main/DEBUG] [net.minecraftforge.fml.loading.moddiscovery.ModFile/LOADING]: Loading mod file  with languages [LanguageSpec[languageName=javafml, acceptedVersions=[47,)]]
[03May2026 04:01:59.150] [main/DEBUG] [net.minecraftforge.fml.loading.moddiscovery.ModFileParser/LOADING]: Considering mod file candidate 
[03May2026 04:01:59.150] [main/DEBUG] [net.minecraftforge.fml.loading.moddiscovery.ModFileInfo/LOADING]: Found valid mod file fabric-networking-api-v1-1.3.11+503a202477.jar with {fabric_networking_api_v1} mods - versions {1.3.11+503a202477}
[03May2026 04:01:59.150] [main/DEBUG] [net.minecraftforge.fml.loading.moddiscovery.ModFile/LOADING]: Loading mod file  with languages [LanguageSpec[languageName=javafml, acceptedVersions=[47,)]]
[03May2026 04:01:59.151] [main/DEBUG] [net.minecraftforge.fml.loading.moddiscovery.ModFileParser/LOADING]: Considering mod file candidate /workspaces/GIL/servidor_minecraft/mods/FallingTree-1.20.1-4.3.4.jar
[03May2026 04:01:59.151] [main/DEBUG] [net.minecraftforge.fml.loading.moddiscovery.ModFileInfo/LOADING]: Found valid mod file FallingTree-1.20.1-4.3.4.jar with {fallingtree} mods - versions {4.3.4}
[03May2026 04:01:59.151] [main/DEBUG] [net.minecraftforge.fml.loading.moddiscovery.ModFile/LOADING]: Loading mod file /workspaces/GIL/servidor_minecraft/mods/FallingTree-1.20.1-4.3.4.jar with languages [LanguageSpec[languageName=javafml, acceptedVersions=[47,)]]
[03May2026 04:01:59.151] [main/DEBUG] [net.minecraftforge.fml.loading.moddiscovery.ModFileParser/LOADING]: Considering mod file candidate 
[03May2026 04:01:59.152] [main/DEBUG] [net.minecraftforge.fml.loading.moddiscovery.ModFileInfo/LOADING]: Found valid mod file fabric-lifecycle-events-v1-2.2.22+afab492177.jar with {fabric_lifecycle_events_v1} mods - versions {2.2.22+afab492177}
[03May2026 04:01:59.152] [main/DEBUG] [net.minecraftforge.fml.loading.moddiscovery.ModFile/LOADING]: Loading mod file  with languages [LanguageSpec[languageName=javafml, acceptedVersions=[47,)]]
[03May2026 04:01:59.152] [main/DEBUG] [net.minecraftforge.fml.loading.moddiscovery.ModFileParser/LOADING]: Considering mod file candidate /workspaces/GIL/servidor_minecraft/mods/EnchantingInfuser-v8.0.3-1.20.1-Forge.jar
[03May2026 04:01:59.152] [main/DEBUG] [net.minecraftforge.fml.loading.moddiscovery.ModFileInfo/LOADING]: Found valid mod file EnchantingInfuser-v8.0.3-1.20.1-Forge.jar with {enchantinginfuser} mods - versions {8.0.3}
[03May2026 04:01:59.153] [main/DEBUG] [net.minecraftforge.fml.loading.moddiscovery.ModFile/LOADING]: Loading mod file /workspaces/GIL/servidor_minecraft/mods/EnchantingInfuser-v8.0.3-1.20.1-Forge.jar with languages [LanguageSpec[languageName=javafml, acceptedVersions=[47,)]]
[03May2026 04:01:59.153] [main/DEBUG] [net.minecraftforge.fml.loading.moddiscovery.ModFileParser/LOADING]: Considering mod file candidate 
[03May2026 04:01:59.153] [main/DEBUG] [net.minecraftforge.fml.loading.moddiscovery.ModFileInfo/LOADING]: Found valid mod file fabric-key-binding-api-v1-1.0.37+561530ec77.jar with {fabric_key_binding_api_v1} mods - versions {1.0.37+561530ec77}
[03May2026 04:01:59.154] [main/DEBUG] [net.minecraftforge.fml.loading.moddiscovery.ModFile/LOADING]: Loading mod file  with languages [LanguageSpec[languageName=javafml, acceptedVersions=[47,)]]
[03May2026 04:01:59.154] [main/DEBUG] [net.minecraftforge.fml.loading.moddiscovery.ModFileParser/LOADING]: Considering mod file candidate 
[03May2026 04:01:59.155] [main/DEBUG] [net.minecraftforge.fml.loading.moddiscovery.ModFileInfo/LOADING]: Found valid mod file fabric-client-tags-api-v1-1.1.2+5d6761b877.jar with {fabric_client_tags_api_v1} mods - versions {1.1.2+5d6761b877}
[03May2026 04:01:59.155] [main/DEBUG] [net.minecraftforge.fml.loading.moddiscovery.ModFile/LOADING]: Loading mod file  with languages [LanguageSpec[languageName=javafml, acceptedVersions=[47,)]]
[03May2026 04:01:59.155] [main/DEBUG] [net.minecraftforge.fml.loading.moddiscovery.ModFileParser/LOADING]: Considering mod file candidate 
[03May2026 04:01:59.156] [main/DEBUG] [net.minecraftforge.fml.loading.moddiscovery.ModFileInfo/LOADING]: Found valid mod file fabric-dimensions-v1-2.1.54+8005d10d77.jar with {fabric_dimensions_v1} mods - versions {2.1.54+8005d10d77}
[03May2026 04:01:59.156] [main/DEBUG] [net.minecraftforge.fml.loading.moddiscovery.ModFile/LOADING]: Loading mod file  with languages [LanguageSpec[languageName=javafml, acceptedVersions=[47,)]]
[03May2026 04:01:59.156] [main/DEBUG] [net.minecraftforge.fml.loading.moddiscovery.ModFileParser/LOADING]: Considering mod file candidate 
[03May2026 04:01:59.157] [main/DEBUG] [net.minecraftforge.fml.loading.moddiscovery.ModFileInfo/LOADING]: Found valid mod file fabric-transfer-api-v1-3.3.5+631c9cd677.jar with {fabric_transfer_api_v1} mods - versions {3.3.5+631c9cd677}
[03May2026 04:01:59.157] [main/DEBUG] [net.minecraftforge.fml.loading.moddiscovery.ModFile/LOADING]: Loading mod file  with languages [LanguageSpec[languageName=javafml, acceptedVersions=[47,)]]
[03May2026 04:01:59.158] [main/DEBUG] [net.minecraftforge.fml.loading.moddiscovery.ModFileParser/LOADING]: Considering mod file candidate /workspaces/GIL/servidor_minecraft/mods/elytraslot-forge-6.4.4+1.20.1.jar
[03May2026 04:01:59.159] [main/DEBUG] [net.minecraftforge.fml.loading.moddiscovery.ModFileInfo/LOADING]: Found valid mod file elytraslot-forge-6.4.4+1.20.1.jar with {elytraslot} mods - versions {6.4.4+1.20.1}
[03May2026 04:01:59.159] [main/DEBUG] [net.minecraftforge.fml.loading.moddiscovery.ModFile/LOADING]: Loading mod file /workspaces/GIL/servidor_minecraft/mods/elytraslot-forge-6.4.4+1.20.1.jar with languages [LanguageSpec[languageName=javafml, acceptedVersions=[41,)]]
[03May2026 04:01:59.159] [main/DEBUG] [net.minecraftforge.fml.loading.moddiscovery.ModFileParser/LOADING]: Considering mod file candidate 
[03May2026 04:01:59.160] [main/DEBUG] [net.minecraftforge.fml.loading.moddiscovery.ModFileInfo/LOADING]: Found valid mod file fabric-model-loading-api-v1-1.0.3+6274ab9d77.jar with {fabric_model_loading_api_v1} mods - versions {1.0.3+6274ab9d77}
[03May2026 04:01:59.160] [main/DEBUG] [net.minecraftforge.fml.loading.moddiscovery.ModFile/LOADING]: Loading mod file  with languages [LanguageSpec[languageName=javafml, acceptedVersions=[47,)]]
[03May2026 04:01:59.160] [main/DEBUG] [net.minecraftforge.fml.loading.moddiscovery.ModFileParser/LOADING]: Considering mod file candidate /workspaces/GIL/servidor_minecraft/mods/jei-1.20.1-forge-15.20.0.112.jar
[03May2026 04:01:59.161] [main/DEBUG] [net.minecraftforge.fml.loading.moddiscovery.ModFileInfo/LOADING]: Found valid mod file jei-1.20.1-forge-15.20.0.112.jar with {jei} mods - versions {15.20.0.112}
[03May2026 04:01:59.161] [main/DEBUG] [net.minecraftforge.fml.loading.moddiscovery.ModFile/LOADING]: Loading mod file /workspaces/GIL/servidor_minecraft/mods/jei-1.20.1-forge-15.20.0.112.jar with languages [LanguageSpec[languageName=javafml, acceptedVersions=[47,)]]
[03May2026 04:01:59.161] [main/DEBUG] [net.minecraftforge.fml.loading.moddiscovery.ModFileParser/LOADING]: Considering mod file candidate 
[03May2026 04:01:59.162] [main/DEBUG] [net.minecraftforge.fml.loading.moddiscovery.ModFileInfo/LOADING]: Found valid mod file fabric-screen-handler-api-v1-1.3.30+561530ec77.jar with {fabric_screen_handler_api_v1} mods - versions {1.3.30+561530ec77}
[03May2026 04:01:59.163] [main/DEBUG] [net.minecraftforge.fml.loading.moddiscovery.ModFile/LOADING]: Loading mod file  with languages [LanguageSpec[languageName=javafml, acceptedVersions=[47,)]]
[03May2026 04:01:59.163] [main/DEBUG] [net.minecraftforge.fml.loading.moddiscovery.ModFileParser/LOADING]: Considering mod file candidate 
[03May2026 04:01:59.164] [main/DEBUG] [net.minecraftforge.fml.loading.moddiscovery.ModFileInfo/LOADING]: Found valid mod file fabric-resource-loader-v0-0.11.10+bcd08ed377.jar with {fabric_resource_loader_v0} mods - versions {0.11.10+bcd08ed377}
[03May2026 04:01:59.164] [main/DEBUG] [net.minecraftforge.fml.loading.moddiscovery.ModFile/LOADING]: Loading mod file  with languages [LanguageSpec[languageName=javafml, acceptedVersions=[47,)]]
[03May2026 04:01:59.164] [main/DEBUG] [net.minecraftforge.fml.loading.moddiscovery.ModFileParser/LOADING]: Considering mod file candidate /workspaces/GIL/servidor_minecraft/mods/caelus-forge-3.2.0+1.20.1.jar
[03May2026 04:01:59.165] [main/DEBUG] [net.minecraftforge.fml.loading.moddiscovery.ModFileInfo/LOADING]: Found valid mod file caelus-forge-3.2.0+1.20.1.jar with {caelus} mods - versions {3.2.0+1.20.1}
[03May2026 04:01:59.165] [main/DEBUG] [net.minecraftforge.fml.loading.moddiscovery.ModFile/LOADING]: Loading mod file /workspaces/GIL/servidor_minecraft/mods/caelus-forge-3.2.0+1.20.1.jar with languages [LanguageSpec[languageName=javafml, acceptedVersions=[46,)]]
[03May2026 04:01:59.165] [main/DEBUG] [net.minecraftforge.fml.loading.moddiscovery.ModFileParser/LOADING]: Considering mod file candidate 
[03May2026 04:01:59.166] [main/DEBUG] [net.minecraftforge.fml.loading.moddiscovery.ModFileInfo/LOADING]: Found valid mod file fabric-rendering-v1-3.0.8+66e9a48f77.jar with {fabric_rendering_v1} mods - versions {3.0.8+66e9a48f77}
[03May2026 04:01:59.166] [main/DEBUG] [net.minecraftforge.fml.loading.moddiscovery.ModFile/LOADING]: Loading mod file  with languages [LanguageSpec[languageName=javafml, acceptedVersions=[47,)]]
[03May2026 04:01:59.167] [main/DEBUG] [net.minecraftforge.fml.loading.moddiscovery.ModFileParser/LOADING]: Considering mod file candidate /workspaces/GIL/servidor_minecraft/mods/create-1.20.1-6.0.8.jar
[03May2026 04:01:59.167] [main/DEBUG] [net.minecraftforge.fml.loading.moddiscovery.ModFileInfo/LOADING]: Found valid mod file create-1.20.1-6.0.8.jar with {create} mods - versions {6.0.8}
[03May2026 04:01:59.168] [main/DEBUG] [net.minecraftforge.fml.loading.moddiscovery.ModFile/LOADING]: Loading mod file /workspaces/GIL/servidor_minecraft/mods/create-1.20.1-6.0.8.jar with languages [LanguageSpec[languageName=javafml, acceptedVersions=[47,)]]
[03May2026 04:01:59.168] [main/DEBUG] [net.minecraftforge.fml.loading.moddiscovery.ModFileParser/LOADING]: Considering mod file candidate 
[03May2026 04:01:59.169] [main/DEBUG] [net.minecraftforge.fml.loading.moddiscovery.ModFileInfo/LOADING]: Found valid mod file fabric-renderer-indigo-1.5.2+b5b2da4177.jar with {fabric_renderer_indigo} mods - versions {1.5.2+b5b2da4177}
[03May2026 04:01:59.169] [main/DEBUG] [net.minecraftforge.fml.loading.moddiscovery.ModFile/LOADING]: Loading mod file  with languages [LanguageSpec[languageName=javafml, acceptedVersions=[47,)]]
[03May2026 04:01:59.169] [main/DEBUG] [net.minecraftforge.fml.loading.moddiscovery.ModFileParser/LOADING]: Considering mod file candidate /workspaces/GIL/servidor_minecraft/mods/waystones-forge-1.20.1-14.1.20.jar
[03May2026 04:01:59.170] [main/DEBUG] [net.minecraftforge.fml.loading.moddiscovery.ModFileInfo/LOADING]: Found valid mod file waystones-forge-1.20.1-14.1.20.jar with {waystones} mods - versions {14.1.20}
[03May2026 04:01:59.170] [main/DEBUG] [net.minecraftforge.fml.loading.moddiscovery.ModFile/LOADING]: Loading mod file /workspaces/GIL/servidor_minecraft/mods/waystones-forge-1.20.1-14.1.20.jar with languages [LanguageSpec[languageName=javafml, acceptedVersions=[46,)]]
[03May2026 04:01:59.170] [main/DEBUG] [net.minecraftforge.fml.loading.moddiscovery.ModFileParser/LOADING]: Considering mod file candidate 
[03May2026 04:01:59.171] [main/DEBUG] [net.minecraftforge.fml.loading.moddiscovery.ModFileInfo/LOADING]: Found valid mod file fabric-mining-level-api-v1-2.1.50+561530ec77.jar with {fabric_mining_level_api_v1} mods - versions {2.1.50+561530ec77}
[03May2026 04:01:59.171] [main/DEBUG] [net.minecraftforge.fml.loading.moddiscovery.ModFile/LOADING]: Loading mod file  with languages [LanguageSpec[languageName=javafml, acceptedVersions=[47,)]]
[03May2026 04:01:59.171] [main/DEBUG] [net.minecraftforge.fml.loading.moddiscovery.ModFileParser/LOADING]: Considering mod file candidate /workspaces/GIL/servidor_minecraft/mods/comforts-forge-6.4.0+1.20.1.jar
[03May2026 04:01:59.172] [main/DEBUG] [net.minecraftforge.fml.loading.moddiscovery.ModFileInfo/LOADING]: Found valid mod file comforts-forge-6.4.0+1.20.1.jar with {comforts} mods - versions {6.4.0+1.20.1}
[03May2026 04:01:59.172] [main/DEBUG] [net.minecraftforge.fml.loading.moddiscovery.ModFile/LOADING]: Loading mod file /workspaces/GIL/servidor_minecraft/mods/comforts-forge-6.4.0+1.20.1.jar with languages [LanguageSpec[languageName=javafml, acceptedVersions=[46,)]]
[03May2026 04:01:59.172] [main/DEBUG] [net.minecraftforge.fml.loading.moddiscovery.ModFileParser/LOADING]: Considering mod file candidate /workspaces/GIL/servidor_minecraft/mods/NaturesCompass-1.20.1-1.12.0-forge.jar
[03May2026 04:01:59.172] [main/DEBUG] [net.minecraftforge.fml.loading.moddiscovery.ModFileInfo/LOADING]: Found valid mod file NaturesCompass-1.20.1-1.12.0-forge.jar with {naturescompass} mods - versions {1.20.1-1.12.0-forge}
[03May2026 04:01:59.172] [main/DEBUG] [net.minecraftforge.fml.loading.moddiscovery.ModFile/LOADING]: Loading mod file /workspaces/GIL/servidor_minecraft/mods/NaturesCompass-1.20.1-1.12.0-forge.jar with languages [LanguageSpec[languageName=javafml, acceptedVersions=[47,)]]
[03May2026 04:01:59.172] [main/DEBUG] [net.minecraftforge.fml.loading.moddiscovery.ModFileParser/LOADING]: Considering mod file candidate /workspaces/GIL/servidor_minecraft/mods/ExplorersCompass-1.20.1-1.4.0-forge.jar
[03May2026 04:01:59.173] [main/DEBUG] [net.minecraftforge.fml.loading.moddiscovery.ModFileInfo/LOADING]: Found valid mod file ExplorersCompass-1.20.1-1.4.0-forge.jar with {explorerscompass} mods - versions {1.20.1-1.4.0-forge}
[03May2026 04:01:59.173] [main/DEBUG] [net.minecraftforge.fml.loading.moddiscovery.ModFile/LOADING]: Loading mod file /workspaces/GIL/servidor_minecraft/mods/ExplorersCompass-1.20.1-1.4.0-forge.jar with languages [LanguageSpec[languageName=javafml, acceptedVersions=[47,)]]
[03May2026 04:01:59.173] [main/DEBUG] [net.minecraftforge.fml.loading.moddiscovery.ModFileParser/LOADING]: Considering mod file candidate /workspaces/GIL/servidor_minecraft/mods/iceandfire-2.1.13-1.20.1-beta-5.jar
[03May2026 04:01:59.173] [main/DEBUG] [net.minecraftforge.fml.loading.moddiscovery.ModFileInfo/LOADING]: Found valid mod file iceandfire-2.1.13-1.20.1-beta-5.jar with {iceandfire} mods - versions {2.1.13-1.20.1}
[03May2026 04:01:59.174] [main/DEBUG] [net.minecraftforge.fml.loading.moddiscovery.ModFile/LOADING]: Loading mod file /workspaces/GIL/servidor_minecraft/mods/iceandfire-2.1.13-1.20.1-beta-5.jar with languages [LanguageSpec[languageName=javafml, acceptedVersions=[37.0,)]]
[03May2026 04:01:59.174] [main/DEBUG] [net.minecraftforge.fml.loading.moddiscovery.ModFileParser/LOADING]: Considering mod file candidate /workspaces/GIL/servidor_minecraft/mods/txnilib-forge-1.0.24-1.20.1.jar
[03May2026 04:01:59.174] [main/DEBUG] [net.minecraftforge.fml.loading.moddiscovery.ModFileInfo/LOADING]: Found valid mod file txnilib-forge-1.0.24-1.20.1.jar with {txnilib} mods - versions {1.0.24}
[03May2026 04:01:59.174] [main/DEBUG] [net.minecraftforge.fml.loading.moddiscovery.ModFile/LOADING]: Loading mod file /workspaces/GIL/servidor_minecraft/mods/txnilib-forge-1.0.24-1.20.1.jar with languages [LanguageSpec[languageName=javafml, acceptedVersions=[1,)]]
[03May2026 04:01:59.174] [main/DEBUG] [net.minecraftforge.fml.loading.moddiscovery.ModFileParser/LOADING]: Considering mod file candidate /workspaces/GIL/servidor_minecraft/mods/uranus-2.2.6-bugfix.2-1.20.1-forge.jar
[03May2026 04:01:59.175] [main/DEBUG] [net.minecraftforge.fml.loading.moddiscovery.ModFileInfo/LOADING]: Found valid mod file uranus-2.2.6-bugfix.2-1.20.1-forge.jar with {uranus} mods - versions {2.2.6-bugfix.2}
[03May2026 04:01:59.175] [main/DEBUG] [net.minecraftforge.fml.loading.moddiscovery.ModFile/LOADING]: Loading mod file /workspaces/GIL/servidor_minecraft/mods/uranus-2.2.6-bugfix.2-1.20.1-forge.jar with languages [LanguageSpec[languageName=javafml, acceptedVersions=[47,)]]
[03May2026 04:01:59.175] [main/DEBUG] [net.minecraftforge.fml.loading.moddiscovery.ModFileParser/LOADING]: Considering mod file candidate 
[03May2026 04:01:59.175] [main/DEBUG] [net.minecraftforge.fml.loading.moddiscovery.ModFileInfo/LOADING]: Found valid mod file puzzlesaccessapi-forge-20.1.1.jar with {puzzlesaccessapi} mods - versions {20.1.1}
[03May2026 04:01:59.175] [main/DEBUG] [net.minecraftforge.fml.loading.moddiscovery.ModFile/LOADING]: Loading mod file  with languages [LanguageSpec[languageName=javafml, acceptedVersions=*]]
[03May2026 04:01:59.175] [main/DEBUG] [net.minecraftforge.fml.loading.moddiscovery.ModFileParser/LOADING]: Considering mod file candidate 
[03May2026 04:01:59.176] [main/DEBUG] [net.minecraftforge.fml.loading.moddiscovery.ModFileInfo/LOADING]: Found valid mod file fabric-particles-v1-1.1.2+78e1ecb877.jar with {fabric_particles_v1} mods - versions {1.1.2+78e1ecb877}
[03May2026 04:01:59.176] [main/DEBUG] [net.minecraftforge.fml.loading.moddiscovery.ModFile/LOADING]: Loading mod file  with languages [LanguageSpec[languageName=javafml, acceptedVersions=[47,)]]
[03May2026 04:01:59.176] [main/DEBUG] [net.minecraftforge.fml.loading.moddiscovery.ModFileParser/LOADING]: Considering mod file candidate /workspaces/GIL/servidor_minecraft/libraries/net/minecraftforge/forge/1.20.1-47.3.7/forge-1.20.1-47.3.7-universal.jar
[03May2026 04:01:59.176] [main/DEBUG] [net.minecraftforge.fml.loading.moddiscovery.ModFileInfo/LOADING]: Found valid mod file forge-1.20.1-47.3.7-universal.jar with {forge} mods - versions {47.3.7}
[03May2026 04:01:59.176] [main/DEBUG] [net.minecraftforge.fml.loading.moddiscovery.ModFile/LOADING]: Loading mod file /workspaces/GIL/servidor_minecraft/libraries/net/minecraftforge/forge/1.20.1-47.3.7/forge-1.20.1-47.3.7-universal.jar with languages [LanguageSpec[languageName=javafml, acceptedVersions=[24,]]]
[03May2026 04:01:59.177] [main/DEBUG] [net.minecraftforge.fml.loading.moddiscovery.ModFileParser/LOADING]: Found coremod field_to_method with Javascript path coremods/field_to_method.js
[03May2026 04:01:59.177] [main/DEBUG] [net.minecraftforge.fml.loading.moddiscovery.ModFileParser/LOADING]: Found coremod field_to_instanceof with Javascript path coremods/field_to_instanceof.js
[03May2026 04:01:59.177] [main/DEBUG] [net.minecraftforge.fml.loading.moddiscovery.ModFileParser/LOADING]: Found coremod add_bouncer_method with Javascript path coremods/add_bouncer_method.js
[03May2026 04:01:59.177] [main/DEBUG] [net.minecraftforge.fml.loading.moddiscovery.ModFileParser/LOADING]: Found coremod method_redirector with Javascript path coremods/method_redirector.js
[03May2026 04:01:59.177] [main/DEBUG] [net.minecraftforge.fml.loading.moddiscovery.ModFile/LOADING]: Found coremod coremods/field_to_method.js
[03May2026 04:01:59.177] [main/DEBUG] [net.minecraftforge.fml.loading.moddiscovery.ModFile/LOADING]: Found coremod coremods/field_to_instanceof.js
[03May2026 04:01:59.177] [main/DEBUG] [net.minecraftforge.fml.loading.moddiscovery.ModFile/LOADING]: Found coremod coremods/add_bouncer_method.js
[03May2026 04:01:59.177] [main/DEBUG] [net.minecraftforge.fml.loading.moddiscovery.ModFile/LOADING]: Found coremod coremods/method_redirector.js
[03May2026 04:01:59.177] [main/DEBUG] [net.minecraftforge.fml.loading.moddiscovery.ModFileParser/LOADING]: Considering mod file candidate 
[03May2026 04:01:59.178] [main/DEBUG] [net.minecraftforge.fml.loading.moddiscovery.ModFileInfo/LOADING]: Found valid mod file fabric-transitive-access-wideners-v1-4.3.1+1880499877.jar with {fabric_transitive_access_wideners_v1} mods - versions {4.3.1+1880499877}
[03May2026 04:01:59.178] [main/DEBUG] [net.minecraftforge.fml.loading.moddiscovery.ModFile/LOADING]: Loading mod file  with languages [LanguageSpec[languageName=lowcodefml, acceptedVersions=[47,)]]
[03May2026 04:01:59.178] [main/DEBUG] [net.minecraftforge.fml.loading.moddiscovery.ModFileInfo/LOADING]: Found valid mod file server-1.20.1-20230612.114412-srg.jar with {minecraft} mods - versions {1.20.1}
[03May2026 04:01:59.178] [main/DEBUG] [net.minecraftforge.fml.loading.moddiscovery.ModFile/LOADING]: Loading mod file /workspaces/GIL/servidor_minecraft/libraries/net/minecraft/server/1.20.1-20230612.114412/server-1.20.1-20230612.114412-srg.jar with languages [LanguageSpec[languageName=minecraft, acceptedVersions=1]]
[03May2026 04:01:59.178] [main/DEBUG] [net.minecraftforge.fml.loading.moddiscovery.ModFileParser/LOADING]: Considering mod file candidate 
[03May2026 04:01:59.179] [main/DEBUG] [net.minecraftforge.fml.loading.moddiscovery.ModFileInfo/LOADING]: Found valid mod file fabric-api-base-0.4.31+ef105b4977.jar with {fabric_api_base} mods - versions {0.4.31+ef105b4977}
[03May2026 04:01:59.179] [main/DEBUG] [net.minecraftforge.fml.loading.moddiscovery.ModFile/LOADING]: Loading mod file  with languages [LanguageSpec[languageName=javafml, acceptedVersions=[47,)]]
[03May2026 04:01:59.179] [main/DEBUG] [net.minecraftforge.fml.loading.moddiscovery.ModFileParser/LOADING]: Considering mod file candidate 
[03May2026 04:01:59.179] [main/DEBUG] [net.minecraftforge.fml.loading.moddiscovery.ModFileInfo/LOADING]: Found valid mod file fabric-blockrenderlayer-v1-1.1.41+1d0da21e77.jar with {fabric_blockrenderlayer_v1} mods - versions {1.1.41+1d0da21e77}
[03May2026 04:01:59.180] [main/DEBUG] [net.minecraftforge.fml.loading.moddiscovery.ModFile/LOADING]: Loading mod file  with languages [LanguageSpec[languageName=javafml, acceptedVersions=[47,)]]
[03May2026 04:01:59.180] [main/DEBUG] [net.minecraftforge.fml.loading.moddiscovery.ModFileParser/LOADING]: Considering mod file candidate /workspaces/GIL/servidor_minecraft/mods/CreativeCore_FORGE_v2.12.37_mc1.20.1.jar
[03May2026 04:01:59.180] [main/DEBUG] [net.minecraftforge.fml.loading.moddiscovery.ModFileInfo/LOADING]: Found valid mod file CreativeCore_FORGE_v2.12.37_mc1.20.1.jar with {creativecore} mods - versions {2.12.37}
[03May2026 04:01:59.180] [main/DEBUG] [net.minecraftforge.fml.loading.moddiscovery.ModFile/LOADING]: Loading mod file /workspaces/GIL/servidor_minecraft/mods/CreativeCore_FORGE_v2.12.37_mc1.20.1.jar with languages [LanguageSpec[languageName=javafml, acceptedVersions=[46,)]]
[03May2026 04:01:59.180] [main/DEBUG] [net.minecraftforge.fml.loading.moddiscovery.ModFileParser/LOADING]: Considering mod file candidate 
[03May2026 04:01:59.181] [main/DEBUG] [net.minecraftforge.fml.loading.moddiscovery.ModFileInfo/LOADING]: Found valid mod file fabric-block-api-v1-1.0.11+0e6cb7f777.jar with {fabric_block_api_v1} mods - versions {1.0.11+0e6cb7f777}
[03May2026 04:01:59.181] [main/DEBUG] [net.minecraftforge.fml.loading.moddiscovery.ModFile/LOADING]: Loading mod file  with languages [LanguageSpec[languageName=javafml, acceptedVersions=[47,)]]
[03May2026 04:01:59.181] [main/DEBUG] [net.minecraftforge.fml.loading.moddiscovery.ModFileParser/LOADING]: Found coremod implementFabricBlock with Javascript path META-INF/asm/implementFabricBlock.js
[03May2026 04:01:59.181] [main/DEBUG] [net.minecraftforge.fml.loading.moddiscovery.ModFileParser/LOADING]: Found coremod implementFabricBlockState with Javascript path META-INF/asm/implementFabricBlockState.js
[03May2026 04:01:59.181] [main/DEBUG] [net.minecraftforge.fml.loading.moddiscovery.ModFile/LOADING]: Found coremod META-INF/asm/implementFabricBlock.js
[03May2026 04:01:59.181] [main/DEBUG] [net.minecraftforge.fml.loading.moddiscovery.ModFile/LOADING]: Found coremod META-INF/asm/implementFabricBlockState.js
[03May2026 04:01:59.181] [main/DEBUG] [net.minecraftforge.fml.loading.moddiscovery.ModFileParser/LOADING]: Considering mod file candidate 
[03May2026 04:01:59.182] [main/DEBUG] [net.minecraftforge.fml.loading.moddiscovery.ModFileInfo/LOADING]: Found valid mod file spectrelib-forge-0.13.15+1.20.1.jar with {spectrelib} mods - versions {0.13.15+1.20.1}
[03May2026 04:01:59.182] [main/DEBUG] [net.minecraftforge.fml.loading.moddiscovery.ModFile/LOADING]: Loading mod file  with languages [LanguageSpec[languageName=javafml, acceptedVersions=[41,)]]
[03May2026 04:01:59.182] [main/DEBUG] [net.minecraftforge.fml.loading.moddiscovery.ModFileParser/LOADING]: Considering mod file candidate 
[03May2026 04:01:59.182] [main/DEBUG] [net.minecraftforge.fml.loading.moddiscovery.ModFileInfo/LOADING]: Found valid mod file fabric-resource-conditions-api-v1-2.3.8+9e342fc177.jar with {fabric_resource_conditions_api_v1} mods - versions {2.3.8+9e342fc177}
[03May2026 04:01:59.182] [main/DEBUG] [net.minecraftforge.fml.loading.moddiscovery.ModFile/LOADING]: Loading mod file  with languages [LanguageSpec[languageName=javafml, acceptedVersions=[47,)]]
[03May2026 04:01:59.183] [main/DEBUG] [net.minecraftforge.fml.loading.moddiscovery.ModFileParser/LOADING]: Found coremod injectDataProvider with Javascript path META-INF/asm/injectDataProvider.js
[03May2026 04:01:59.183] [main/DEBUG] [net.minecraftforge.fml.loading.moddiscovery.ModFile/LOADING]: Found coremod META-INF/asm/injectDataProvider.js
[03May2026 04:01:59.183] [main/DEBUG] [net.minecraftforge.fml.loading.moddiscovery.ModFileParser/LOADING]: Considering mod file candidate /workspaces/GIL/servidor_minecraft/mods/easy-villagers-forge-1.20.1-1.1.23.jar
[03May2026 04:01:59.184] [main/DEBUG] [net.minecraftforge.fml.loading.moddiscovery.ModFileInfo/LOADING]: Found valid mod file easy-villagers-forge-1.20.1-1.1.23.jar with {easy_villagers} mods - versions {1.20.1-1.1.23}
[03May2026 04:01:59.184] [main/DEBUG] [net.minecraftforge.fml.loading.moddiscovery.ModFile/LOADING]: Loading mod file /workspaces/GIL/servidor_minecraft/mods/easy-villagers-forge-1.20.1-1.1.23.jar with languages [LanguageSpec[languageName=javafml, acceptedVersions=*]]
[03May2026 04:01:59.184] [main/DEBUG] [net.minecraftforge.fml.loading.moddiscovery.ModFileParser/LOADING]: Considering mod file candidate 
[03May2026 04:01:59.184] [main/DEBUG] [net.minecraftforge.fml.loading.moddiscovery.ModFileInfo/LOADING]: Found valid mod file flywheel-forge-1.20.1-1.0.5.jar with {flywheel} mods - versions {1.0.5}
[03May2026 04:01:59.184] [main/DEBUG] [net.minecraftforge.fml.loading.moddiscovery.ModFile/LOADING]: Loading mod file  with languages [LanguageSpec[languageName=javafml, acceptedVersions=[0,)]]
[03May2026 04:01:59.184] [main/DEBUG] [net.minecraftforge.fml.loading.moddiscovery.ModFileParser/LOADING]: Considering mod file candidate /workspaces/GIL/servidor_minecraft/mods/Iceberg-1.20.1-forge-1.1.25.jar
[03May2026 04:01:59.185] [main/DEBUG] [net.minecraftforge.fml.loading.moddiscovery.ModFileInfo/LOADING]: Found valid mod file Iceberg-1.20.1-forge-1.1.25.jar with {iceberg} mods - versions {1.1.25}
[03May2026 04:01:59.185] [main/DEBUG] [net.minecraftforge.fml.loading.moddiscovery.ModFile/LOADING]: Loading mod file /workspaces/GIL/servidor_minecraft/mods/Iceberg-1.20.1-forge-1.1.25.jar with languages [LanguageSpec[languageName=javafml, acceptedVersions=[47,)]]
[03May2026 04:01:59.185] [main/DEBUG] [net.minecraftforge.fml.loading.moddiscovery.ModFileParser/LOADING]: Considering mod file candidate 
[03May2026 04:01:59.186] [main/DEBUG] [net.minecraftforge.fml.loading.moddiscovery.ModFileInfo/LOADING]: Found valid mod file fabric-item-group-api-v1-4.0.12+c9161c2d77.jar with {fabric_item_group_api_v1} mods - versions {4.0.12+c9161c2d77}
[03May2026 04:01:59.186] [main/DEBUG] [net.minecraftforge.fml.loading.moddiscovery.ModFile/LOADING]: Loading mod file  with languages [LanguageSpec[languageName=javafml, acceptedVersions=[47,)]]
[03May2026 04:01:59.186] [main/DEBUG] [net.minecraftforge.fml.loading.moddiscovery.ModFileParser/LOADING]: Considering mod file candidate 
[03May2026 04:01:59.186] [main/DEBUG] [net.minecraftforge.fml.loading.moddiscovery.ModFileInfo/LOADING]: Found valid mod file fabric-biome-api-v1-13.0.13+dc36698e77.jar with {fabric_biome_api_v1} mods - versions {13.0.13+dc36698e77}
[03May2026 04:01:59.186] [main/DEBUG] [net.minecraftforge.fml.loading.moddiscovery.ModFile/LOADING]: Loading mod file  with languages [LanguageSpec[languageName=javafml, acceptedVersions=[47,)]]
[03May2026 04:01:59.186] [main/DEBUG] [net.minecraftforge.fml.loading.moddiscovery.ModFileParser/LOADING]: Considering mod file candidate 
[03May2026 04:01:59.187] [main/DEBUG] [net.minecraftforge.fml.loading.moddiscovery.ModFileInfo/LOADING]: Found valid mod file fabric-registry-sync-v0-2.3.3+1c0ea72177.jar with {fabric_registry_sync_v0} mods - versions {2.3.3+1c0ea72177}
[03May2026 04:01:59.187] [main/DEBUG] [net.minecraftforge.fml.loading.moddiscovery.ModFile/LOADING]: Loading mod file  with languages [LanguageSpec[languageName=javafml, acceptedVersions=[47,)]]
[03May2026 04:01:59.187] [main/DEBUG] [net.minecraftforge.fml.loading.moddiscovery.ModFileParser/LOADING]: Considering mod file candidate 
[03May2026 04:01:59.187] [main/DEBUG] [net.minecraftforge.fml.loading.moddiscovery.ModFileInfo/LOADING]: Found valid mod file fabric-recipe-api-v1-1.0.21+514a076577.jar with {fabric_recipe_api_v1} mods - versions {1.0.21+514a076577}
[03May2026 04:01:59.187] [main/DEBUG] [net.minecraftforge.fml.loading.moddiscovery.ModFile/LOADING]: Loading mod file  with languages [LanguageSpec[languageName=javafml, acceptedVersions=[47,)]]
[03May2026 04:01:59.188] [main/DEBUG] [net.minecraftforge.fml.loading.moddiscovery.ModFileParser/LOADING]: Considering mod file candidate 
[03May2026 04:01:59.188] [main/DEBUG] [net.minecraftforge.fml.loading.moddiscovery.ModFileInfo/LOADING]: Found valid mod file fabric-object-builder-api-v1-11.1.3+4bd998fa77.jar with {fabric_object_builder_api_v1} mods - versions {11.1.3+4bd998fa77}
[03May2026 04:01:59.188] [main/DEBUG] [net.minecraftforge.fml.loading.moddiscovery.ModFile/LOADING]: Loading mod file  with languages [LanguageSpec[languageName=javafml, acceptedVersions=[47,)]]
[03May2026 04:01:59.188] [main/DEBUG] [net.minecraftforge.fml.loading.moddiscovery.ModFileParser/LOADING]: Considering mod file candidate /workspaces/GIL/servidor_minecraft/mods/ferritecore-6.0.1-forge.jar
[03May2026 04:01:59.189] [main/DEBUG] [net.minecraftforge.fml.loading.moddiscovery.ModFileInfo/LOADING]: Found valid mod file ferritecore-6.0.1-forge.jar with {ferritecore} mods - versions {6.0.1}
[03May2026 04:01:59.189] [main/DEBUG] [net.minecraftforge.fml.loading.moddiscovery.ModFile/LOADING]: Loading mod file /workspaces/GIL/servidor_minecraft/mods/ferritecore-6.0.1-forge.jar with languages [LanguageSpec[languageName=javafml, acceptedVersions=[28,)]]
[03May2026 04:01:59.189] [main/DEBUG] [net.minecraftforge.fml.loading.moddiscovery.ModFileParser/LOADING]: Considering mod file candidate /workspaces/GIL/servidor_minecraft/mods/lootr-forge-1.20-0.7.35.94.jar
[03May2026 04:01:59.189] [main/DEBUG] [net.minecraftforge.fml.loading.moddiscovery.ModFileInfo/LOADING]: Found valid mod file lootr-forge-1.20-0.7.35.94.jar with {lootr} mods - versions {0.7.35.94}
[03May2026 04:01:59.189] [main/DEBUG] [net.minecraftforge.fml.loading.moddiscovery.ModFile/LOADING]: Loading mod file /workspaces/GIL/servidor_minecraft/mods/lootr-forge-1.20-0.7.35.94.jar with languages [LanguageSpec[languageName=javafml, acceptedVersions=[44,)]]
[03May2026 04:01:59.190] [main/DEBUG] [net.minecraftforge.fml.loading.moddiscovery.ModFileParser/LOADING]: Considering mod file candidate /workspaces/GIL/servidor_minecraft/mods/PuzzlesLib-v8.1.33-1.20.1-Forge.jar
[03May2026 04:01:59.190] [main/DEBUG] [net.minecraftforge.fml.loading.moddiscovery.ModFileInfo/LOADING]: Found valid mod file PuzzlesLib-v8.1.33-1.20.1-Forge.jar with {puzzleslib} mods - versions {8.1.33}
[03May2026 04:01:59.190] [main/DEBUG] [net.minecraftforge.fml.loading.moddiscovery.ModFile/LOADING]: Loading mod file /workspaces/GIL/servidor_minecraft/mods/PuzzlesLib-v8.1.33-1.20.1-Forge.jar with languages [LanguageSpec[languageName=javafml, acceptedVersions=[47,)]]
[03May2026 04:01:59.190] [main/DEBUG] [net.minecraftforge.fml.loading.moddiscovery.ModFileParser/LOADING]: Considering mod file candidate 
[03May2026 04:01:59.191] [main/DEBUG] [net.minecraftforge.fml.loading.moddiscovery.ModFileInfo/LOADING]: Found valid mod file fabric-sound-api-v1-1.0.13+4f23bd8477.jar with {fabric_sound_api_v1} mods - versions {1.0.13+4f23bd8477}
[03May2026 04:01:59.191] [main/DEBUG] [net.minecraftforge.fml.loading.moddiscovery.ModFile/LOADING]: Loading mod file  with languages [LanguageSpec[languageName=javafml, acceptedVersions=[47,)]]
[03May2026 04:01:59.191] [main/DEBUG] [net.minecraftforge.fml.loading.moddiscovery.ModFileParser/LOADING]: Considering mod file candidate 
[03May2026 04:01:59.191] [main/DEBUG] [net.minecraftforge.fml.loading.moddiscovery.ModFileInfo/LOADING]: Found valid mod file fabric-message-api-v1-5.1.9+52cc178c77.jar with {fabric_message_api_v1} mods - versions {5.1.9+52cc178c77}
[03May2026 04:01:59.191] [main/DEBUG] [net.minecraftforge.fml.loading.moddiscovery.ModFile/LOADING]: Loading mod file  with languages [LanguageSpec[languageName=javafml, acceptedVersions=[47,)]]
[03May2026 04:01:59.191] [main/DEBUG] [net.minecraftforge.fml.loading.moddiscovery.ModFileParser/LOADING]: Considering mod file candidate 
[03May2026 04:01:59.192] [main/DEBUG] [net.minecraftforge.fml.loading.moddiscovery.ModFileInfo/LOADING]: Found valid mod file fabric-data-generation-api-v1-12.3.4+369cb3a477.jar with {fabric_data_generation_api_v1} mods - versions {12.3.4+369cb3a477}
[03May2026 04:01:59.192] [main/DEBUG] [net.minecraftforge.fml.loading.moddiscovery.ModFile/LOADING]: Loading mod file  with languages [LanguageSpec[languageName=javafml, acceptedVersions=[47,)]]
[03May2026 04:01:59.192] [main/DEBUG] [net.minecraftforge.fml.loading.moddiscovery.ModFileParser/LOADING]: Found coremod addFabricKeySortOrders with Javascript path META-INF/asm/addFabricKeySortOrders.js
[03May2026 04:01:59.192] [main/DEBUG] [net.minecraftforge.fml.loading.moddiscovery.ModFile/LOADING]: Found coremod META-INF/asm/addFabricKeySortOrders.js
[03May2026 04:01:59.192] [main/DEBUG] [net.minecraftforge.fml.loading.moddiscovery.ModFileParser/LOADING]: Considering mod file candidate 
[03May2026 04:01:59.193] [main/DEBUG] [net.minecraftforge.fml.loading.moddiscovery.ModFileInfo/LOADING]: Found valid mod file fabric-events-interaction-v0-0.6.2+0d0bd5a777.jar with {fabric_events_interaction_v0} mods - versions {0.6.2+0d0bd5a777}
[03May2026 04:01:59.193] [main/DEBUG] [net.minecraftforge.fml.loading.moddiscovery.ModFile/LOADING]: Loading mod file  with languages [LanguageSpec[languageName=javafml, acceptedVersions=[47,)]]
[03May2026 04:01:59.193] [main/DEBUG] [net.minecraftforge.fml.loading.moddiscovery.ModFile/LOADING]: Loading mod file  with languages []
[03May2026 04:01:59.193] [main/DEBUG] [net.minecraftforge.fml.loading.moddiscovery.ModFile/LOADING]: Loading mod file  with languages []
[03May2026 04:01:59.193] [main/DEBUG] [net.minecraftforge.fml.loading.moddiscovery.ModFile/LOADING]: Loading mod file  with languages []
[03May2026 04:01:59.193] [main/DEBUG] [net.minecraftforge.fml.loading.moddiscovery.ModFile/LOADING]: Loading mod file  with languages []
[03May2026 04:01:59.193] [main/DEBUG] [net.minecraftforge.fml.loading.moddiscovery.ModFileParser/LOADING]: Considering mod file candidate 
[03May2026 04:01:59.194] [main/DEBUG] [net.minecraftforge.fml.loading.moddiscovery.ModFileInfo/LOADING]: Found valid mod file mixinsquared-forge-0.1.2-beta.6.jar with {mixinsquared} mods - versions {0.1.2-beta.6}
[03May2026 04:01:59.194] [main/DEBUG] [net.minecraftforge.fml.loading.moddiscovery.ModFile/LOADING]: Loading mod file  with languages [LanguageSpec[languageName=javafml, acceptedVersions=*]]
[03May2026 04:01:59.194] [main/DEBUG] [net.minecraftforge.fml.loading.moddiscovery.ModFile/LOADING]: Loading mod file  with languages []
[03May2026 04:01:59.194] [main/DEBUG] [net.minecraftforge.fml.loading.moddiscovery.ModFile/LOADING]: Loading mod file  with languages []
[03May2026 04:01:59.194] [main/DEBUG] [net.minecraftforge.fml.loading.moddiscovery.ModFile/LOADING]: Loading mod file  with languages []
[03May2026 04:01:59.194] [main/DEBUG] [net.minecraftforge.fml.loading.moddiscovery.ModFile/LOADING]: Loading mod file  with languages []
[03May2026 04:01:59.194] [main/DEBUG] [net.minecraftforge.fml.loading.moddiscovery.ModFile/LOADING]: Loading mod file  with languages []
[03May2026 04:01:59.194] [main/DEBUG] [net.minecraftforge.fml.loading.moddiscovery.ModFileParser/LOADING]: Considering mod file candidate 
[03May2026 04:01:59.194] [main/DEBUG] [net.minecraftforge.fml.loading.moddiscovery.ModFileInfo/LOADING]: Found valid mod file mixinsquared-forge-0.1.2-beta.6.jar with {mixinsquared} mods - versions {0.1.2-beta.6}
[03May2026 04:01:59.195] [main/DEBUG] [net.minecraftforge.fml.loading.moddiscovery.ModFile/LOADING]: Loading mod file  with languages [LanguageSpec[languageName=javafml, acceptedVersions=*]]
[03May2026 04:01:59.195] [main/DEBUG] [net.minecraftforge.fml.loading.moddiscovery.ModFile/LOADING]: Loading mod file  with languages []
[03May2026 04:01:59.196] [main/DEBUG] [cpw.mods.modlauncher.TransformationServiceDecorator/MODLAUNCHER]: End scan trigger - transformation service fml
[03May2026 04:01:59.210] [main/DEBUG] [net.minecraftforge.fml.loading.LanguageLoadingProvider/CORE]: Found 4 language providers
[03May2026 04:01:59.211] [main/DEBUG] [net.minecraftforge.fml.loading.LanguageLoadingProvider/CORE]: Found language provider minecraft, version 1.0
[03May2026 04:01:59.212] [main/DEBUG] [net.minecraftforge.fml.loading.LanguageLoadingProvider/CORE]: Found language provider __fabric_loader_bootstrap, version 2.6.0+0.15.0+1.20.1
[03May2026 04:01:59.212] [main/DEBUG] [net.minecraftforge.fml.loading.LanguageLoadingProvider/CORE]: Found language provider lowcodefml, version 47
[03May2026 04:01:59.212] [main/DEBUG] [net.minecraftforge.fml.loading.LanguageLoadingProvider/CORE]: Found language provider javafml, version 47
[03May2026 04:01:59.216] [main/DEBUG] [net.minecraftforge.fml.loading.UniqueModListBuilder/]: Found 2 mods for first modid mclib, selecting most recent based on version data
[03May2026 04:01:59.216] [main/DEBUG] [net.minecraftforge.fml.loading.UniqueModListBuilder/]: Selected file mclib-20.jar for modid mclib with version 0.0NONE
[03May2026 04:01:59.216] [main/DEBUG] [net.minecraftforge.fml.loading.UniqueModListBuilder/]: Found 2 mods for first modid Registrate.MC1._20, selecting most recent based on version data
[03May2026 04:01:59.216] [main/DEBUG] [net.minecraftforge.fml.loading.UniqueModListBuilder/]: Selected file Registrate-MC1.20-1.3.3.jar for modid Registrate.MC1._20 with version 0.0NONE
[03May2026 04:01:59.216] [main/DEBUG] [net.minecraftforge.fml.loading.UniqueModListBuilder/]: Found 2 mods for first modid mixinextras, selecting most recent based on version data
[03May2026 04:01:59.216] [main/DEBUG] [net.minecraftforge.fml.loading.UniqueModListBuilder/]: Selected file mixinextras-forge-0.5.3.jar for modid mixinextras with version 0.5.3
[03May2026 04:01:59.216] [main/DEBUG] [net.minecraftforge.fml.loading.UniqueModListBuilder/]: Found 2 mods for first modid MixinSquared.beta._6, selecting most recent based on version data
[03May2026 04:01:59.216] [main/DEBUG] [net.minecraftforge.fml.loading.UniqueModListBuilder/]: Selected file MixinSquared-0.1.2-beta.6.jar for modid MixinSquared.beta._6 with version 0.0NONE
[03May2026 04:01:59.216] [main/DEBUG] [net.minecraftforge.fml.loading.UniqueModListBuilder/]: Found 2 mods for first modid mixinsquared, selecting most recent based on version data
[03May2026 04:01:59.216] [main/DEBUG] [net.minecraftforge.fml.loading.UniqueModListBuilder/]: Selected file mixinsquared-forge-0.1.2-beta.6.jar for modid mixinsquared with version 0.1.2-beta.6
[03May2026 04:01:59.216] [main/DEBUG] [net.minecraftforge.fml.loading.UniqueModListBuilder/]: Found 2 mods for first modid MixinExtras, selecting most recent based on version data
[03May2026 04:01:59.216] [main/DEBUG] [net.minecraftforge.fml.loading.UniqueModListBuilder/]: Selected file MixinExtras-0.5.3.jar for modid MixinExtras with version 0.5.3
[03May2026 04:01:59.218] [main/DEBUG] [net.minecraftforge.fml.loading.ModSorter/]: Configured system mods: [minecraft, forge]
[03May2026 04:01:59.218] [main/DEBUG] [net.minecraftforge.fml.loading.ModSorter/]: Found system mod: minecraft
[03May2026 04:01:59.218] [main/DEBUG] [net.minecraftforge.fml.loading.ModSorter/]: Found system mod: forge
[03May2026 04:01:59.221] [main/DEBUG] [net.minecraftforge.fml.loading.ModSorter/LOADING]: Found 222 mod requirements (217 mandatory, 5 optional)
[03May2026 04:01:59.223] [main/DEBUG] [net.minecraftforge.fml.loading.ModSorter/LOADING]: Found 0 mod requirements missing (0 mandatory, 0 optional)
[03May2026 04:01:59.881] [main/DEBUG] [cpw.mods.modlauncher.TransformationServicesHandler/MODLAUNCHER]: Transformation services loading transformers
[03May2026 04:01:59.882] [main/DEBUG] [cpw.mods.modlauncher.TransformationServiceDecorator/MODLAUNCHER]: Initializing transformers for transformation service mixin
[03May2026 04:01:59.882] [main/DEBUG] [cpw.mods.modlauncher.TransformationServiceDecorator/MODLAUNCHER]: Initialized transformers for transformation service mixin
[03May2026 04:01:59.882] [main/DEBUG] [cpw.mods.modlauncher.TransformationServiceDecorator/MODLAUNCHER]: Initializing transformers for transformation service fml
[03May2026 04:01:59.882] [main/DEBUG] [net.minecraftforge.fml.loading.FMLServiceProvider/CORE]: Loading coremod transformers
[03May2026 04:01:59.883] [main/DEBUG] [net.minecraftforge.coremod.CoreModEngine/COREMOD]: Loading CoreMod from META-INF/asm/implementFabricItem.js
[03May2026 04:02:00.310] [main/DEBUG] [net.minecraftforge.coremod.CoreModEngine/COREMOD]: CoreMod loaded successfully
[03May2026 04:02:00.311] [main/DEBUG] [net.minecraftforge.coremod.CoreModEngine/COREMOD]: Loading CoreMod from META-INF/asm/mutableOxidizableBlocks.js
[03May2026 04:02:00.339] [main/DEBUG] [net.minecraftforge.coremod.CoreModEngine/COREMOD]: CoreMod loaded successfully
[03May2026 04:02:00.340] [main/DEBUG] [net.minecraftforge.coremod.CoreModEngine/COREMOD]: Loading CoreMod from coremods/field_to_method.js
[03May2026 04:02:00.376] [main/DEBUG] [net.minecraftforge.coremod.CoreModEngine/COREMOD]: CoreMod loaded successfully
[03May2026 04:02:00.376] [main/DEBUG] [net.minecraftforge.coremod.CoreModEngine/COREMOD]: Loading CoreMod from coremods/field_to_instanceof.js
[03May2026 04:02:00.436] [main/DEBUG] [net.minecraftforge.coremod.CoreModEngine/COREMOD]: CoreMod loaded successfully
[03May2026 04:02:00.436] [main/DEBUG] [net.minecraftforge.coremod.CoreModEngine/COREMOD]: Loading CoreMod from coremods/add_bouncer_method.js
[03May2026 04:02:00.494] [main/DEBUG] [net.minecraftforge.coremod.CoreModEngine/COREMOD]: CoreMod loaded successfully
[03May2026 04:02:00.494] [main/DEBUG] [net.minecraftforge.coremod.CoreModEngine/COREMOD]: Loading CoreMod from coremods/method_redirector.js
[03May2026 04:02:00.595] [main/DEBUG] [net.minecraftforge.coremod.CoreModEngine/COREMOD]: CoreMod loaded successfully
[03May2026 04:02:00.595] [main/DEBUG] [net.minecraftforge.coremod.CoreModEngine/COREMOD]: Loading CoreMod from META-INF/asm/implementFabricBlock.js
[03May2026 04:02:00.632] [main/DEBUG] [net.minecraftforge.coremod.CoreModEngine/COREMOD]: CoreMod loaded successfully
[03May2026 04:02:00.633] [main/DEBUG] [net.minecraftforge.coremod.CoreModEngine/COREMOD]: Loading CoreMod from META-INF/asm/implementFabricBlockState.js
[03May2026 04:02:00.674] [main/DEBUG] [net.minecraftforge.coremod.CoreModEngine/COREMOD]: CoreMod loaded successfully
[03May2026 04:02:00.674] [main/DEBUG] [net.minecraftforge.coremod.CoreModEngine/COREMOD]: Loading CoreMod from META-INF/asm/injectDataProvider.js
[03May2026 04:02:00.710] [main/DEBUG] [net.minecraftforge.coremod.CoreModEngine/COREMOD]: CoreMod loaded successfully
[03May2026 04:02:00.710] [main/DEBUG] [net.minecraftforge.coremod.CoreModEngine/COREMOD]: Loading CoreMod from META-INF/asm/addFabricKeySortOrders.js
[03May2026 04:02:00.737] [main/DEBUG] [net.minecraftforge.coremod.CoreModEngine/COREMOD]: CoreMod loaded successfully
[03May2026 04:02:00.759] [main/DEBUG] [cpw.mods.modlauncher.TransformStore/MODLAUNCHER]: Adding transformer net.minecraftforge.coremod.transformer.CoreModMethodTransformer@245253d8 to Target : METHOD {Lnet/minecraftforge/common/extensions/IForgeItem;} {getCraftingRemainingItem} {(Lnet/minecraft/world/item/ItemStack;)Lnet/minecraft/world/item/ItemStack;}
[03May2026 04:02:00.761] [main/DEBUG] [cpw.mods.modlauncher.TransformStore/MODLAUNCHER]: Adding transformer net.minecraftforge.coremod.transformer.CoreModMethodTransformer@67fb5025 to Target : METHOD {Lnet/minecraftforge/common/extensions/IForgeItem;} {hasCraftingRemainingItem} {(Lnet/minecraft/world/item/ItemStack;)Z}
[03May2026 04:02:00.761] [main/DEBUG] [cpw.mods.modlauncher.TransformStore/MODLAUNCHER]: Adding transformer net.minecraftforge.coremod.transformer.CoreModMethodTransformer@787e4357 to Target : METHOD {Lnet/minecraftforge/common/extensions/IForgeItem;} {getAttributeModifiers} {(Lnet/minecraft/world/entity/EquipmentSlot;Lnet/minecraft/world/item/ItemStack;)Lcom/google/common/collect/Multimap;}
[03May2026 04:02:00.761] [main/DEBUG] [cpw.mods.modlauncher.TransformStore/MODLAUNCHER]: Adding transformer net.minecraftforge.coremod.transformer.CoreModMethodTransformer@392781e to Target : METHOD {Lnet/minecraftforge/common/extensions/IForgeItem;} {isCorrectToolForDrops} {(Lnet/minecraft/world/item/ItemStack;Lnet/minecraft/world/level/block/state/BlockState;)Z}
[03May2026 04:02:00.761] [main/DEBUG] [cpw.mods.modlauncher.TransformStore/MODLAUNCHER]: Adding transformer net.minecraftforge.coremod.transformer.CoreModMethodTransformer@3fcbc766 to Target : METHOD {Lnet/minecraftforge/common/extensions/IForgeItem;} {shouldCauseReequipAnimation} {(Lnet/minecraft/world/item/ItemStack;Lnet/minecraft/world/item/ItemStack;Z)Z}
[03May2026 04:02:00.761] [main/DEBUG] [cpw.mods.modlauncher.TransformStore/MODLAUNCHER]: Adding transformer net.minecraftforge.coremod.transformer.CoreModMethodTransformer@28cd2c2 to Target : METHOD {Lnet/minecraftforge/common/extensions/IForgeItem;} {getEquipmentSlot} {(Lnet/minecraft/world/item/ItemStack;)Lnet/minecraft/world/entity/EquipmentSlot;}
[03May2026 04:02:00.761] [main/DEBUG] [cpw.mods.modlauncher.TransformStore/MODLAUNCHER]: Adding transformer net.minecraftforge.coremod.transformer.CoreModMethodTransformer@8e25d3f to Target : METHOD {Lnet/minecraftforge/common/extensions/IForgeItem;} {damageItem} {(Lnet/minecraft/world/item/ItemStack;ILnet/minecraft/world/entity/LivingEntity;Ljava/util/function/Consumer;)I}
[03May2026 04:02:00.762] [main/DEBUG] [cpw.mods.modlauncher.TransformStore/MODLAUNCHER]: Adding transformer net.minecraftforge.coremod.transformer.CoreModMethodTransformer@18a096b5 to Target : METHOD {Lnet/minecraft/world/level/block/WeatheringCopper;} {m_154909_} {()Lcom/google/common/collect/BiMap;}
[03May2026 04:02:00.762] [main/DEBUG] [cpw.mods.modlauncher.TransformStore/MODLAUNCHER]: Adding transformer net.minecraftforge.coremod.transformer.CoreModMethodTransformer@79b18230 to Target : METHOD {Lnet/minecraftforge/common/extensions/IForgeBlock;} {getAppearance} {(Lnet/minecraft/world/level/block/state/BlockState;Lnet/minecraft/world/level/BlockAndTintGetter;Lnet/minecraft/core/BlockPos;Lnet/minecraft/core/Direction;Lnet/minecraft/world/level/block/state/BlockState;Lnet/minecraft/core/BlockPos;)Lnet/minecraft/world/level/block/state/BlockState;}
[03May2026 04:02:00.762] [main/DEBUG] [cpw.mods.modlauncher.TransformStore/MODLAUNCHER]: Adding transformer net.minecraftforge.coremod.transformer.CoreModMethodTransformer@1d4f5506 to Target : METHOD {Lnet/minecraftforge/common/extensions/IForgeBlockState;} {getAppearance} {(Lnet/minecraft/world/level/BlockAndTintGetter;Lnet/minecraft/core/BlockPos;Lnet/minecraft/core/Direction;Lnet/minecraft/world/level/block/state/BlockState;Lnet/minecraft/core/BlockPos;)Lnet/minecraft/world/level/block/state/BlockState;}
[03May2026 04:02:00.762] [main/DEBUG] [cpw.mods.modlauncher.TransformStore/MODLAUNCHER]: Adding transformer net.minecraftforge.coremod.transformer.CoreModMethodTransformer@7dee835 to Target : METHOD {Lnet/minecraft/data/DataProvider;} {m_236069_} {(Lit/unimi/dsi/fastutil/objects/Object2IntOpenHashMap;)V}
[03May2026 04:02:00.762] [main/DEBUG] [cpw.mods.modlauncher.TransformStore/MODLAUNCHER]: Adding transformer net.minecraftforge.coremod.transformer.CoreModMethodTransformer@1b57c345 to Target : METHOD {Lnet/minecraft/data/DataProvider;} {m_236069_} {(Lit/unimi/dsi/fastutil/objects/Object2IntOpenHashMap;)V}
[03May2026 04:02:00.762] [main/DEBUG] [cpw.mods.modlauncher.TransformStore/MODLAUNCHER]: Adding transformer net.minecraftforge.coremod.transformer.CoreModClassTransformer@902fdbe to Target : CLASS {Lnet/minecraftforge/common/extensions/IForgeItem;} {} {V}
[03May2026 04:02:00.762] [main/DEBUG] [cpw.mods.modlauncher.TransformStore/MODLAUNCHER]: Adding transformer net.minecraftforge.coremod.transformer.CoreModClassTransformer@796d33eb to Target : CLASS {Lnet/minecraft/world/level/biome/Biome;} {} {V}
[03May2026 04:02:00.762] [main/DEBUG] [cpw.mods.modlauncher.TransformStore/MODLAUNCHER]: Adding transformer net.minecraftforge.coremod.transformer.CoreModClassTransformer@5c059a68 to Target : CLASS {Lnet/minecraft/world/level/levelgen/structure/Structure;} {} {V}
[03May2026 04:02:00.762] [main/DEBUG] [cpw.mods.modlauncher.TransformStore/MODLAUNCHER]: Adding transformer net.minecraftforge.coremod.transformer.CoreModClassTransformer@21ea996f to Target : CLASS {Lnet/minecraft/world/effect/MobEffectInstance;} {} {V}
[03May2026 04:02:00.762] [main/DEBUG] [cpw.mods.modlauncher.TransformStore/MODLAUNCHER]: Adding transformer net.minecraftforge.coremod.transformer.CoreModClassTransformer@3f9b7fe1 to Target : CLASS {Lnet/minecraft/world/level/block/LiquidBlock;} {} {V}
[03May2026 04:02:00.763] [main/DEBUG] [cpw.mods.modlauncher.TransformStore/MODLAUNCHER]: Adding transformer net.minecraftforge.coremod.transformer.CoreModClassTransformer@2f79f192 to Target : CLASS {Lnet/minecraft/world/item/BucketItem;} {} {V}
[03May2026 04:02:00.763] [main/DEBUG] [cpw.mods.modlauncher.TransformStore/MODLAUNCHER]: Adding transformer net.minecraftforge.coremod.transformer.CoreModClassTransformer@5fdfe8cf to Target : CLASS {Lnet/minecraft/world/level/block/StairBlock;} {} {V}
[03May2026 04:02:00.763] [main/DEBUG] [cpw.mods.modlauncher.TransformStore/MODLAUNCHER]: Adding transformer net.minecraftforge.coremod.transformer.CoreModClassTransformer@2a8b33ba to Target : CLASS {Lnet/minecraft/world/level/block/FlowerPotBlock;} {} {V}
[03May2026 04:02:00.764] [main/DEBUG] [cpw.mods.modlauncher.TransformStore/MODLAUNCHER]: Adding transformer net.minecraftforge.coremod.transformer.CoreModClassTransformer@4e8b357d to Target : CLASS {Lnet/minecraft/world/item/ItemStack;} {} {V}
[03May2026 04:02:00.765] [main/DEBUG] [cpw.mods.modlauncher.TransformStore/MODLAUNCHER]: Adding transformer net.minecraftforge.coremod.transformer.CoreModClassTransformer@2e1eb85f to Target : CLASS {Lnet/minecraft/network/play/client/CClientSettingsPacket;} {} {V}
[03May2026 04:02:00.765] [main/DEBUG] [cpw.mods.modlauncher.TransformStore/MODLAUNCHER]: Adding transformer net.minecraftforge.coremod.transformer.CoreModClassTransformer@ea7a4c3 to Target : CLASS {Lnet/minecraft/world/entity/npc/Villager;} {} {V}
[03May2026 04:02:00.765] [main/DEBUG] [cpw.mods.modlauncher.TransformStore/MODLAUNCHER]: Adding transformer net.minecraftforge.coremod.transformer.CoreModClassTransformer@ea7a4c3 to Target : CLASS {Lnet/minecraft/world/entity/monster/Zombie;} {} {V}
[03May2026 04:02:00.765] [main/DEBUG] [cpw.mods.modlauncher.TransformStore/MODLAUNCHER]: Adding transformer net.minecraftforge.coremod.transformer.CoreModClassTransformer@ea7a4c3 to Target : CLASS {Lnet/minecraft/world/entity/animal/horse/SkeletonTrapGoal;} {} {V}
[03May2026 04:02:00.765] [main/DEBUG] [cpw.mods.modlauncher.TransformStore/MODLAUNCHER]: Adding transformer net.minecraftforge.coremod.transformer.CoreModClassTransformer@ea7a4c3 to Target : CLASS {Lnet/minecraft/world/entity/monster/Strider;} {} {V}
[03May2026 04:02:00.766] [main/DEBUG] [cpw.mods.modlauncher.TransformStore/MODLAUNCHER]: Adding transformer net.minecraftforge.coremod.transformer.CoreModClassTransformer@ea7a4c3 to Target : CLASS {Lnet/minecraft/server/commands/RaidCommand;} {} {V}
[03May2026 04:02:00.766] [main/DEBUG] [cpw.mods.modlauncher.TransformStore/MODLAUNCHER]: Adding transformer net.minecraftforge.coremod.transformer.CoreModClassTransformer@ea7a4c3 to Target : CLASS {Lnet/minecraft/world/entity/monster/Spider;} {} {V}
[03May2026 04:02:00.766] [main/DEBUG] [cpw.mods.modlauncher.TransformStore/MODLAUNCHER]: Adding transformer net.minecraftforge.coremod.transformer.CoreModClassTransformer@ea7a4c3 to Target : CLASS {Lnet/minecraft/world/entity/raid/Raid;} {} {V}
[03May2026 04:02:00.766] [main/DEBUG] [cpw.mods.modlauncher.TransformStore/MODLAUNCHER]: Adding transformer net.minecraftforge.coremod.transformer.CoreModClassTransformer@ea7a4c3 to Target : CLASS {Lnet/minecraft/world/level/levelgen/structure/templatesystem/StructureTemplate;} {} {V}
[03May2026 04:02:00.767] [main/DEBUG] [cpw.mods.modlauncher.TransformStore/MODLAUNCHER]: Adding transformer net.minecraftforge.coremod.transformer.CoreModClassTransformer@ea7a4c3 to Target : CLASS {Lnet/minecraft/world/entity/ai/village/VillageSiege;} {} {V}
[03May2026 04:02:00.767] [main/DEBUG] [cpw.mods.modlauncher.TransformStore/MODLAUNCHER]: Adding transformer net.minecraftforge.coremod.transformer.CoreModClassTransformer@ea7a4c3 to Target : CLASS {Lnet/minecraft/world/level/levelgen/PatrolSpawner;} {} {V}
[03May2026 04:02:00.767] [main/DEBUG] [cpw.mods.modlauncher.TransformStore/MODLAUNCHER]: Adding transformer net.minecraftforge.coremod.transformer.CoreModClassTransformer@ea7a4c3 to Target : CLASS {Lnet/minecraft/server/commands/SummonCommand;} {} {V}
[03May2026 04:02:00.767] [main/DEBUG] [cpw.mods.modlauncher.TransformStore/MODLAUNCHER]: Adding transformer net.minecraftforge.coremod.transformer.CoreModClassTransformer@ea7a4c3 to Target : CLASS {Lnet/minecraft/world/entity/EntityType;} {} {V}
[03May2026 04:02:00.767] [main/DEBUG] [cpw.mods.modlauncher.TransformStore/MODLAUNCHER]: Adding transformer net.minecraftforge.coremod.transformer.CoreModClassTransformer@ea7a4c3 to Target : CLASS {Lnet/minecraft/world/level/levelgen/structure/structures/OceanRuinPieces$OceanRuinPiece;} {} {V}
[03May2026 04:02:00.767] [main/DEBUG] [cpw.mods.modlauncher.TransformStore/MODLAUNCHER]: Adding transformer net.minecraftforge.coremod.transformer.CoreModClassTransformer@ea7a4c3 to Target : CLASS {Lnet/minecraft/world/level/levelgen/structure/structures/SwampHutPiece;} {} {V}
[03May2026 04:02:00.767] [main/DEBUG] [cpw.mods.modlauncher.TransformStore/MODLAUNCHER]: Adding transformer net.minecraftforge.coremod.transformer.CoreModClassTransformer@ea7a4c3 to Target : CLASS {Lnet/minecraft/world/entity/monster/Evoker$EvokerSummonSpellGoal;} {} {V}
[03May2026 04:02:00.767] [main/DEBUG] [cpw.mods.modlauncher.TransformStore/MODLAUNCHER]: Adding transformer net.minecraftforge.coremod.transformer.CoreModClassTransformer@ea7a4c3 to Target : CLASS {Lnet/minecraft/world/entity/monster/ZombieVillager;} {} {V}
[03May2026 04:02:00.768] [main/DEBUG] [cpw.mods.modlauncher.TransformStore/MODLAUNCHER]: Adding transformer net.minecraftforge.coremod.transformer.CoreModClassTransformer@ea7a4c3 to Target : CLASS {Lnet/minecraft/world/level/NaturalSpawner;} {} {V}
[03May2026 04:02:00.768] [main/DEBUG] [cpw.mods.modlauncher.TransformStore/MODLAUNCHER]: Adding transformer net.minecraftforge.coremod.transformer.CoreModClassTransformer@ea7a4c3 to Target : CLASS {Lnet/minecraft/world/entity/animal/frog/Tadpole;} {} {V}
[03May2026 04:02:00.768] [main/DEBUG] [cpw.mods.modlauncher.TransformStore/MODLAUNCHER]: Adding transformer net.minecraftforge.coremod.transformer.CoreModClassTransformer@ea7a4c3 to Target : CLASS {Lnet/minecraft/world/level/levelgen/PhantomSpawner;} {} {V}
[03May2026 04:02:00.768] [main/DEBUG] [cpw.mods.modlauncher.TransformStore/MODLAUNCHER]: Adding transformer net.minecraftforge.coremod.transformer.CoreModClassTransformer@ea7a4c3 to Target : CLASS {Lnet/minecraft/world/level/levelgen/structure/structures/OceanMonumentPieces$OceanMonumentPiece;} {} {V}
[03May2026 04:02:00.768] [main/DEBUG] [cpw.mods.modlauncher.TransformStore/MODLAUNCHER]: Adding transformer net.minecraftforge.coremod.transformer.CoreModClassTransformer@ea7a4c3 to Target : CLASS {Lnet/minecraft/world/entity/npc/CatSpawner;} {} {V}
[03May2026 04:02:00.768] [main/DEBUG] [cpw.mods.modlauncher.TransformStore/MODLAUNCHER]: Adding transformer net.minecraftforge.coremod.transformer.CoreModClassTransformer@ea7a4c3 to Target : CLASS {Lnet/minecraft/world/level/levelgen/structure/structures/WoodlandMansionPieces$WoodlandMansionPiece;} {} {V}
[03May2026 04:02:00.768] [main/DEBUG] [cpw.mods.modlauncher.TransformStore/MODLAUNCHER]: Adding transformer net.minecraftforge.coremod.transformer.CoreModClassTransformer@7d42404e to Target : CLASS {Lnet/minecraftforge/common/extensions/IForgeBlock;} {} {V}
[03May2026 04:02:00.769] [main/DEBUG] [cpw.mods.modlauncher.TransformStore/MODLAUNCHER]: Adding transformer net.minecraftforge.coremod.transformer.CoreModClassTransformer@6af5b246 to Target : CLASS {Lnet/minecraftforge/common/extensions/IForgeBlockState;} {} {V}
[03May2026 04:02:00.769] [main/DEBUG] [cpw.mods.modlauncher.TransformationServiceDecorator/MODLAUNCHER]: Initialized transformers for transformation service fml
[03May2026 04:02:02.304] [main/DEBUG] [mixin/]: Processing prepare() for PlatformAgent[MixinPlatformAgentDefault:ModLauncher Root Container(ModLauncher:4f56a0a2)]
[03May2026 04:02:02.304] [main/DEBUG] [mixin/]: Processing launch tasks for PlatformAgent[MixinPlatformAgentDefault:ModLauncher Root Container(ModLauncher:4f56a0a2)]
[03May2026 04:02:02.304] [main/DEBUG] [mixin/]: Adding mixin platform agents for container SecureJarResource(kuma_api)
[03May2026 04:02:02.304] [main/DEBUG] [mixin/]: Instancing new MixinPlatformAgentMinecraftForge for SecureJarResource(kuma_api)
[03May2026 04:02:02.304] [main/DEBUG] [mixin/]: MixinPlatformAgentMinecraftForge rejected container SecureJarResource(kuma_api)
[03May2026 04:02:02.304] [main/DEBUG] [mixin/]: Instancing new MixinPlatformAgentDefault for SecureJarResource(kuma_api)
[03May2026 04:02:02.305] [main/DEBUG] [mixin/]: MixinPlatformAgentDefault accepted container SecureJarResource(kuma_api)
[03May2026 04:02:02.305] [main/DEBUG] [mixin/]: Processing prepare() for PlatformAgent[MixinPlatformAgentDefault:SecureJarResource(kuma_api)]
[03May2026 04:02:02.305] [main/DEBUG] [mixin/]: Registering mixin config: kuma_api.mixins.json
[03May2026 04:02:02.332] [main/DEBUG] [mixin/]: Compatibility level JAVA_17 specified by kuma_api.mixins.json is higher than the maximum level supported by this version of mixin (JAVA_13).
[03May2026 04:02:02.336] [main/INFO] [mixin/]: Compatibility level set to JAVA_17
[03May2026 04:02:02.337] [main/DEBUG] [mixin/]: Registering mixin config: kuma_api.forge.mixins.json
[03May2026 04:02:02.342] [main/DEBUG] [mixin/]: Adding mixin platform agents for container SecureJarResource(fabric_renderer_api_v1)
[03May2026 04:02:02.343] [main/DEBUG] [mixin/]: Instancing new MixinPlatformAgentMinecraftForge for SecureJarResource(fabric_renderer_api_v1)
[03May2026 04:02:02.343] [main/DEBUG] [mixin/]: MixinPlatformAgentMinecraftForge rejected container SecureJarResource(fabric_renderer_api_v1)
[03May2026 04:02:02.343] [main/DEBUG] [mixin/]: Instancing new MixinPlatformAgentDefault for SecureJarResource(fabric_renderer_api_v1)
[03May2026 04:02:02.343] [main/DEBUG] [mixin/]: MixinPlatformAgentDefault accepted container SecureJarResource(fabric_renderer_api_v1)
[03May2026 04:02:02.343] [main/DEBUG] [mixin/]: Processing prepare() for PlatformAgent[MixinPlatformAgentDefault:SecureJarResource(fabric_renderer_api_v1)]
[03May2026 04:02:02.343] [main/DEBUG] [mixin/]: Registering mixin config: fabric-renderer-api-v1.mixins.json
[03May2026 04:02:02.350] [main/DEBUG] [mixin/]: Compatibility level JAVA_16 specified by fabric-renderer-api-v1.mixins.json is higher than the maximum level supported by this version of mixin (JAVA_13).
[03May2026 04:02:02.350] [main/DEBUG] [mixin/]: Registering mixin config: fabric-renderer-api-v1.debughud.mixins.json
[03May2026 04:02:02.357] [main/DEBUG] [mixin/]: Compatibility level JAVA_16 specified by fabric-renderer-api-v1.debughud.mixins.json is higher than the maximum level supported by this version of mixin (JAVA_13).
[03May2026 04:02:02.358] [main/DEBUG] [mixin/]: Adding mixin platform agents for container SecureJarResource(geckolib)
[03May2026 04:02:02.358] [main/DEBUG] [mixin/]: Instancing new MixinPlatformAgentMinecraftForge for SecureJarResource(geckolib)
[03May2026 04:02:02.358] [main/DEBUG] [mixin/]: MixinPlatformAgentMinecraftForge rejected container SecureJarResource(geckolib)
[03May2026 04:02:02.358] [main/DEBUG] [mixin/]: Instancing new MixinPlatformAgentDefault for SecureJarResource(geckolib)
[03May2026 04:02:02.358] [main/DEBUG] [mixin/]: MixinPlatformAgentDefault accepted container SecureJarResource(geckolib)
[03May2026 04:02:02.358] [main/DEBUG] [mixin/]: Processing prepare() for PlatformAgent[MixinPlatformAgentDefault:SecureJarResource(geckolib)]
[03May2026 04:02:02.358] [main/DEBUG] [mixin/]: Registering mixin config: geckolib.mixins.json
[03May2026 04:02:02.361] [main/DEBUG] [mixin/]: Adding mixin platform agents for container SecureJarResource(playeranimator)
[03May2026 04:02:02.362] [main/DEBUG] [mixin/]: Instancing new MixinPlatformAgentMinecraftForge for SecureJarResource(playeranimator)
[03May2026 04:02:02.362] [main/DEBUG] [mixin/]: MixinPlatformAgentMinecraftForge rejected container SecureJarResource(playeranimator)
[03May2026 04:02:02.362] [main/DEBUG] [mixin/]: Instancing new MixinPlatformAgentDefault for SecureJarResource(playeranimator)
[03May2026 04:02:02.362] [main/DEBUG] [mixin/]: MixinPlatformAgentDefault accepted container SecureJarResource(playeranimator)
[03May2026 04:02:02.363] [main/DEBUG] [mixin/]: Processing prepare() for PlatformAgent[MixinPlatformAgentDefault:SecureJarResource(playeranimator)]
[03May2026 04:02:02.363] [main/DEBUG] [mixin/]: Registering mixin config: playerAnimator-common.mixins.json
[03May2026 04:02:02.365] [main/DEBUG] [mixin/]: Compatibility level JAVA_16 specified by playerAnimator-common.mixins.json is higher than the maximum level supported by this version of mixin (JAVA_13).
[03May2026 04:02:02.367] [main/DEBUG] [mixin/]: Adding mixin platform agents for container SecureJarResource(fabric_item_api_v1)
[03May2026 04:02:02.367] [main/DEBUG] [mixin/]: Instancing new MixinPlatformAgentMinecraftForge for SecureJarResource(fabric_item_api_v1)
[03May2026 04:02:02.367] [main/DEBUG] [mixin/]: MixinPlatformAgentMinecraftForge rejected container SecureJarResource(fabric_item_api_v1)
[03May2026 04:02:02.368] [main/DEBUG] [mixin/]: Instancing new MixinPlatformAgentDefault for SecureJarResource(fabric_item_api_v1)
[03May2026 04:02:02.369] [main/DEBUG] [mixin/]: MixinPlatformAgentDefault accepted container SecureJarResource(fabric_item_api_v1)
[03May2026 04:02:02.369] [main/DEBUG] [mixin/]: Processing prepare() for PlatformAgent[MixinPlatformAgentDefault:SecureJarResource(fabric_item_api_v1)]
[03May2026 04:02:02.369] [main/DEBUG] [mixin/]: Registering mixin config: fabric-item-api-v1.mixins.json
[03May2026 04:02:02.371] [main/DEBUG] [mixin/]: Compatibility level JAVA_16 specified by fabric-item-api-v1.mixins.json is higher than the maximum level supported by this version of mixin (JAVA_13).
[03May2026 04:02:02.371] [main/DEBUG] [mixin/]: Registering mixin config: fabric-item-api-v1.client.mixins.json
[03May2026 04:02:02.374] [main/DEBUG] [mixin/]: Compatibility level JAVA_16 specified by fabric-item-api-v1.client.mixins.json is higher than the maximum level supported by this version of mixin (JAVA_13).
[03May2026 04:02:02.375] [main/ERROR] [mixin/]: Mixin config fabric-item-api-v1.client.mixins.json does not specify "minVersion" property
[03May2026 04:02:02.376] [main/DEBUG] [mixin/]: Adding mixin platform agents for container SecureJarResource(fabric_rendering_fluids_v1)
[03May2026 04:02:02.376] [main/DEBUG] [mixin/]: Instancing new MixinPlatformAgentMinecraftForge for SecureJarResource(fabric_rendering_fluids_v1)
[03May2026 04:02:02.377] [main/DEBUG] [mixin/]: MixinPlatformAgentMinecraftForge rejected container SecureJarResource(fabric_rendering_fluids_v1)
[03May2026 04:02:02.377] [main/DEBUG] [mixin/]: Instancing new MixinPlatformAgentDefault for SecureJarResource(fabric_rendering_fluids_v1)
[03May2026 04:02:02.377] [main/DEBUG] [mixin/]: MixinPlatformAgentDefault accepted container SecureJarResource(fabric_rendering_fluids_v1)
[03May2026 04:02:02.377] [main/DEBUG] [mixin/]: Processing prepare() for PlatformAgent[MixinPlatformAgentDefault:SecureJarResource(fabric_rendering_fluids_v1)]
[03May2026 04:02:02.377] [main/DEBUG] [mixin/]: Registering mixin config: fabric-rendering-fluids-v1.mixins.json
[03May2026 04:02:02.388] [main/DEBUG] [mixin/]: Compatibility level JAVA_16 specified by fabric-rendering-fluids-v1.mixins.json is higher than the maximum level supported by this version of mixin (JAVA_13).
[03May2026 04:02:02.389] [main/DEBUG] [mixin/]: Adding mixin platform agents for container SecureJarResource(fabric_models_v0)
[03May2026 04:02:02.389] [main/DEBUG] [mixin/]: Instancing new MixinPlatformAgentMinecraftForge for SecureJarResource(fabric_models_v0)
[03May2026 04:02:02.389] [main/DEBUG] [mixin/]: MixinPlatformAgentMinecraftForge rejected container SecureJarResource(fabric_models_v0)
[03May2026 04:02:02.389] [main/DEBUG] [mixin/]: Instancing new MixinPlatformAgentDefault for SecureJarResource(fabric_models_v0)
[03May2026 04:02:02.389] [main/DEBUG] [mixin/]: MixinPlatformAgentDefault accepted container SecureJarResource(fabric_models_v0)
[03May2026 04:02:02.389] [main/DEBUG] [mixin/]: Processing prepare() for PlatformAgent[MixinPlatformAgentDefault:SecureJarResource(fabric_models_v0)]
[03May2026 04:02:02.390] [main/DEBUG] [mixin/]: Adding mixin platform agents for container SecureJarResource(sophisticatedcore)
[03May2026 04:02:02.390] [main/DEBUG] [mixin/]: Instancing new MixinPlatformAgentMinecraftForge for SecureJarResource(sophisticatedcore)
[03May2026 04:02:02.390] [main/DEBUG] [mixin/]: MixinPlatformAgentMinecraftForge rejected container SecureJarResource(sophisticatedcore)
[03May2026 04:02:02.390] [main/DEBUG] [mixin/]: Instancing new MixinPlatformAgentDefault for SecureJarResource(sophisticatedcore)
[03May2026 04:02:02.390] [main/DEBUG] [mixin/]: MixinPlatformAgentDefault accepted container SecureJarResource(sophisticatedcore)
[03May2026 04:02:02.390] [main/DEBUG] [mixin/]: Processing prepare() for PlatformAgent[MixinPlatformAgentDefault:SecureJarResource(sophisticatedcore)]
[03May2026 04:02:02.390] [main/DEBUG] [mixin/]: Registering mixin config: sophisticatedcore.mixins.json
[03May2026 04:02:02.393] [main/DEBUG] [mixin/]: Adding mixin platform agents for container SecureJarResource(fabric_convention_tags_v1)
[03May2026 04:02:02.393] [main/DEBUG] [mixin/]: Instancing new MixinPlatformAgentMinecraftForge for SecureJarResource(fabric_convention_tags_v1)
[03May2026 04:02:02.393] [main/DEBUG] [mixin/]: MixinPlatformAgentMinecraftForge rejected container SecureJarResource(fabric_convention_tags_v1)
[03May2026 04:02:02.393] [main/DEBUG] [mixin/]: Instancing new MixinPlatformAgentDefault for SecureJarResource(fabric_convention_tags_v1)
[03May2026 04:02:02.393] [main/DEBUG] [mixin/]: MixinPlatformAgentDefault accepted container SecureJarResource(fabric_convention_tags_v1)
[03May2026 04:02:02.393] [main/DEBUG] [mixin/]: Processing prepare() for PlatformAgent[MixinPlatformAgentDefault:SecureJarResource(fabric_convention_tags_v1)]
[03May2026 04:02:02.393] [main/DEBUG] [mixin/]: Adding mixin platform agents for container SecureJarResource(prism)
[03May2026 04:02:02.393] [main/DEBUG] [mixin/]: Instancing new MixinPlatformAgentMinecraftForge for SecureJarResource(prism)
[03May2026 04:02:02.393] [main/DEBUG] [mixin/]: MixinPlatformAgentMinecraftForge rejected container SecureJarResource(prism)
[03May2026 04:02:02.393] [main/DEBUG] [mixin/]: Instancing new MixinPlatformAgentDefault for SecureJarResource(prism)
[03May2026 04:02:02.394] [main/DEBUG] [mixin/]: MixinPlatformAgentDefault accepted container SecureJarResource(prism)
[03May2026 04:02:02.394] [main/DEBUG] [mixin/]: Processing prepare() for PlatformAgent[MixinPlatformAgentDefault:SecureJarResource(prism)]
[03May2026 04:02:02.395] [main/DEBUG] [mixin/]: Registering mixin config: prism.mixins.json
[03May2026 04:02:02.397] [main/DEBUG] [mixin/]: Adding mixin platform agents for container SecureJarResource(modernfix)
[03May2026 04:02:02.397] [main/DEBUG] [mixin/]: Instancing new MixinPlatformAgentMinecraftForge for SecureJarResource(modernfix)
[03May2026 04:02:02.397] [main/DEBUG] [mixin/]: MixinPlatformAgentMinecraftForge rejected container SecureJarResource(modernfix)
[03May2026 04:02:02.398] [main/DEBUG] [mixin/]: Instancing new MixinPlatformAgentDefault for SecureJarResource(modernfix)
[03May2026 04:02:02.398] [main/DEBUG] [mixin/]: MixinPlatformAgentDefault accepted container SecureJarResource(modernfix)
[03May2026 04:02:02.398] [main/DEBUG] [mixin/]: Processing prepare() for PlatformAgent[MixinPlatformAgentDefault:SecureJarResource(modernfix)]
[03May2026 04:02:02.398] [main/DEBUG] [mixin/]: Registering mixin config: modernfix-modernfix.mixins.json
[03May2026 04:02:02.401] [main/DEBUG] [mixin/]: Adding mixin platform agents for container SecureJarResource(citadel)
[03May2026 04:02:02.401] [main/DEBUG] [mixin/]: Instancing new MixinPlatformAgentMinecraftForge for SecureJarResource(citadel)
[03May2026 04:02:02.401] [main/DEBUG] [mixin/]: MixinPlatformAgentMinecraftForge rejected container SecureJarResource(citadel)
[03May2026 04:02:02.401] [main/DEBUG] [mixin/]: Instancing new MixinPlatformAgentDefault for SecureJarResource(citadel)
[03May2026 04:02:02.402] [main/DEBUG] [mixin/]: MixinPlatformAgentDefault accepted container SecureJarResource(citadel)
[03May2026 04:02:02.402] [main/DEBUG] [mixin/]: Processing prepare() for PlatformAgent[MixinPlatformAgentDefault:SecureJarResource(citadel)]
[03May2026 04:02:02.402] [main/DEBUG] [mixin/]: Registering mixin config: citadel.mixins.json
[03May2026 04:02:02.404] [main/DEBUG] [mixin/]: Adding mixin platform agents for container SecureJarResource(fabric_command_api_v1)
[03May2026 04:02:02.404] [main/DEBUG] [mixin/]: Instancing new MixinPlatformAgentMinecraftForge for SecureJarResource(fabric_command_api_v1)
[03May2026 04:02:02.405] [main/DEBUG] [mixin/]: MixinPlatformAgentMinecraftForge rejected container SecureJarResource(fabric_command_api_v1)
[03May2026 04:02:02.405] [main/DEBUG] [mixin/]: Instancing new MixinPlatformAgentDefault for SecureJarResource(fabric_command_api_v1)
[03May2026 04:02:02.405] [main/DEBUG] [mixin/]: MixinPlatformAgentDefault accepted container SecureJarResource(fabric_command_api_v1)
[03May2026 04:02:02.405] [main/DEBUG] [mixin/]: Processing prepare() for PlatformAgent[MixinPlatformAgentDefault:SecureJarResource(fabric_command_api_v1)]
[03May2026 04:02:02.405] [main/DEBUG] [mixin/]: Adding mixin platform agents for container SecureJarResource(fabric_block_view_api_v2)
[03May2026 04:02:02.405] [main/DEBUG] [mixin/]: Instancing new MixinPlatformAgentMinecraftForge for SecureJarResource(fabric_block_view_api_v2)
[03May2026 04:02:02.406] [main/DEBUG] [mixin/]: MixinPlatformAgentMinecraftForge rejected container SecureJarResource(fabric_block_view_api_v2)
[03May2026 04:02:02.406] [main/DEBUG] [mixin/]: Instancing new MixinPlatformAgentDefault for SecureJarResource(fabric_block_view_api_v2)
[03May2026 04:02:02.407] [main/DEBUG] [mixin/]: MixinPlatformAgentDefault accepted container SecureJarResource(fabric_block_view_api_v2)
[03May2026 04:02:02.407] [main/DEBUG] [mixin/]: Processing prepare() for PlatformAgent[MixinPlatformAgentDefault:SecureJarResource(fabric_block_view_api_v2)]
[03May2026 04:02:02.407] [main/DEBUG] [mixin/]: Registering mixin config: fabric-block-view-api-v2.mixins.json
[03May2026 04:02:02.409] [main/DEBUG] [mixin/]: Registering mixin config: fabric-block-view-api-v2.client.mixins.json
[03May2026 04:02:02.412] [main/DEBUG] [mixin/]: Adding mixin platform agents for container SecureJarResource(fabric_command_api_v2)
[03May2026 04:02:02.412] [main/DEBUG] [mixin/]: Instancing new MixinPlatformAgentMinecraftForge for SecureJarResource(fabric_command_api_v2)
[03May2026 04:02:02.412] [main/DEBUG] [mixin/]: MixinPlatformAgentMinecraftForge rejected container SecureJarResource(fabric_command_api_v2)
[03May2026 04:02:02.412] [main/DEBUG] [mixin/]: Instancing new MixinPlatformAgentDefault for SecureJarResource(fabric_command_api_v2)
[03May2026 04:02:02.413] [main/DEBUG] [mixin/]: MixinPlatformAgentDefault accepted container SecureJarResource(fabric_command_api_v2)
[03May2026 04:02:02.413] [main/DEBUG] [mixin/]: Processing prepare() for PlatformAgent[MixinPlatformAgentDefault:SecureJarResource(fabric_command_api_v2)]
[03May2026 04:02:02.413] [main/DEBUG] [mixin/]: Registering mixin config: fabric-command-api-v2.mixins.json
[03May2026 04:02:02.415] [main/DEBUG] [mixin/]: Compatibility level JAVA_16 specified by fabric-command-api-v2.mixins.json is higher than the maximum level supported by this version of mixin (JAVA_13).
[03May2026 04:02:02.416] [main/DEBUG] [mixin/]: Registering mixin config: fabric-command-api-v2.client.mixins.json
[03May2026 04:02:02.418] [main/DEBUG] [mixin/]: Compatibility level JAVA_16 specified by fabric-command-api-v2.client.mixins.json is higher than the maximum level supported by this version of mixin (JAVA_13).
[03May2026 04:02:02.418] [main/DEBUG] [mixin/]: Adding mixin platform agents for container SecureJarResource(fabric_data_attachment_api_v1)
[03May2026 04:02:02.418] [main/DEBUG] [mixin/]: Instancing new MixinPlatformAgentMinecraftForge for SecureJarResource(fabric_data_attachment_api_v1)
[03May2026 04:02:02.419] [main/DEBUG] [mixin/]: MixinPlatformAgentMinecraftForge rejected container SecureJarResource(fabric_data_attachment_api_v1)
[03May2026 04:02:02.419] [main/DEBUG] [mixin/]: Instancing new MixinPlatformAgentDefault for SecureJarResource(fabric_data_attachment_api_v1)
[03May2026 04:02:02.419] [main/DEBUG] [mixin/]: MixinPlatformAgentDefault accepted container SecureJarResource(fabric_data_attachment_api_v1)
[03May2026 04:02:02.419] [main/DEBUG] [mixin/]: Processing prepare() for PlatformAgent[MixinPlatformAgentDefault:SecureJarResource(fabric_data_attachment_api_v1)]
[03May2026 04:02:02.419] [main/DEBUG] [mixin/]: Registering mixin config: fabric-data-attachment-api-v1.mixins.json
[03May2026 04:02:02.421] [main/ERROR] [mixin/]: Mixin config fabric-data-attachment-api-v1.mixins.json does not specify "minVersion" property
[03May2026 04:02:02.422] [main/DEBUG] [mixin/]: Registering mixin config: fabric-data-attachment-api-v1.client.mixins.json
[03May2026 04:02:02.426] [main/ERROR] [mixin/]: Mixin config fabric-data-attachment-api-v1.client.mixins.json does not specify "minVersion" property
[03May2026 04:02:02.427] [main/DEBUG] [mixin/]: Adding mixin platform agents for container SecureJarResource(sophisticatedbackpacks)
[03May2026 04:02:02.427] [main/DEBUG] [mixin/]: Instancing new MixinPlatformAgentMinecraftForge for SecureJarResource(sophisticatedbackpacks)
[03May2026 04:02:02.427] [main/DEBUG] [mixin/]: MixinPlatformAgentMinecraftForge rejected container SecureJarResource(sophisticatedbackpacks)
[03May2026 04:02:02.427] [main/DEBUG] [mixin/]: Instancing new MixinPlatformAgentDefault for SecureJarResource(sophisticatedbackpacks)
[03May2026 04:02:02.427] [main/DEBUG] [mixin/]: MixinPlatformAgentDefault accepted container SecureJarResource(sophisticatedbackpacks)
[03May2026 04:02:02.427] [main/DEBUG] [mixin/]: Processing prepare() for PlatformAgent[MixinPlatformAgentDefault:SecureJarResource(sophisticatedbackpacks)]
[03May2026 04:02:02.427] [main/DEBUG] [mixin/]: Adding mixin platform agents for container SecureJarResource(balm)
[03May2026 04:02:02.427] [main/DEBUG] [mixin/]: Instancing new MixinPlatformAgentMinecraftForge for SecureJarResource(balm)
[03May2026 04:02:02.428] [main/DEBUG] [mixin/]: MixinPlatformAgentMinecraftForge rejected container SecureJarResource(balm)
[03May2026 04:02:02.428] [main/DEBUG] [mixin/]: Instancing new MixinPlatformAgentDefault for SecureJarResource(balm)
[03May2026 04:02:02.428] [main/DEBUG] [mixin/]: MixinPlatformAgentDefault accepted container SecureJarResource(balm)
[03May2026 04:02:02.428] [main/DEBUG] [mixin/]: Processing prepare() for PlatformAgent[MixinPlatformAgentDefault:SecureJarResource(balm)]
[03May2026 04:02:02.428] [main/DEBUG] [mixin/]: Registering mixin config: balm.mixins.json
[03May2026 04:02:02.430] [main/DEBUG] [mixin/]: Adding mixin platform agents for container SecureJarResource(fabric_screen_api_v1)
[03May2026 04:02:02.430] [main/DEBUG] [mixin/]: Instancing new MixinPlatformAgentMinecraftForge for SecureJarResource(fabric_screen_api_v1)
[03May2026 04:02:02.430] [main/DEBUG] [mixin/]: MixinPlatformAgentMinecraftForge rejected container SecureJarResource(fabric_screen_api_v1)
[03May2026 04:02:02.430] [main/DEBUG] [mixin/]: Instancing new MixinPlatformAgentDefault for SecureJarResource(fabric_screen_api_v1)
[03May2026 04:02:02.430] [main/DEBUG] [mixin/]: MixinPlatformAgentDefault accepted container SecureJarResource(fabric_screen_api_v1)
[03May2026 04:02:02.431] [main/DEBUG] [mixin/]: Processing prepare() for PlatformAgent[MixinPlatformAgentDefault:SecureJarResource(fabric_screen_api_v1)]
[03May2026 04:02:02.431] [main/DEBUG] [mixin/]: Registering mixin config: fabric-screen-api-v1.mixins.json
[03May2026 04:02:02.432] [main/DEBUG] [mixin/]: Compatibility level JAVA_16 specified by fabric-screen-api-v1.mixins.json is higher than the maximum level supported by this version of mixin (JAVA_13).
[03May2026 04:02:02.433] [main/DEBUG] [mixin/]: Adding mixin platform agents for container SecureJarResource(cloth_config)
[03May2026 04:02:02.433] [main/DEBUG] [mixin/]: Instancing new MixinPlatformAgentMinecraftForge for SecureJarResource(cloth_config)
[03May2026 04:02:02.433] [main/DEBUG] [mixin/]: MixinPlatformAgentMinecraftForge rejected container SecureJarResource(cloth_config)
[03May2026 04:02:02.433] [main/DEBUG] [mixin/]: Instancing new MixinPlatformAgentDefault for SecureJarResource(cloth_config)
[03May2026 04:02:02.433] [main/DEBUG] [mixin/]: MixinPlatformAgentDefault accepted container SecureJarResource(cloth_config)
[03May2026 04:02:02.433] [main/DEBUG] [mixin/]: Processing prepare() for PlatformAgent[MixinPlatformAgentDefault:SecureJarResource(cloth_config)]
[03May2026 04:02:02.434] [main/DEBUG] [mixin/]: Adding mixin platform agents for container SecureJarResource(stackrefill)
[03May2026 04:02:02.434] [main/DEBUG] [mixin/]: Instancing new MixinPlatformAgentMinecraftForge for SecureJarResource(stackrefill)
[03May2026 04:02:02.434] [main/DEBUG] [mixin/]: MixinPlatformAgentMinecraftForge rejected container SecureJarResource(stackrefill)
[03May2026 04:02:02.434] [main/DEBUG] [mixin/]: Instancing new MixinPlatformAgentDefault for SecureJarResource(stackrefill)
[03May2026 04:02:02.434] [main/DEBUG] [mixin/]: MixinPlatformAgentDefault accepted container SecureJarResource(stackrefill)
[03May2026 04:02:02.435] [main/DEBUG] [mixin/]: Processing prepare() for PlatformAgent[MixinPlatformAgentDefault:SecureJarResource(stackrefill)]
[03May2026 04:02:02.435] [main/DEBUG] [mixin/]: Registering mixin config: stackrefill_forge.mixins.json
[03May2026 04:02:02.437] [main/DEBUG] [mixin/]: Adding mixin platform agents for container SecureJarResource(fabric_api)
[03May2026 04:02:02.437] [main/DEBUG] [mixin/]: Instancing new MixinPlatformAgentMinecraftForge for SecureJarResource(fabric_api)
[03May2026 04:02:02.437] [main/DEBUG] [mixin/]: MixinPlatformAgentMinecraftForge rejected container SecureJarResource(fabric_api)
[03May2026 04:02:02.437] [main/DEBUG] [mixin/]: Instancing new MixinPlatformAgentDefault for SecureJarResource(fabric_api)
[03May2026 04:02:02.437] [main/DEBUG] [mixin/]: MixinPlatformAgentDefault accepted container SecureJarResource(fabric_api)
[03May2026 04:02:02.437] [main/DEBUG] [mixin/]: Processing prepare() for PlatformAgent[MixinPlatformAgentDefault:SecureJarResource(fabric_api)]
[03May2026 04:02:02.437] [main/DEBUG] [mixin/]: Adding mixin platform agents for container SecureJarResource(fabric_content_registries_v0)
[03May2026 04:02:02.438] [main/DEBUG] [mixin/]: Instancing new MixinPlatformAgentMinecraftForge for SecureJarResource(fabric_content_registries_v0)
[03May2026 04:02:02.438] [main/DEBUG] [mixin/]: MixinPlatformAgentMinecraftForge rejected container SecureJarResource(fabric_content_registries_v0)
[03May2026 04:02:02.438] [main/DEBUG] [mixin/]: Instancing new MixinPlatformAgentDefault for SecureJarResource(fabric_content_registries_v0)
[03May2026 04:02:02.438] [main/DEBUG] [mixin/]: MixinPlatformAgentDefault accepted container SecureJarResource(fabric_content_registries_v0)
[03May2026 04:02:02.438] [main/DEBUG] [mixin/]: Processing prepare() for PlatformAgent[MixinPlatformAgentDefault:SecureJarResource(fabric_content_registries_v0)]
[03May2026 04:02:02.438] [main/DEBUG] [mixin/]: Registering mixin config: fabric-content-registries-v0.mixins.json
[03May2026 04:02:02.441] [main/DEBUG] [mixin/]: Compatibility level JAVA_16 specified by fabric-content-registries-v0.mixins.json is higher than the maximum level supported by this version of mixin (JAVA_13).
[03May2026 04:02:02.441] [main/DEBUG] [mixin/]: Adding mixin platform agents for container SecureJarResource(konkrete)
[03May2026 04:02:02.441] [main/DEBUG] [mixin/]: Instancing new MixinPlatformAgentMinecraftForge for SecureJarResource(konkrete)
[03May2026 04:02:02.441] [main/DEBUG] [mixin/]: MixinPlatformAgentMinecraftForge rejected container SecureJarResource(konkrete)
[03May2026 04:02:02.441] [main/DEBUG] [mixin/]: Instancing new MixinPlatformAgentDefault for SecureJarResource(konkrete)
[03May2026 04:02:02.441] [main/DEBUG] [mixin/]: MixinPlatformAgentDefault accepted container SecureJarResource(konkrete)
[03May2026 04:02:02.441] [main/DEBUG] [mixin/]: Processing prepare() for PlatformAgent[MixinPlatformAgentDefault:SecureJarResource(konkrete)]
[03May2026 04:02:02.441] [main/DEBUG] [mixin/]: Registering mixin config: konkrete.mixin.json
[03May2026 04:02:02.443] [main/DEBUG] [mixin/]: Adding mixin platform agents for container SecureJarResource(fabric_game_rule_api_v1)
[03May2026 04:02:02.443] [main/DEBUG] [mixin/]: Instancing new MixinPlatformAgentMinecraftForge for SecureJarResource(fabric_game_rule_api_v1)
[03May2026 04:02:02.444] [main/DEBUG] [mixin/]: MixinPlatformAgentMinecraftForge rejected container SecureJarResource(fabric_game_rule_api_v1)
[03May2026 04:02:02.444] [main/DEBUG] [mixin/]: Instancing new MixinPlatformAgentDefault for SecureJarResource(fabric_game_rule_api_v1)
[03May2026 04:02:02.445] [main/DEBUG] [mixin/]: MixinPlatformAgentDefault accepted container SecureJarResource(fabric_game_rule_api_v1)
[03May2026 04:02:02.445] [main/DEBUG] [mixin/]: Processing prepare() for PlatformAgent[MixinPlatformAgentDefault:SecureJarResource(fabric_game_rule_api_v1)]
[03May2026 04:02:02.445] [main/DEBUG] [mixin/]: Registering mixin config: fabric-game-rule-api-v1.mixins.json
[03May2026 04:02:02.447] [main/DEBUG] [mixin/]: Compatibility level JAVA_16 specified by fabric-game-rule-api-v1.mixins.json is higher than the maximum level supported by this version of mixin (JAVA_13).
[03May2026 04:02:02.448] [main/DEBUG] [mixin/]: Registering mixin config: fabric-game-rule-api-v1.client.mixins.json
[03May2026 04:02:02.450] [main/DEBUG] [mixin/]: Compatibility level JAVA_16 specified by fabric-game-rule-api-v1.client.mixins.json is higher than the maximum level supported by this version of mixin (JAVA_13).
[03May2026 04:02:02.450] [main/DEBUG] [mixin/]: Adding mixin platform agents for container SecureJarResource(fabric_api_lookup_api_v1)
[03May2026 04:02:02.450] [main/DEBUG] [mixin/]: Instancing new MixinPlatformAgentMinecraftForge for SecureJarResource(fabric_api_lookup_api_v1)
[03May2026 04:02:02.450] [main/DEBUG] [mixin/]: MixinPlatformAgentMinecraftForge rejected container SecureJarResource(fabric_api_lookup_api_v1)
[03May2026 04:02:02.450] [main/DEBUG] [mixin/]: Instancing new MixinPlatformAgentDefault for SecureJarResource(fabric_api_lookup_api_v1)
[03May2026 04:02:02.450] [main/DEBUG] [mixin/]: MixinPlatformAgentDefault accepted container SecureJarResource(fabric_api_lookup_api_v1)
[03May2026 04:02:02.451] [main/DEBUG] [mixin/]: Processing prepare() for PlatformAgent[MixinPlatformAgentDefault:SecureJarResource(fabric_api_lookup_api_v1)]
[03May2026 04:02:02.451] [main/DEBUG] [mixin/]: Registering mixin config: fabric-api-lookup-api-v1.mixins.json
[03May2026 04:02:02.453] [main/DEBUG] [mixin/]: Compatibility level JAVA_16 specified by fabric-api-lookup-api-v1.mixins.json is higher than the maximum level supported by this version of mixin (JAVA_13).
[03May2026 04:02:02.453] [main/DEBUG] [mixin/]: Adding mixin platform agents for container SecureJarResource(jupiter)
[03May2026 04:02:02.453] [main/DEBUG] [mixin/]: Instancing new MixinPlatformAgentMinecraftForge for SecureJarResource(jupiter)
[03May2026 04:02:02.453] [main/DEBUG] [mixin/]: MixinPlatformAgentMinecraftForge rejected container SecureJarResource(jupiter)
[03May2026 04:02:02.453] [main/DEBUG] [mixin/]: Instancing new MixinPlatformAgentDefault for SecureJarResource(jupiter)
[03May2026 04:02:02.453] [main/DEBUG] [mixin/]: MixinPlatformAgentDefault accepted container SecureJarResource(jupiter)
[03May2026 04:02:02.453] [main/DEBUG] [mixin/]: Processing prepare() for PlatformAgent[MixinPlatformAgentDefault:SecureJarResource(jupiter)]
[03May2026 04:02:02.454] [main/DEBUG] [mixin/]: Registering mixin config: jupiter.mixins.json
[03May2026 04:02:02.455] [main/DEBUG] [mixin/]: Compatibility level JAVA_8 specified by jupiter.mixins.json is lower than the default level supported by the current mixin service (JAVA_16).
[03May2026 04:02:02.456] [main/DEBUG] [mixin/]: Adding mixin platform agents for container SecureJarResource(lionfishapi)
[03May2026 04:02:02.456] [main/DEBUG] [mixin/]: Instancing new MixinPlatformAgentMinecraftForge for SecureJarResource(lionfishapi)
[03May2026 04:02:02.456] [main/DEBUG] [mixin/]: MixinPlatformAgentMinecraftForge rejected container SecureJarResource(lionfishapi)
[03May2026 04:02:02.456] [main/DEBUG] [mixin/]: Instancing new MixinPlatformAgentDefault for SecureJarResource(lionfishapi)
[03May2026 04:02:02.456] [main/DEBUG] [mixin/]: MixinPlatformAgentDefault accepted container SecureJarResource(lionfishapi)
[03May2026 04:02:02.457] [main/DEBUG] [mixin/]: Processing prepare() for PlatformAgent[MixinPlatformAgentDefault:SecureJarResource(lionfishapi)]
[03May2026 04:02:02.457] [main/DEBUG] [mixin/]: Registering mixin config: lionfishapi.mixins.json
[03May2026 04:02:02.459] [main/DEBUG] [mixin/]: Adding mixin platform agents for container SecureJarResource(spartantoolkit)
[03May2026 04:02:02.459] [main/DEBUG] [mixin/]: Instancing new MixinPlatformAgentMinecraftForge for SecureJarResource(spartantoolkit)
[03May2026 04:02:02.459] [main/DEBUG] [mixin/]: MixinPlatformAgentMinecraftForge rejected container SecureJarResource(spartantoolkit)
[03May2026 04:02:02.459] [main/DEBUG] [mixin/]: Instancing new MixinPlatformAgentDefault for SecureJarResource(spartantoolkit)
[03May2026 04:02:02.459] [main/DEBUG] [mixin/]: MixinPlatformAgentDefault accepted container SecureJarResource(spartantoolkit)
[03May2026 04:02:02.459] [main/DEBUG] [mixin/]: Processing prepare() for PlatformAgent[MixinPlatformAgentDefault:SecureJarResource(spartantoolkit)]
[03May2026 04:02:02.459] [main/DEBUG] [mixin/]: Registering mixin config: spartantoolkit.mixins.json
[03May2026 04:02:02.461] [main/DEBUG] [mixin/]: Adding mixin platform agents for container SecureJarResource(cataclysm)
[03May2026 04:02:02.461] [main/DEBUG] [mixin/]: Instancing new MixinPlatformAgentMinecraftForge for SecureJarResource(cataclysm)
[03May2026 04:02:02.461] [main/DEBUG] [mixin/]: MixinPlatformAgentMinecraftForge rejected container SecureJarResource(cataclysm)
[03May2026 04:02:02.462] [main/DEBUG] [mixin/]: Instancing new MixinPlatformAgentDefault for SecureJarResource(cataclysm)
[03May2026 04:02:02.462] [main/DEBUG] [mixin/]: MixinPlatformAgentDefault accepted container SecureJarResource(cataclysm)
[03May2026 04:02:02.462] [main/DEBUG] [mixin/]: Processing prepare() for PlatformAgent[MixinPlatformAgentDefault:SecureJarResource(cataclysm)]
[03May2026 04:02:02.462] [main/DEBUG] [mixin/]: Registering mixin config: lionfishapi.mixins.json
[03May2026 04:02:02.462] [main/DEBUG] [mixin/]: Registering mixin config: cataclysm.mixins.json
[03May2026 04:02:02.464] [main/DEBUG] [mixin/]: Adding mixin platform agents for container SecureJarResource(curios)
[03May2026 04:02:02.464] [main/DEBUG] [mixin/]: Instancing new MixinPlatformAgentMinecraftForge for SecureJarResource(curios)
[03May2026 04:02:02.464] [main/DEBUG] [mixin/]: MixinPlatformAgentMinecraftForge rejected container SecureJarResource(curios)
[03May2026 04:02:02.464] [main/DEBUG] [mixin/]: Instancing new MixinPlatformAgentDefault for SecureJarResource(curios)
[03May2026 04:02:02.464] [main/DEBUG] [mixin/]: MixinPlatformAgentDefault accepted container SecureJarResource(curios)
[03May2026 04:02:02.464] [main/DEBUG] [mixin/]: Processing prepare() for PlatformAgent[MixinPlatformAgentDefault:SecureJarResource(curios)]
[03May2026 04:02:02.464] [main/DEBUG] [mixin/]: Registering mixin config: curios.mixins.json
[03May2026 04:02:02.466] [main/DEBUG] [mixin/]: Adding mixin platform agents for container SecureJarResource(collective)
[03May2026 04:02:02.467] [main/DEBUG] [mixin/]: Instancing new MixinPlatformAgentMinecraftForge for SecureJarResource(collective)
[03May2026 04:02:02.467] [main/DEBUG] [mixin/]: MixinPlatformAgentMinecraftForge rejected container SecureJarResource(collective)
[03May2026 04:02:02.467] [main/DEBUG] [mixin/]: Instancing new MixinPlatformAgentDefault for SecureJarResource(collective)
[03May2026 04:02:02.467] [main/DEBUG] [mixin/]: MixinPlatformAgentDefault accepted container SecureJarResource(collective)
[03May2026 04:02:02.467] [main/DEBUG] [mixin/]: Processing prepare() for PlatformAgent[MixinPlatformAgentDefault:SecureJarResource(collective)]
[03May2026 04:02:02.467] [main/DEBUG] [mixin/]: Registering mixin config: collective_forge.mixins.json
[03May2026 04:02:02.469] [main/DEBUG] [mixin/]: Adding mixin platform agents for container SecureJarResource(searchables)
[03May2026 04:02:02.469] [main/DEBUG] [mixin/]: Instancing new MixinPlatformAgentMinecraftForge for SecureJarResource(searchables)
[03May2026 04:02:02.469] [main/DEBUG] [mixin/]: MixinPlatformAgentMinecraftForge rejected container SecureJarResource(searchables)
[03May2026 04:02:02.470] [main/DEBUG] [mixin/]: Instancing new MixinPlatformAgentDefault for SecureJarResource(searchables)
[03May2026 04:02:02.470] [main/DEBUG] [mixin/]: MixinPlatformAgentDefault accepted container SecureJarResource(searchables)
[03May2026 04:02:02.470] [main/DEBUG] [mixin/]: Processing prepare() for PlatformAgent[MixinPlatformAgentDefault:SecureJarResource(searchables)]
[03May2026 04:02:02.470] [main/DEBUG] [mixin/]: Registering mixin config: searchables.mixins.json
[03May2026 04:02:02.472] [main/DEBUG] [mixin/]: Registering mixin config: searchables.forge.mixins.json
[03May2026 04:02:02.474] [main/DEBUG] [mixin/]: Adding mixin platform agents for container SecureJarResource(spartanfire)
[03May2026 04:02:02.474] [main/DEBUG] [mixin/]: Instancing new MixinPlatformAgentMinecraftForge for SecureJarResource(spartanfire)
[03May2026 04:02:02.474] [main/DEBUG] [mixin/]: MixinPlatformAgentMinecraftForge rejected container SecureJarResource(spartanfire)
[03May2026 04:02:02.474] [main/DEBUG] [mixin/]: Instancing new MixinPlatformAgentDefault for SecureJarResource(spartanfire)
[03May2026 04:02:02.474] [main/DEBUG] [mixin/]: MixinPlatformAgentDefault accepted container SecureJarResource(spartanfire)
[03May2026 04:02:02.474] [main/DEBUG] [mixin/]: Processing prepare() for PlatformAgent[MixinPlatformAgentDefault:SecureJarResource(spartanfire)]
[03May2026 04:02:02.475] [main/DEBUG] [mixin/]: Registering mixin config: spartanfire.mixins.json
[03May2026 04:02:02.477] [main/DEBUG] [mixin/]: Adding mixin platform agents for container SecureJarResource(fabric_entity_events_v1)
[03May2026 04:02:02.477] [main/DEBUG] [mixin/]: Instancing new MixinPlatformAgentMinecraftForge for SecureJarResource(fabric_entity_events_v1)
[03May2026 04:02:02.477] [main/DEBUG] [mixin/]: MixinPlatformAgentMinecraftForge rejected container SecureJarResource(fabric_entity_events_v1)
[03May2026 04:02:02.477] [main/DEBUG] [mixin/]: Instancing new MixinPlatformAgentDefault for SecureJarResource(fabric_entity_events_v1)
[03May2026 04:02:02.477] [main/DEBUG] [mixin/]: MixinPlatformAgentDefault accepted container SecureJarResource(fabric_entity_events_v1)
[03May2026 04:02:02.477] [main/DEBUG] [mixin/]: Processing prepare() for PlatformAgent[MixinPlatformAgentDefault:SecureJarResource(fabric_entity_events_v1)]
[03May2026 04:02:02.477] [main/DEBUG] [mixin/]: Registering mixin config: fabric-entity-events-v1.mixins.json
[03May2026 04:02:02.479] [main/DEBUG] [mixin/]: Compatibility level JAVA_16 specified by fabric-entity-events-v1.mixins.json is higher than the maximum level supported by this version of mixin (JAVA_13).
[03May2026 04:02:02.480] [main/DEBUG] [mixin/]: Registering mixin config: fabric-entity-events-v1.client.mixins.json
[03May2026 04:02:02.481] [main/DEBUG] [mixin/]: Compatibility level JAVA_16 specified by fabric-entity-events-v1.client.mixins.json is higher than the maximum level supported by this version of mixin (JAVA_13).
[03May2026 04:02:02.482] [main/DEBUG] [mixin/]: Adding mixin platform agents for container SecureJarResource(spartanweaponry)
[03May2026 04:02:02.482] [main/DEBUG] [mixin/]: Instancing new MixinPlatformAgentMinecraftForge for SecureJarResource(spartanweaponry)
[03May2026 04:02:02.482] [main/DEBUG] [mixin/]: MixinPlatformAgentMinecraftForge rejected container SecureJarResource(spartanweaponry)
[03May2026 04:02:02.482] [main/DEBUG] [mixin/]: Instancing new MixinPlatformAgentDefault for SecureJarResource(spartanweaponry)
[03May2026 04:02:02.482] [main/DEBUG] [mixin/]: MixinPlatformAgentDefault accepted container SecureJarResource(spartanweaponry)
[03May2026 04:02:02.482] [main/DEBUG] [mixin/]: Processing prepare() for PlatformAgent[MixinPlatformAgentDefault:SecureJarResource(spartanweaponry)]
[03May2026 04:02:02.482] [main/DEBUG] [mixin/]: Registering mixin config: spartanweaponry.mixins.json
[03May2026 04:02:02.484] [main/DEBUG] [mixin/]: Adding mixin platform agents for container SecureJarResource(architectury)
[03May2026 04:02:02.484] [main/DEBUG] [mixin/]: Instancing new MixinPlatformAgentMinecraftForge for SecureJarResource(architectury)
[03May2026 04:02:02.484] [main/DEBUG] [mixin/]: MixinPlatformAgentMinecraftForge rejected container SecureJarResource(architectury)
[03May2026 04:02:02.484] [main/DEBUG] [mixin/]: Instancing new MixinPlatformAgentDefault for SecureJarResource(architectury)
[03May2026 04:02:02.485] [main/DEBUG] [mixin/]: MixinPlatformAgentDefault accepted container SecureJarResource(architectury)
[03May2026 04:02:02.485] [main/DEBUG] [mixin/]: Processing prepare() for PlatformAgent[MixinPlatformAgentDefault:SecureJarResource(architectury)]
[03May2026 04:02:02.485] [main/DEBUG] [mixin/]: Registering mixin config: architectury.mixins.json
[03May2026 04:02:02.487] [main/DEBUG] [mixin/]: Compatibility level JAVA_16 specified by architectury.mixins.json is higher than the maximum level supported by this version of mixin (JAVA_13).
[03May2026 04:02:02.487] [main/DEBUG] [mixin/]: Registering mixin config: architectury-common.mixins.json
[03May2026 04:02:02.489] [main/DEBUG] [mixin/]: Compatibility level JAVA_16 specified by architectury-common.mixins.json is higher than the maximum level supported by this version of mixin (JAVA_13).
[03May2026 04:02:02.489] [main/DEBUG] [mixin/]: Adding mixin platform agents for container SecureJarResource(fabric_loot_api_v2)
[03May2026 04:02:02.489] [main/DEBUG] [mixin/]: Instancing new MixinPlatformAgentMinecraftForge for SecureJarResource(fabric_loot_api_v2)
[03May2026 04:02:02.489] [main/DEBUG] [mixin/]: MixinPlatformAgentMinecraftForge rejected container SecureJarResource(fabric_loot_api_v2)
[03May2026 04:02:02.489] [main/DEBUG] [mixin/]: Instancing new MixinPlatformAgentDefault for SecureJarResource(fabric_loot_api_v2)
[03May2026 04:02:02.489] [main/DEBUG] [mixin/]: MixinPlatformAgentDefault accepted container SecureJarResource(fabric_loot_api_v2)
[03May2026 04:02:02.489] [main/DEBUG] [mixin/]: Processing prepare() for PlatformAgent[MixinPlatformAgentDefault:SecureJarResource(fabric_loot_api_v2)]
[03May2026 04:02:02.490] [main/DEBUG] [mixin/]: Registering mixin config: fabric-loot-api-v2.mixins.json
[03May2026 04:02:02.491] [main/DEBUG] [mixin/]: Compatibility level JAVA_8 specified by fabric-loot-api-v2.mixins.json is lower than the default level supported by the current mixin service (JAVA_16).
[03May2026 04:02:02.492] [main/DEBUG] [mixin/]: Adding mixin platform agents for container SecureJarResource(fabric_rendering_data_attachment_v1)
[03May2026 04:02:02.492] [main/DEBUG] [mixin/]: Instancing new MixinPlatformAgentMinecraftForge for SecureJarResource(fabric_rendering_data_attachment_v1)
[03May2026 04:02:02.492] [main/DEBUG] [mixin/]: MixinPlatformAgentMinecraftForge rejected container SecureJarResource(fabric_rendering_data_attachment_v1)
[03May2026 04:02:02.492] [main/DEBUG] [mixin/]: Instancing new MixinPlatformAgentDefault for SecureJarResource(fabric_rendering_data_attachment_v1)
[03May2026 04:02:02.492] [main/DEBUG] [mixin/]: MixinPlatformAgentDefault accepted container SecureJarResource(fabric_rendering_data_attachment_v1)
[03May2026 04:02:02.492] [main/DEBUG] [mixin/]: Processing prepare() for PlatformAgent[MixinPlatformAgentDefault:SecureJarResource(fabric_rendering_data_attachment_v1)]
[03May2026 04:02:02.492] [main/DEBUG] [mixin/]: Registering mixin config: fabric-rendering-data-attachment-v1.mixins.json
[03May2026 04:02:02.495] [main/DEBUG] [mixin/]: Registering mixin config: fabric-rendering-data-attachment-v1.client.mixins.json
[03May2026 04:02:02.497] [main/DEBUG] [mixin/]: Adding mixin platform agents for container SecureJarResource(fabric_networking_api_v1)
[03May2026 04:02:02.497] [main/DEBUG] [mixin/]: Instancing new MixinPlatformAgentMinecraftForge for SecureJarResource(fabric_networking_api_v1)
[03May2026 04:02:02.497] [main/DEBUG] [mixin/]: MixinPlatformAgentMinecraftForge rejected container SecureJarResource(fabric_networking_api_v1)
[03May2026 04:02:02.497] [main/DEBUG] [mixin/]: Instancing new MixinPlatformAgentDefault for SecureJarResource(fabric_networking_api_v1)
[03May2026 04:02:02.497] [main/DEBUG] [mixin/]: MixinPlatformAgentDefault accepted container SecureJarResource(fabric_networking_api_v1)
[03May2026 04:02:02.497] [main/DEBUG] [mixin/]: Processing prepare() for PlatformAgent[MixinPlatformAgentDefault:SecureJarResource(fabric_networking_api_v1)]
[03May2026 04:02:02.497] [main/DEBUG] [mixin/]: Registering mixin config: fabric-networking-api-v1.mixins.json
[03May2026 04:02:02.499] [main/DEBUG] [mixin/]: Compatibility level JAVA_16 specified by fabric-networking-api-v1.mixins.json is higher than the maximum level supported by this version of mixin (JAVA_13).
[03May2026 04:02:02.499] [main/DEBUG] [mixin/]: Registering mixin config: fabric-networking-api-v1.client.mixins.json
[03May2026 04:02:02.501] [main/DEBUG] [mixin/]: Compatibility level JAVA_16 specified by fabric-networking-api-v1.client.mixins.json is higher than the maximum level supported by this version of mixin (JAVA_13).
[03May2026 04:02:02.501] [main/DEBUG] [mixin/]: Adding mixin platform agents for container SecureJarResource(fallingtree)
[03May2026 04:02:02.502] [main/DEBUG] [mixin/]: Instancing new MixinPlatformAgentMinecraftForge for SecureJarResource(fallingtree)
[03May2026 04:02:02.502] [main/DEBUG] [mixin/]: MixinPlatformAgentMinecraftForge rejected container SecureJarResource(fallingtree)
[03May2026 04:02:02.502] [main/DEBUG] [mixin/]: Instancing new MixinPlatformAgentDefault for SecureJarResource(fallingtree)
[03May2026 04:02:02.502] [main/DEBUG] [mixin/]: MixinPlatformAgentDefault accepted container SecureJarResource(fallingtree)
[03May2026 04:02:02.502] [main/DEBUG] [mixin/]: Processing prepare() for PlatformAgent[MixinPlatformAgentDefault:SecureJarResource(fallingtree)]
[03May2026 04:02:02.502] [main/DEBUG] [mixin/]: Adding mixin platform agents for container SecureJarResource(enchantinginfuser)
[03May2026 04:02:02.502] [main/DEBUG] [mixin/]: Instancing new MixinPlatformAgentMinecraftForge for SecureJarResource(enchantinginfuser)
[03May2026 04:02:02.502] [main/DEBUG] [mixin/]: MixinPlatformAgentMinecraftForge rejected container SecureJarResource(enchantinginfuser)
[03May2026 04:02:02.502] [main/DEBUG] [mixin/]: Instancing new MixinPlatformAgentDefault for SecureJarResource(enchantinginfuser)
[03May2026 04:02:02.503] [main/DEBUG] [mixin/]: MixinPlatformAgentDefault accepted container SecureJarResource(enchantinginfuser)
[03May2026 04:02:02.503] [main/DEBUG] [mixin/]: Processing prepare() for PlatformAgent[MixinPlatformAgentDefault:SecureJarResource(enchantinginfuser)]
[03May2026 04:02:02.503] [main/DEBUG] [mixin/]: Adding mixin platform agents for container SecureJarResource(fabric_lifecycle_events_v1)
[03May2026 04:02:02.503] [main/DEBUG] [mixin/]: Instancing new MixinPlatformAgentMinecraftForge for SecureJarResource(fabric_lifecycle_events_v1)
[03May2026 04:02:02.503] [main/DEBUG] [mixin/]: MixinPlatformAgentMinecraftForge rejected container SecureJarResource(fabric_lifecycle_events_v1)
[03May2026 04:02:02.503] [main/DEBUG] [mixin/]: Instancing new MixinPlatformAgentDefault for SecureJarResource(fabric_lifecycle_events_v1)
[03May2026 04:02:02.503] [main/DEBUG] [mixin/]: MixinPlatformAgentDefault accepted container SecureJarResource(fabric_lifecycle_events_v1)
[03May2026 04:02:02.503] [main/DEBUG] [mixin/]: Processing prepare() for PlatformAgent[MixinPlatformAgentDefault:SecureJarResource(fabric_lifecycle_events_v1)]
[03May2026 04:02:02.503] [main/DEBUG] [mixin/]: Registering mixin config: fabric-lifecycle-events-v1.mixins.json
[03May2026 04:02:02.505] [main/DEBUG] [mixin/]: Registering mixin config: fabric-lifecycle-events-v1.client.mixins.json
[03May2026 04:02:02.507] [main/DEBUG] [mixin/]: Compatibility level JAVA_16 specified by fabric-lifecycle-events-v1.client.mixins.json is higher than the maximum level supported by this version of mixin (JAVA_13).
[03May2026 04:02:02.507] [main/DEBUG] [mixin/]: Adding mixin platform agents for container SecureJarResource(fabric_key_binding_api_v1)
[03May2026 04:02:02.508] [main/DEBUG] [mixin/]: Instancing new MixinPlatformAgentMinecraftForge for SecureJarResource(fabric_key_binding_api_v1)
[03May2026 04:02:02.508] [main/DEBUG] [mixin/]: MixinPlatformAgentMinecraftForge rejected container SecureJarResource(fabric_key_binding_api_v1)
[03May2026 04:02:02.508] [main/DEBUG] [mixin/]: Instancing new MixinPlatformAgentDefault for SecureJarResource(fabric_key_binding_api_v1)
[03May2026 04:02:02.508] [main/DEBUG] [mixin/]: MixinPlatformAgentDefault accepted container SecureJarResource(fabric_key_binding_api_v1)
[03May2026 04:02:02.508] [main/DEBUG] [mixin/]: Processing prepare() for PlatformAgent[MixinPlatformAgentDefault:SecureJarResource(fabric_key_binding_api_v1)]
[03May2026 04:02:02.508] [main/DEBUG] [mixin/]: Registering mixin config: fabric-key-binding-api-v1.mixins.json
[03May2026 04:02:02.510] [main/DEBUG] [mixin/]: Compatibility level JAVA_16 specified by fabric-key-binding-api-v1.mixins.json is higher than the maximum level supported by this version of mixin (JAVA_13).
[03May2026 04:02:02.510] [main/DEBUG] [mixin/]: Adding mixin platform agents for container SecureJarResource(fabric_client_tags_api_v1)
[03May2026 04:02:02.510] [main/DEBUG] [mixin/]: Instancing new MixinPlatformAgentMinecraftForge for SecureJarResource(fabric_client_tags_api_v1)
[03May2026 04:02:02.510] [main/DEBUG] [mixin/]: MixinPlatformAgentMinecraftForge rejected container SecureJarResource(fabric_client_tags_api_v1)
[03May2026 04:02:02.511] [main/DEBUG] [mixin/]: Instancing new MixinPlatformAgentDefault for SecureJarResource(fabric_client_tags_api_v1)
[03May2026 04:02:02.511] [main/DEBUG] [mixin/]: MixinPlatformAgentDefault accepted container SecureJarResource(fabric_client_tags_api_v1)
[03May2026 04:02:02.511] [main/DEBUG] [mixin/]: Processing prepare() for PlatformAgent[MixinPlatformAgentDefault:SecureJarResource(fabric_client_tags_api_v1)]
[03May2026 04:02:02.511] [main/DEBUG] [mixin/]: Adding mixin platform agents for container SecureJarResource(fabric_transfer_api_v1)
[03May2026 04:02:02.511] [main/DEBUG] [mixin/]: Instancing new MixinPlatformAgentMinecraftForge for SecureJarResource(fabric_transfer_api_v1)
[03May2026 04:02:02.511] [main/DEBUG] [mixin/]: MixinPlatformAgentMinecraftForge rejected container SecureJarResource(fabric_transfer_api_v1)
[03May2026 04:02:02.511] [main/DEBUG] [mixin/]: Instancing new MixinPlatformAgentDefault for SecureJarResource(fabric_transfer_api_v1)
[03May2026 04:02:02.511] [main/DEBUG] [mixin/]: MixinPlatformAgentDefault accepted container SecureJarResource(fabric_transfer_api_v1)
[03May2026 04:02:02.511] [main/DEBUG] [mixin/]: Processing prepare() for PlatformAgent[MixinPlatformAgentDefault:SecureJarResource(fabric_transfer_api_v1)]
[03May2026 04:02:02.511] [main/DEBUG] [mixin/]: Registering mixin config: fabric-transfer-api-v1.mixins.json
[03May2026 04:02:02.513] [main/DEBUG] [mixin/]: Compatibility level JAVA_16 specified by fabric-transfer-api-v1.mixins.json is higher than the maximum level supported by this version of mixin (JAVA_13).
[03May2026 04:02:02.514] [main/DEBUG] [mixin/]: Adding mixin platform agents for container SecureJarResource(fabric_dimensions_v1)
[03May2026 04:02:02.514] [main/DEBUG] [mixin/]: Instancing new MixinPlatformAgentMinecraftForge for SecureJarResource(fabric_dimensions_v1)
[03May2026 04:02:02.515] [main/DEBUG] [mixin/]: MixinPlatformAgentMinecraftForge rejected container SecureJarResource(fabric_dimensions_v1)
[03May2026 04:02:02.515] [main/DEBUG] [mixin/]: Instancing new MixinPlatformAgentDefault for SecureJarResource(fabric_dimensions_v1)
[03May2026 04:02:02.515] [main/DEBUG] [mixin/]: MixinPlatformAgentDefault accepted container SecureJarResource(fabric_dimensions_v1)
[03May2026 04:02:02.516] [main/DEBUG] [mixin/]: Processing prepare() for PlatformAgent[MixinPlatformAgentDefault:SecureJarResource(fabric_dimensions_v1)]
[03May2026 04:02:02.516] [main/DEBUG] [mixin/]: Adding mixin platform agents for container SecureJarResource(elytraslot)
[03May2026 04:02:02.516] [main/DEBUG] [mixin/]: Instancing new MixinPlatformAgentMinecraftForge for SecureJarResource(elytraslot)
[03May2026 04:02:02.516] [main/DEBUG] [mixin/]: MixinPlatformAgentMinecraftForge rejected container SecureJarResource(elytraslot)
[03May2026 04:02:02.516] [main/DEBUG] [mixin/]: Instancing new MixinPlatformAgentDefault for SecureJarResource(elytraslot)
[03May2026 04:02:02.516] [main/DEBUG] [mixin/]: MixinPlatformAgentDefault accepted container SecureJarResource(elytraslot)
[03May2026 04:02:02.516] [main/DEBUG] [mixin/]: Processing prepare() for PlatformAgent[MixinPlatformAgentDefault:SecureJarResource(elytraslot)]
[03May2026 04:02:02.516] [main/DEBUG] [mixin/]: Registering mixin config: elytraslot-integrations.mixins.json
[03May2026 04:02:02.518] [main/DEBUG] [mixin/]: Compatibility level JAVA_16 specified by elytraslot-integrations.mixins.json is higher than the maximum level supported by this version of mixin (JAVA_13).
[03May2026 04:02:02.518] [main/DEBUG] [mixin/]: Registering mixin config: elytraslot-forge-integrations.mixins.json
[03May2026 04:02:02.520] [main/DEBUG] [mixin/]: Compatibility level JAVA_16 specified by elytraslot-forge-integrations.mixins.json is higher than the maximum level supported by this version of mixin (JAVA_13).
[03May2026 04:02:02.520] [main/DEBUG] [mixin/]: Adding mixin platform agents for container SecureJarResource(fabric_model_loading_api_v1)
[03May2026 04:02:02.520] [main/DEBUG] [mixin/]: Instancing new MixinPlatformAgentMinecraftForge for SecureJarResource(fabric_model_loading_api_v1)
[03May2026 04:02:02.520] [main/DEBUG] [mixin/]: MixinPlatformAgentMinecraftForge rejected container SecureJarResource(fabric_model_loading_api_v1)
[03May2026 04:02:02.520] [main/DEBUG] [mixin/]: Instancing new MixinPlatformAgentDefault for SecureJarResource(fabric_model_loading_api_v1)
[03May2026 04:02:02.520] [main/DEBUG] [mixin/]: MixinPlatformAgentDefault accepted container SecureJarResource(fabric_model_loading_api_v1)
[03May2026 04:02:02.521] [main/DEBUG] [mixin/]: Processing prepare() for PlatformAgent[MixinPlatformAgentDefault:SecureJarResource(fabric_model_loading_api_v1)]
[03May2026 04:02:02.521] [main/DEBUG] [mixin/]: Registering mixin config: fabric-model-loading-api-v1.mixins.json
[03May2026 04:02:02.523] [main/DEBUG] [mixin/]: Adding mixin platform agents for container SecureJarResource(jei)
[03May2026 04:02:02.523] [main/DEBUG] [mixin/]: Instancing new MixinPlatformAgentMinecraftForge for SecureJarResource(jei)
[03May2026 04:02:02.523] [main/DEBUG] [mixin/]: MixinPlatformAgentMinecraftForge rejected container SecureJarResource(jei)
[03May2026 04:02:02.523] [main/DEBUG] [mixin/]: Instancing new MixinPlatformAgentDefault for SecureJarResource(jei)
[03May2026 04:02:02.523] [main/DEBUG] [mixin/]: MixinPlatformAgentDefault accepted container SecureJarResource(jei)
[03May2026 04:02:02.523] [main/DEBUG] [mixin/]: Processing prepare() for PlatformAgent[MixinPlatformAgentDefault:SecureJarResource(jei)]
[03May2026 04:02:02.524] [main/DEBUG] [mixin/]: Adding mixin platform agents for container SecureJarResource(fabric_screen_handler_api_v1)
[03May2026 04:02:02.524] [main/DEBUG] [mixin/]: Instancing new MixinPlatformAgentMinecraftForge for SecureJarResource(fabric_screen_handler_api_v1)
[03May2026 04:02:02.524] [main/DEBUG] [mixin/]: MixinPlatformAgentMinecraftForge rejected container SecureJarResource(fabric_screen_handler_api_v1)
[03May2026 04:02:02.524] [main/DEBUG] [mixin/]: Instancing new MixinPlatformAgentDefault for SecureJarResource(fabric_screen_handler_api_v1)
[03May2026 04:02:02.524] [main/DEBUG] [mixin/]: MixinPlatformAgentDefault accepted container SecureJarResource(fabric_screen_handler_api_v1)
[03May2026 04:02:02.524] [main/DEBUG] [mixin/]: Processing prepare() for PlatformAgent[MixinPlatformAgentDefault:SecureJarResource(fabric_screen_handler_api_v1)]
[03May2026 04:02:02.524] [main/DEBUG] [mixin/]: Registering mixin config: fabric-screen-handler-api-v1.mixins.json
[03May2026 04:02:02.526] [main/DEBUG] [mixin/]: Compatibility level JAVA_16 specified by fabric-screen-handler-api-v1.mixins.json is higher than the maximum level supported by this version of mixin (JAVA_13).
[03May2026 04:02:02.526] [main/DEBUG] [mixin/]: Adding mixin platform agents for container SecureJarResource(fabric_resource_loader_v0)
[03May2026 04:02:02.526] [main/DEBUG] [mixin/]: Instancing new MixinPlatformAgentMinecraftForge for SecureJarResource(fabric_resource_loader_v0)
[03May2026 04:02:02.526] [main/DEBUG] [mixin/]: MixinPlatformAgentMinecraftForge rejected container SecureJarResource(fabric_resource_loader_v0)
[03May2026 04:02:02.526] [main/DEBUG] [mixin/]: Instancing new MixinPlatformAgentDefault for SecureJarResource(fabric_resource_loader_v0)
[03May2026 04:02:02.526] [main/DEBUG] [mixin/]: MixinPlatformAgentDefault accepted container SecureJarResource(fabric_resource_loader_v0)
[03May2026 04:02:02.526] [main/DEBUG] [mixin/]: Processing prepare() for PlatformAgent[MixinPlatformAgentDefault:SecureJarResource(fabric_resource_loader_v0)]
[03May2026 04:02:02.527] [main/DEBUG] [mixin/]: Registering mixin config: fabric-resource-loader-v0.mixins.json
[03May2026 04:02:02.532] [main/DEBUG] [mixin/]: Compatibility level JAVA_16 specified by fabric-resource-loader-v0.mixins.json is higher than the maximum level supported by this version of mixin (JAVA_13).
[03May2026 04:02:02.532] [main/DEBUG] [mixin/]: Registering mixin config: fabric-resource-loader-v0.client.mixins.json
[03May2026 04:02:02.534] [main/DEBUG] [mixin/]: Compatibility level JAVA_16 specified by fabric-resource-loader-v0.client.mixins.json is higher than the maximum level supported by this version of mixin (JAVA_13).
[03May2026 04:02:02.534] [main/DEBUG] [mixin/]: Adding mixin platform agents for container SecureJarResource(caelus)
[03May2026 04:02:02.534] [main/DEBUG] [mixin/]: Instancing new MixinPlatformAgentMinecraftForge for SecureJarResource(caelus)
[03May2026 04:02:02.535] [main/DEBUG] [mixin/]: MixinPlatformAgentMinecraftForge rejected container SecureJarResource(caelus)
[03May2026 04:02:02.535] [main/DEBUG] [mixin/]: Instancing new MixinPlatformAgentDefault for SecureJarResource(caelus)
[03May2026 04:02:02.535] [main/DEBUG] [mixin/]: MixinPlatformAgentDefault accepted container SecureJarResource(caelus)
[03May2026 04:02:02.535] [main/DEBUG] [mixin/]: Processing prepare() for PlatformAgent[MixinPlatformAgentDefault:SecureJarResource(caelus)]
[03May2026 04:02:02.535] [main/DEBUG] [mixin/]: Registering mixin config: caelus.mixins.json
[03May2026 04:02:02.537] [main/DEBUG] [mixin/]: Adding mixin platform agents for container SecureJarResource(fabric_rendering_v1)
[03May2026 04:02:02.537] [main/DEBUG] [mixin/]: Instancing new MixinPlatformAgentMinecraftForge for SecureJarResource(fabric_rendering_v1)
[03May2026 04:02:02.537] [main/DEBUG] [mixin/]: MixinPlatformAgentMinecraftForge rejected container SecureJarResource(fabric_rendering_v1)
[03May2026 04:02:02.537] [main/DEBUG] [mixin/]: Instancing new MixinPlatformAgentDefault for SecureJarResource(fabric_rendering_v1)
[03May2026 04:02:02.537] [main/DEBUG] [mixin/]: MixinPlatformAgentDefault accepted container SecureJarResource(fabric_rendering_v1)
[03May2026 04:02:02.537] [main/DEBUG] [mixin/]: Processing prepare() for PlatformAgent[MixinPlatformAgentDefault:SecureJarResource(fabric_rendering_v1)]
[03May2026 04:02:02.537] [main/DEBUG] [mixin/]: Registering mixin config: fabric-rendering-v1.mixins.json
[03May2026 04:02:02.539] [main/DEBUG] [mixin/]: Compatibility level JAVA_16 specified by fabric-rendering-v1.mixins.json is higher than the maximum level supported by this version of mixin (JAVA_13).
[03May2026 04:02:02.540] [main/DEBUG] [mixin/]: Adding mixin platform agents for container SecureJarResource(waystones)
[03May2026 04:02:02.540] [main/DEBUG] [mixin/]: Instancing new MixinPlatformAgentMinecraftForge for SecureJarResource(waystones)
[03May2026 04:02:02.540] [main/DEBUG] [mixin/]: MixinPlatformAgentMinecraftForge rejected container SecureJarResource(waystones)
[03May2026 04:02:02.540] [main/DEBUG] [mixin/]: Instancing new MixinPlatformAgentDefault for SecureJarResource(waystones)
[03May2026 04:02:02.540] [main/DEBUG] [mixin/]: MixinPlatformAgentDefault accepted container SecureJarResource(waystones)
[03May2026 04:02:02.540] [main/DEBUG] [mixin/]: Processing prepare() for PlatformAgent[MixinPlatformAgentDefault:SecureJarResource(waystones)]
[03May2026 04:02:02.540] [main/DEBUG] [mixin/]: Registering mixin config: waystones.mixins.json
[03May2026 04:02:02.545] [main/DEBUG] [mixin/]: Adding mixin platform agents for container SecureJarResource(fabric_renderer_indigo)
[03May2026 04:02:02.546] [main/DEBUG] [mixin/]: Instancing new MixinPlatformAgentMinecraftForge for SecureJarResource(fabric_renderer_indigo)
[03May2026 04:02:02.546] [main/DEBUG] [mixin/]: MixinPlatformAgentMinecraftForge rejected container SecureJarResource(fabric_renderer_indigo)
[03May2026 04:02:02.546] [main/DEBUG] [mixin/]: Instancing new MixinPlatformAgentDefault for SecureJarResource(fabric_renderer_indigo)
[03May2026 04:02:02.546] [main/DEBUG] [mixin/]: MixinPlatformAgentDefault accepted container SecureJarResource(fabric_renderer_indigo)
[03May2026 04:02:02.546] [main/DEBUG] [mixin/]: Processing prepare() for PlatformAgent[MixinPlatformAgentDefault:SecureJarResource(fabric_renderer_indigo)]
[03May2026 04:02:02.546] [main/DEBUG] [mixin/]: Registering mixin config: fabric-renderer-indigo.mixins.json
[03May2026 04:02:02.550] [main/DEBUG] [mixin/]: Compatibility level JAVA_16 specified by fabric-renderer-indigo.mixins.json is higher than the maximum level supported by this version of mixin (JAVA_13).
[03May2026 04:02:02.551] [main/DEBUG] [mixin/]: Adding mixin platform agents for container SecureJarResource(comforts)
[03May2026 04:02:02.551] [main/DEBUG] [mixin/]: Instancing new MixinPlatformAgentMinecraftForge for SecureJarResource(comforts)
[03May2026 04:02:02.551] [main/DEBUG] [mixin/]: MixinPlatformAgentMinecraftForge rejected container SecureJarResource(comforts)
[03May2026 04:02:02.551] [main/DEBUG] [mixin/]: Instancing new MixinPlatformAgentDefault for SecureJarResource(comforts)
[03May2026 04:02:02.551] [main/DEBUG] [mixin/]: MixinPlatformAgentDefault accepted container SecureJarResource(comforts)
[03May2026 04:02:02.551] [main/DEBUG] [mixin/]: Processing prepare() for PlatformAgent[MixinPlatformAgentDefault:SecureJarResource(comforts)]
[03May2026 04:02:02.551] [main/DEBUG] [mixin/]: Registering mixin config: comforts.mixins.json
[03May2026 04:02:02.555] [main/DEBUG] [mixin/]: Adding mixin platform agents for container SecureJarResource(fabric_mining_level_api_v1)
[03May2026 04:02:02.555] [main/DEBUG] [mixin/]: Instancing new MixinPlatformAgentMinecraftForge for SecureJarResource(fabric_mining_level_api_v1)
[03May2026 04:02:02.555] [main/DEBUG] [mixin/]: MixinPlatformAgentMinecraftForge rejected container SecureJarResource(fabric_mining_level_api_v1)
[03May2026 04:02:02.556] [main/DEBUG] [mixin/]: Instancing new MixinPlatformAgentDefault for SecureJarResource(fabric_mining_level_api_v1)
[03May2026 04:02:02.556] [main/DEBUG] [mixin/]: MixinPlatformAgentDefault accepted container SecureJarResource(fabric_mining_level_api_v1)
[03May2026 04:02:02.556] [main/DEBUG] [mixin/]: Processing prepare() for PlatformAgent[MixinPlatformAgentDefault:SecureJarResource(fabric_mining_level_api_v1)]
[03May2026 04:02:02.556] [main/DEBUG] [mixin/]: Registering mixin config: fabric-mining-level-api-v1.mixins.json
[03May2026 04:02:02.558] [main/DEBUG] [mixin/]: Compatibility level JAVA_16 specified by fabric-mining-level-api-v1.mixins.json is higher than the maximum level supported by this version of mixin (JAVA_13).
[03May2026 04:02:02.558] [main/DEBUG] [mixin/]: Adding mixin platform agents for container SecureJarResource(naturescompass)
[03May2026 04:02:02.558] [main/DEBUG] [mixin/]: Instancing new MixinPlatformAgentMinecraftForge for SecureJarResource(naturescompass)
[03May2026 04:02:02.559] [main/DEBUG] [mixin/]: MixinPlatformAgentMinecraftForge rejected container SecureJarResource(naturescompass)
[03May2026 04:02:02.559] [main/DEBUG] [mixin/]: Instancing new MixinPlatformAgentDefault for SecureJarResource(naturescompass)
[03May2026 04:02:02.559] [main/DEBUG] [mixin/]: MixinPlatformAgentDefault accepted container SecureJarResource(naturescompass)
[03May2026 04:02:02.559] [main/DEBUG] [mixin/]: Processing prepare() for PlatformAgent[MixinPlatformAgentDefault:SecureJarResource(naturescompass)]
[03May2026 04:02:02.559] [main/DEBUG] [mixin/]: Adding mixin platform agents for container SecureJarResource(explorerscompass)
[03May2026 04:02:02.559] [main/DEBUG] [mixin/]: Instancing new MixinPlatformAgentMinecraftForge for SecureJarResource(explorerscompass)
[03May2026 04:02:02.559] [main/DEBUG] [mixin/]: MixinPlatformAgentMinecraftForge rejected container SecureJarResource(explorerscompass)
[03May2026 04:02:02.559] [main/DEBUG] [mixin/]: Instancing new MixinPlatformAgentDefault for SecureJarResource(explorerscompass)
[03May2026 04:02:02.559] [main/DEBUG] [mixin/]: MixinPlatformAgentDefault accepted container SecureJarResource(explorerscompass)
[03May2026 04:02:02.559] [main/DEBUG] [mixin/]: Processing prepare() for PlatformAgent[MixinPlatformAgentDefault:SecureJarResource(explorerscompass)]
[03May2026 04:02:02.559] [main/DEBUG] [mixin/]: Adding mixin platform agents for container SecureJarResource(iceandfire)
[03May2026 04:02:02.559] [main/DEBUG] [mixin/]: Instancing new MixinPlatformAgentMinecraftForge for SecureJarResource(iceandfire)
[03May2026 04:02:02.559] [main/DEBUG] [mixin/]: MixinPlatformAgentMinecraftForge rejected container SecureJarResource(iceandfire)
[03May2026 04:02:02.559] [main/DEBUG] [mixin/]: Instancing new MixinPlatformAgentDefault for SecureJarResource(iceandfire)
[03May2026 04:02:02.559] [main/DEBUG] [mixin/]: MixinPlatformAgentDefault accepted container SecureJarResource(iceandfire)
[03May2026 04:02:02.559] [main/DEBUG] [mixin/]: Processing prepare() for PlatformAgent[MixinPlatformAgentDefault:SecureJarResource(iceandfire)]
[03May2026 04:02:02.559] [main/DEBUG] [mixin/]: Registering mixin config: iceandfire.mixins.json
[03May2026 04:02:02.561] [main/DEBUG] [mixin/]: Adding mixin platform agents for container SecureJarResource(txnilib)
[03May2026 04:02:02.561] [main/DEBUG] [mixin/]: Instancing new MixinPlatformAgentMinecraftForge for SecureJarResource(txnilib)
[03May2026 04:02:02.561] [main/DEBUG] [mixin/]: MixinPlatformAgentMinecraftForge rejected container SecureJarResource(txnilib)
[03May2026 04:02:02.561] [main/DEBUG] [mixin/]: Instancing new MixinPlatformAgentDefault for SecureJarResource(txnilib)
[03May2026 04:02:02.561] [main/DEBUG] [mixin/]: MixinPlatformAgentDefault accepted container SecureJarResource(txnilib)
[03May2026 04:02:02.561] [main/DEBUG] [mixin/]: Processing prepare() for PlatformAgent[MixinPlatformAgentDefault:SecureJarResource(txnilib)]
[03May2026 04:02:02.561] [main/DEBUG] [mixin/]: Registering mixin config: mixins.txnilib.json
[03May2026 04:02:02.564] [main/DEBUG] [mixin/]: Adding mixin platform agents for container SecureJarResource(uranus)
[03May2026 04:02:02.565] [main/DEBUG] [mixin/]: Instancing new MixinPlatformAgentMinecraftForge for SecureJarResource(uranus)
[03May2026 04:02:02.565] [main/DEBUG] [mixin/]: MixinPlatformAgentMinecraftForge rejected container SecureJarResource(uranus)
[03May2026 04:02:02.565] [main/DEBUG] [mixin/]: Instancing new MixinPlatformAgentDefault for SecureJarResource(uranus)
[03May2026 04:02:02.565] [main/DEBUG] [mixin/]: MixinPlatformAgentDefault accepted container SecureJarResource(uranus)
[03May2026 04:02:02.565] [main/DEBUG] [mixin/]: Processing prepare() for PlatformAgent[MixinPlatformAgentDefault:SecureJarResource(uranus)]
[03May2026 04:02:02.565] [main/DEBUG] [mixin/]: Registering mixin config: uranus.mixins.json
[03May2026 04:02:02.568] [main/DEBUG] [mixin/]: Registering mixin config: uranus-forge.mixins.json
[03May2026 04:02:02.570] [main/DEBUG] [mixin/]: Adding mixin platform agents for container SecureJarResource(fabric_particles_v1)
[03May2026 04:02:02.571] [main/DEBUG] [mixin/]: Instancing new MixinPlatformAgentMinecraftForge for SecureJarResource(fabric_particles_v1)
[03May2026 04:02:02.571] [main/DEBUG] [mixin/]: MixinPlatformAgentMinecraftForge rejected container SecureJarResource(fabric_particles_v1)
[03May2026 04:02:02.571] [main/DEBUG] [mixin/]: Instancing new MixinPlatformAgentDefault for SecureJarResource(fabric_particles_v1)
[03May2026 04:02:02.571] [main/DEBUG] [mixin/]: MixinPlatformAgentDefault accepted container SecureJarResource(fabric_particles_v1)
[03May2026 04:02:02.571] [main/DEBUG] [mixin/]: Processing prepare() for PlatformAgent[MixinPlatformAgentDefault:SecureJarResource(fabric_particles_v1)]
[03May2026 04:02:02.571] [main/DEBUG] [mixin/]: Registering mixin config: fabric-particles-v1.client.mixins.json
[03May2026 04:02:02.575] [main/DEBUG] [mixin/]: Compatibility level JAVA_16 specified by fabric-particles-v1.client.mixins.json is higher than the maximum level supported by this version of mixin (JAVA_13).
[03May2026 04:02:02.576] [main/DEBUG] [mixin/]: Adding mixin platform agents for container SecureJarResource(puzzlesaccessapi)
[03May2026 04:02:02.576] [main/DEBUG] [mixin/]: Instancing new MixinPlatformAgentMinecraftForge for SecureJarResource(puzzlesaccessapi)
[03May2026 04:02:02.576] [main/DEBUG] [mixin/]: MixinPlatformAgentMinecraftForge rejected container SecureJarResource(puzzlesaccessapi)
[03May2026 04:02:02.576] [main/DEBUG] [mixin/]: Instancing new MixinPlatformAgentDefault for SecureJarResource(puzzlesaccessapi)
[03May2026 04:02:02.576] [main/DEBUG] [mixin/]: MixinPlatformAgentDefault accepted container SecureJarResource(puzzlesaccessapi)
[03May2026 04:02:02.576] [main/DEBUG] [mixin/]: Processing prepare() for PlatformAgent[MixinPlatformAgentDefault:SecureJarResource(puzzlesaccessapi)]
[03May2026 04:02:02.576] [main/DEBUG] [mixin/]: Registering mixin config: puzzlesaccessapi.common.mixins.json
[03May2026 04:02:02.578] [main/DEBUG] [mixin/]: Registering mixin config: puzzlesaccessapi.forge.mixins.json
[03May2026 04:02:02.582] [main/DEBUG] [mixin/]: Adding mixin platform agents for container SecureJarResource(forge)
[03May2026 04:02:02.582] [main/DEBUG] [mixin/]: Instancing new MixinPlatformAgentMinecraftForge for SecureJarResource(forge)
[03May2026 04:02:02.582] [main/DEBUG] [mixin/]: MixinPlatformAgentMinecraftForge rejected container SecureJarResource(forge)
[03May2026 04:02:02.582] [main/DEBUG] [mixin/]: Instancing new MixinPlatformAgentDefault for SecureJarResource(forge)
[03May2026 04:02:02.583] [main/DEBUG] [mixin/]: MixinPlatformAgentDefault accepted container SecureJarResource(forge)
[03May2026 04:02:02.583] [main/DEBUG] [mixin/]: Processing prepare() for PlatformAgent[MixinPlatformAgentDefault:SecureJarResource(forge)]
[03May2026 04:02:02.583] [main/DEBUG] [mixin/]: Adding mixin platform agents for container SecureJarResource(fabric_transitive_access_wideners_v1)
[03May2026 04:02:02.584] [main/DEBUG] [mixin/]: Instancing new MixinPlatformAgentMinecraftForge for SecureJarResource(fabric_transitive_access_wideners_v1)
[03May2026 04:02:02.584] [main/DEBUG] [mixin/]: MixinPlatformAgentMinecraftForge rejected container SecureJarResource(fabric_transitive_access_wideners_v1)
[03May2026 04:02:02.584] [main/DEBUG] [mixin/]: Instancing new MixinPlatformAgentDefault for SecureJarResource(fabric_transitive_access_wideners_v1)
[03May2026 04:02:02.584] [main/DEBUG] [mixin/]: MixinPlatformAgentDefault accepted container SecureJarResource(fabric_transitive_access_wideners_v1)
[03May2026 04:02:02.585] [main/DEBUG] [mixin/]: Processing prepare() for PlatformAgent[MixinPlatformAgentDefault:SecureJarResource(fabric_transitive_access_wideners_v1)]
[03May2026 04:02:02.585] [main/DEBUG] [mixin/]: Adding mixin platform agents for container SecureJarResource(minecraft)
[03May2026 04:02:02.585] [main/DEBUG] [mixin/]: Instancing new MixinPlatformAgentMinecraftForge for SecureJarResource(minecraft)
[03May2026 04:02:02.585] [main/DEBUG] [mixin/]: MixinPlatformAgentMinecraftForge rejected container SecureJarResource(minecraft)
[03May2026 04:02:02.585] [main/DEBUG] [mixin/]: Instancing new MixinPlatformAgentDefault for SecureJarResource(minecraft)
[03May2026 04:02:02.585] [main/DEBUG] [mixin/]: MixinPlatformAgentDefault accepted container SecureJarResource(minecraft)
[03May2026 04:02:02.585] [main/DEBUG] [mixin/]: Processing prepare() for PlatformAgent[MixinPlatformAgentDefault:SecureJarResource(minecraft)]
[03May2026 04:02:02.585] [main/DEBUG] [mixin/]: Adding mixin platform agents for container SecureJarResource(oreminer)
[03May2026 04:02:02.585] [main/DEBUG] [mixin/]: Instancing new MixinPlatformAgentMinecraftForge for SecureJarResource(oreminer)
[03May2026 04:02:02.585] [main/DEBUG] [mixin/]: MixinPlatformAgentMinecraftForge rejected container SecureJarResource(oreminer)
[03May2026 04:02:02.586] [main/DEBUG] [mixin/]: Instancing new MixinPlatformAgentDefault for SecureJarResource(oreminer)
[03May2026 04:02:02.586] [main/DEBUG] [mixin/]: MixinPlatformAgentDefault accepted container SecureJarResource(oreminer)
[03May2026 04:02:02.586] [main/DEBUG] [mixin/]: Processing prepare() for PlatformAgent[MixinPlatformAgentDefault:SecureJarResource(oreminer)]
[03May2026 04:02:02.586] [main/DEBUG] [mixin/]: Adding mixin platform agents for container SecureJarResource(fabric_api_base)
[03May2026 04:02:02.586] [main/DEBUG] [mixin/]: Instancing new MixinPlatformAgentMinecraftForge for SecureJarResource(fabric_api_base)
[03May2026 04:02:02.586] [main/DEBUG] [mixin/]: MixinPlatformAgentMinecraftForge rejected container SecureJarResource(fabric_api_base)
[03May2026 04:02:02.586] [main/DEBUG] [mixin/]: Instancing new MixinPlatformAgentDefault for SecureJarResource(fabric_api_base)
[03May2026 04:02:02.586] [main/DEBUG] [mixin/]: MixinPlatformAgentDefault accepted container SecureJarResource(fabric_api_base)
[03May2026 04:02:02.586] [main/DEBUG] [mixin/]: Processing prepare() for PlatformAgent[MixinPlatformAgentDefault:SecureJarResource(fabric_api_base)]
[03May2026 04:02:02.586] [main/DEBUG] [mixin/]: Registering mixin config: fabric-api-base.init.mixins.json
[03May2026 04:02:02.588] [main/DEBUG] [mixin/]: Adding mixin platform agents for container SecureJarResource(fabric_blockrenderlayer_v1)
[03May2026 04:02:02.588] [main/DEBUG] [mixin/]: Instancing new MixinPlatformAgentMinecraftForge for SecureJarResource(fabric_blockrenderlayer_v1)
[03May2026 04:02:02.588] [main/DEBUG] [mixin/]: MixinPlatformAgentMinecraftForge rejected container SecureJarResource(fabric_blockrenderlayer_v1)
[03May2026 04:02:02.588] [main/DEBUG] [mixin/]: Instancing new MixinPlatformAgentDefault for SecureJarResource(fabric_blockrenderlayer_v1)
[03May2026 04:02:02.588] [main/DEBUG] [mixin/]: MixinPlatformAgentDefault accepted container SecureJarResource(fabric_blockrenderlayer_v1)
[03May2026 04:02:02.588] [main/DEBUG] [mixin/]: Processing prepare() for PlatformAgent[MixinPlatformAgentDefault:SecureJarResource(fabric_blockrenderlayer_v1)]
[03May2026 04:02:02.589] [main/DEBUG] [mixin/]: Registering mixin config: fabric-blockrenderlayer-v1.mixins.json
[03May2026 04:02:02.590] [main/DEBUG] [mixin/]: Adding mixin platform agents for container SecureJarResource(mixinsquared)
[03May2026 04:02:02.590] [main/DEBUG] [mixin/]: Instancing new MixinPlatformAgentMinecraftForge for SecureJarResource(mixinsquared)
[03May2026 04:02:02.591] [main/DEBUG] [mixin/]: MixinPlatformAgentMinecraftForge rejected container SecureJarResource(mixinsquared)
[03May2026 04:02:02.591] [main/DEBUG] [mixin/]: Instancing new MixinPlatformAgentDefault for SecureJarResource(mixinsquared)
[03May2026 04:02:02.591] [main/DEBUG] [mixin/]: MixinPlatformAgentDefault accepted container SecureJarResource(mixinsquared)
[03May2026 04:02:02.591] [main/DEBUG] [mixin/]: Processing prepare() for PlatformAgent[MixinPlatformAgentDefault:SecureJarResource(mixinsquared)]
[03May2026 04:02:02.591] [main/DEBUG] [mixin/]: Registering mixin config: mixinsquared.init.mixins.json
[03May2026 04:02:02.593] [main/DEBUG] [mixin/]: Adding mixin platform agents for container SecureJarResource(creativecore)
[03May2026 04:02:02.593] [main/DEBUG] [mixin/]: Instancing new MixinPlatformAgentMinecraftForge for SecureJarResource(creativecore)
[03May2026 04:02:02.593] [main/DEBUG] [mixin/]: MixinPlatformAgentMinecraftForge rejected container SecureJarResource(creativecore)
[03May2026 04:02:02.593] [main/DEBUG] [mixin/]: Instancing new MixinPlatformAgentDefault for SecureJarResource(creativecore)
[03May2026 04:02:02.593] [main/DEBUG] [mixin/]: MixinPlatformAgentDefault accepted container SecureJarResource(creativecore)
[03May2026 04:02:02.593] [main/DEBUG] [mixin/]: Processing prepare() for PlatformAgent[MixinPlatformAgentDefault:SecureJarResource(creativecore)]
[03May2026 04:02:02.593] [main/DEBUG] [mixin/]: Registering mixin config: creativecore.mixins.json
[03May2026 04:02:02.594] [main/DEBUG] [mixin/]: Registering mixin config: creativecore.forge.mixins.json
[03May2026 04:02:02.596] [main/DEBUG] [mixin/]: Adding mixin platform agents for container SecureJarResource(spectrelib)
[03May2026 04:02:02.596] [main/DEBUG] [mixin/]: Instancing new MixinPlatformAgentMinecraftForge for SecureJarResource(spectrelib)
[03May2026 04:02:02.596] [main/DEBUG] [mixin/]: MixinPlatformAgentMinecraftForge rejected container SecureJarResource(spectrelib)
[03May2026 04:02:02.597] [main/DEBUG] [mixin/]: Instancing new MixinPlatformAgentDefault for SecureJarResource(spectrelib)
[03May2026 04:02:02.597] [main/DEBUG] [mixin/]: MixinPlatformAgentDefault accepted container SecureJarResource(spectrelib)
[03May2026 04:02:02.597] [main/DEBUG] [mixin/]: Processing prepare() for PlatformAgent[MixinPlatformAgentDefault:SecureJarResource(spectrelib)]
[03May2026 04:02:02.597] [main/DEBUG] [mixin/]: Adding mixin platform agents for container SecureJarResource(fabric_block_api_v1)
[03May2026 04:02:02.597] [main/DEBUG] [mixin/]: Instancing new MixinPlatformAgentMinecraftForge for SecureJarResource(fabric_block_api_v1)
[03May2026 04:02:02.597] [main/DEBUG] [mixin/]: MixinPlatformAgentMinecraftForge rejected container SecureJarResource(fabric_block_api_v1)
[03May2026 04:02:02.597] [main/DEBUG] [mixin/]: Instancing new MixinPlatformAgentDefault for SecureJarResource(fabric_block_api_v1)
[03May2026 04:02:02.597] [main/DEBUG] [mixin/]: MixinPlatformAgentDefault accepted container SecureJarResource(fabric_block_api_v1)
[03May2026 04:02:02.597] [main/DEBUG] [mixin/]: Processing prepare() for PlatformAgent[MixinPlatformAgentDefault:SecureJarResource(fabric_block_api_v1)]
[03May2026 04:02:02.597] [main/DEBUG] [mixin/]: Adding mixin platform agents for container SecureJarResource(fabric_resource_conditions_api_v1)
[03May2026 04:02:02.598] [main/DEBUG] [mixin/]: Instancing new MixinPlatformAgentMinecraftForge for SecureJarResource(fabric_resource_conditions_api_v1)
[03May2026 04:02:02.598] [main/DEBUG] [mixin/]: MixinPlatformAgentMinecraftForge rejected container SecureJarResource(fabric_resource_conditions_api_v1)
[03May2026 04:02:02.598] [main/DEBUG] [mixin/]: Instancing new MixinPlatformAgentDefault for SecureJarResource(fabric_resource_conditions_api_v1)
[03May2026 04:02:02.598] [main/DEBUG] [mixin/]: MixinPlatformAgentDefault accepted container SecureJarResource(fabric_resource_conditions_api_v1)
[03May2026 04:02:02.598] [main/DEBUG] [mixin/]: Processing prepare() for PlatformAgent[MixinPlatformAgentDefault:SecureJarResource(fabric_resource_conditions_api_v1)]
[03May2026 04:02:02.598] [main/DEBUG] [mixin/]: Registering mixin config: fabric-resource-conditions-api-v1.mixins.json
[03May2026 04:02:02.600] [main/DEBUG] [mixin/]: Compatibility level JAVA_16 specified by fabric-resource-conditions-api-v1.mixins.json is higher than the maximum level supported by this version of mixin (JAVA_13).
[03May2026 04:02:02.600] [main/DEBUG] [mixin/]: Adding mixin platform agents for container SecureJarResource(easy_villagers)
[03May2026 04:02:02.600] [main/DEBUG] [mixin/]: Instancing new MixinPlatformAgentMinecraftForge for SecureJarResource(easy_villagers)
[03May2026 04:02:02.600] [main/DEBUG] [mixin/]: MixinPlatformAgentMinecraftForge rejected container SecureJarResource(easy_villagers)
[03May2026 04:02:02.600] [main/DEBUG] [mixin/]: Instancing new MixinPlatformAgentDefault for SecureJarResource(easy_villagers)
[03May2026 04:02:02.600] [main/DEBUG] [mixin/]: MixinPlatformAgentDefault accepted container SecureJarResource(easy_villagers)
[03May2026 04:02:02.601] [main/DEBUG] [mixin/]: Processing prepare() for PlatformAgent[MixinPlatformAgentDefault:SecureJarResource(easy_villagers)]
[03May2026 04:02:02.601] [main/DEBUG] [mixin/]: Adding mixin platform agents for container SecureJarResource(iceberg)
[03May2026 04:02:02.601] [main/DEBUG] [mixin/]: Instancing new MixinPlatformAgentMinecraftForge for SecureJarResource(iceberg)
[03May2026 04:02:02.601] [main/DEBUG] [mixin/]: MixinPlatformAgentMinecraftForge rejected container SecureJarResource(iceberg)
[03May2026 04:02:02.601] [main/DEBUG] [mixin/]: Instancing new MixinPlatformAgentDefault for SecureJarResource(iceberg)
[03May2026 04:02:02.601] [main/DEBUG] [mixin/]: MixinPlatformAgentDefault accepted container SecureJarResource(iceberg)
[03May2026 04:02:02.601] [main/DEBUG] [mixin/]: Processing prepare() for PlatformAgent[MixinPlatformAgentDefault:SecureJarResource(iceberg)]
[03May2026 04:02:02.601] [main/DEBUG] [mixin/]: Registering mixin config: iceberg.mixins.json
[03May2026 04:02:02.603] [main/DEBUG] [mixin/]: Adding mixin platform agents for container SecureJarResource(flywheel)
[03May2026 04:02:02.603] [main/DEBUG] [mixin/]: Instancing new MixinPlatformAgentMinecraftForge for SecureJarResource(flywheel)
[03May2026 04:02:02.603] [main/DEBUG] [mixin/]: MixinPlatformAgentMinecraftForge rejected container SecureJarResource(flywheel)
[03May2026 04:02:02.603] [main/DEBUG] [mixin/]: Instancing new MixinPlatformAgentDefault for SecureJarResource(flywheel)
[03May2026 04:02:02.603] [main/DEBUG] [mixin/]: MixinPlatformAgentDefault accepted container SecureJarResource(flywheel)
[03May2026 04:02:02.604] [main/DEBUG] [mixin/]: Processing prepare() for PlatformAgent[MixinPlatformAgentDefault:SecureJarResource(flywheel)]
[03May2026 04:02:02.604] [main/DEBUG] [mixin/]: Registering mixin config: flywheel.backend.mixins.json
[03May2026 04:02:02.605] [main/DEBUG] [mixin/]: Registering mixin config: flywheel.impl.mixins.json
[03May2026 04:02:02.607] [main/DEBUG] [mixin/]: Adding mixin platform agents for container SecureJarResource(ponder)
[03May2026 04:02:02.607] [main/DEBUG] [mixin/]: Instancing new MixinPlatformAgentMinecraftForge for SecureJarResource(ponder)
[03May2026 04:02:02.607] [main/DEBUG] [mixin/]: MixinPlatformAgentMinecraftForge rejected container SecureJarResource(ponder)
[03May2026 04:02:02.607] [main/DEBUG] [mixin/]: Instancing new MixinPlatformAgentDefault for SecureJarResource(ponder)
[03May2026 04:02:02.607] [main/DEBUG] [mixin/]: MixinPlatformAgentDefault accepted container SecureJarResource(ponder)
[03May2026 04:02:02.607] [main/DEBUG] [mixin/]: Processing prepare() for PlatformAgent[MixinPlatformAgentDefault:SecureJarResource(ponder)]
[03May2026 04:02:02.607] [main/DEBUG] [mixin/]: Registering mixin config: ponder.mixins.json
[03May2026 04:02:02.609] [main/DEBUG] [mixin/]: Registering mixin config: ponder-common.mixins.json
[03May2026 04:02:02.611] [main/DEBUG] [mixin/]: Adding mixin platform agents for container SecureJarResource(create)
[03May2026 04:02:02.611] [main/DEBUG] [mixin/]: Instancing new MixinPlatformAgentMinecraftForge for SecureJarResource(create)
[03May2026 04:02:02.611] [main/DEBUG] [mixin/]: MixinPlatformAgentMinecraftForge rejected container SecureJarResource(create)
[03May2026 04:02:02.611] [main/DEBUG] [mixin/]: Instancing new MixinPlatformAgentDefault for SecureJarResource(create)
[03May2026 04:02:02.611] [main/DEBUG] [mixin/]: MixinPlatformAgentDefault accepted container SecureJarResource(create)
[03May2026 04:02:02.611] [main/DEBUG] [mixin/]: Processing prepare() for PlatformAgent[MixinPlatformAgentDefault:SecureJarResource(create)]
[03May2026 04:02:02.611] [main/DEBUG] [mixin/]: Registering mixin config: create.mixins.json
[03May2026 04:02:02.613] [main/DEBUG] [mixin/]: Adding mixin platform agents for container SecureJarResource(fabric_item_group_api_v1)
[03May2026 04:02:02.613] [main/DEBUG] [mixin/]: Instancing new MixinPlatformAgentMinecraftForge for SecureJarResource(fabric_item_group_api_v1)
[03May2026 04:02:02.613] [main/DEBUG] [mixin/]: MixinPlatformAgentMinecraftForge rejected container SecureJarResource(fabric_item_group_api_v1)
[03May2026 04:02:02.613] [main/DEBUG] [mixin/]: Instancing new MixinPlatformAgentDefault for SecureJarResource(fabric_item_group_api_v1)
[03May2026 04:02:02.613] [main/DEBUG] [mixin/]: MixinPlatformAgentDefault accepted container SecureJarResource(fabric_item_group_api_v1)
[03May2026 04:02:02.613] [main/DEBUG] [mixin/]: Processing prepare() for PlatformAgent[MixinPlatformAgentDefault:SecureJarResource(fabric_item_group_api_v1)]
[03May2026 04:02:02.613] [main/DEBUG] [mixin/]: Registering mixin config: fabric-item-group-api-v1.mixins.json
[03May2026 04:02:02.615] [main/ERROR] [mixin/]: Mixin config fabric-item-group-api-v1.mixins.json does not specify "minVersion" property
[03May2026 04:02:02.615] [main/DEBUG] [mixin/]: Registering mixin config: fabric-item-group-api-v1.client.mixins.json
[03May2026 04:02:02.617] [main/ERROR] [mixin/]: Mixin config fabric-item-group-api-v1.client.mixins.json does not specify "minVersion" property
[03May2026 04:02:02.617] [main/DEBUG] [mixin/]: Adding mixin platform agents for container SecureJarResource(fabric_biome_api_v1)
[03May2026 04:02:02.618] [main/DEBUG] [mixin/]: Instancing new MixinPlatformAgentMinecraftForge for SecureJarResource(fabric_biome_api_v1)
[03May2026 04:02:02.618] [main/DEBUG] [mixin/]: MixinPlatformAgentMinecraftForge rejected container SecureJarResource(fabric_biome_api_v1)
[03May2026 04:02:02.618] [main/DEBUG] [mixin/]: Instancing new MixinPlatformAgentDefault for SecureJarResource(fabric_biome_api_v1)
[03May2026 04:02:02.618] [main/DEBUG] [mixin/]: MixinPlatformAgentDefault accepted container SecureJarResource(fabric_biome_api_v1)
[03May2026 04:02:02.618] [main/DEBUG] [mixin/]: Processing prepare() for PlatformAgent[MixinPlatformAgentDefault:SecureJarResource(fabric_biome_api_v1)]
[03May2026 04:02:02.618] [main/DEBUG] [mixin/]: Registering mixin config: fabric-biome-api-v1.mixins.json
[03May2026 04:02:02.620] [main/DEBUG] [mixin/]: Compatibility level JAVA_16 specified by fabric-biome-api-v1.mixins.json is higher than the maximum level supported by this version of mixin (JAVA_13).
[03May2026 04:02:02.620] [main/DEBUG] [mixin/]: Adding mixin platform agents for container SecureJarResource(fabric_registry_sync_v0)
[03May2026 04:02:02.620] [main/DEBUG] [mixin/]: Instancing new MixinPlatformAgentMinecraftForge for SecureJarResource(fabric_registry_sync_v0)
[03May2026 04:02:02.620] [main/DEBUG] [mixin/]: MixinPlatformAgentMinecraftForge rejected container SecureJarResource(fabric_registry_sync_v0)
[03May2026 04:02:02.620] [main/DEBUG] [mixin/]: Instancing new MixinPlatformAgentDefault for SecureJarResource(fabric_registry_sync_v0)
[03May2026 04:02:02.621] [main/DEBUG] [mixin/]: MixinPlatformAgentDefault accepted container SecureJarResource(fabric_registry_sync_v0)
[03May2026 04:02:02.621] [main/DEBUG] [mixin/]: Processing prepare() for PlatformAgent[MixinPlatformAgentDefault:SecureJarResource(fabric_registry_sync_v0)]
[03May2026 04:02:02.621] [main/DEBUG] [mixin/]: Registering mixin config: fabric-registry-sync-v0.mixins.json
[03May2026 04:02:02.626] [main/DEBUG] [mixin/]: Compatibility level JAVA_16 specified by fabric-registry-sync-v0.mixins.json is higher than the maximum level supported by this version of mixin (JAVA_13).
[03May2026 04:02:02.627] [main/DEBUG] [mixin/]: Registering mixin config: fabric-registry-sync-v0.client.mixins.json
[03May2026 04:02:02.629] [main/DEBUG] [mixin/]: Compatibility level JAVA_16 specified by fabric-registry-sync-v0.client.mixins.json is higher than the maximum level supported by this version of mixin (JAVA_13).
[03May2026 04:02:02.629] [main/DEBUG] [mixin/]: Adding mixin platform agents for container SecureJarResource(fabric_recipe_api_v1)
[03May2026 04:02:02.629] [main/DEBUG] [mixin/]: Instancing new MixinPlatformAgentMinecraftForge for SecureJarResource(fabric_recipe_api_v1)
[03May2026 04:02:02.629] [main/DEBUG] [mixin/]: MixinPlatformAgentMinecraftForge rejected container SecureJarResource(fabric_recipe_api_v1)
[03May2026 04:02:02.629] [main/DEBUG] [mixin/]: Instancing new MixinPlatformAgentDefault for SecureJarResource(fabric_recipe_api_v1)
[03May2026 04:02:02.629] [main/DEBUG] [mixin/]: MixinPlatformAgentDefault accepted container SecureJarResource(fabric_recipe_api_v1)
[03May2026 04:02:02.629] [main/DEBUG] [mixin/]: Processing prepare() for PlatformAgent[MixinPlatformAgentDefault:SecureJarResource(fabric_recipe_api_v1)]
[03May2026 04:02:02.629] [main/DEBUG] [mixin/]: Registering mixin config: fabric-recipe-api-v1.mixins.json
[03May2026 04:02:02.631] [main/DEBUG] [mixin/]: Adding mixin platform agents for container SecureJarResource(lootr)
[03May2026 04:02:02.631] [main/DEBUG] [mixin/]: Instancing new MixinPlatformAgentMinecraftForge for SecureJarResource(lootr)
[03May2026 04:02:02.631] [main/DEBUG] [mixin/]: MixinPlatformAgentMinecraftForge rejected container SecureJarResource(lootr)
[03May2026 04:02:02.632] [main/DEBUG] [mixin/]: Instancing new MixinPlatformAgentDefault for SecureJarResource(lootr)
[03May2026 04:02:02.632] [main/DEBUG] [mixin/]: MixinPlatformAgentDefault accepted container SecureJarResource(lootr)
[03May2026 04:02:02.632] [main/DEBUG] [mixin/]: Processing prepare() for PlatformAgent[MixinPlatformAgentDefault:SecureJarResource(lootr)]
[03May2026 04:02:02.632] [main/DEBUG] [mixin/]: Registering mixin config: lootr.mixins.json
[03May2026 04:02:02.633] [main/DEBUG] [mixin/]: Adding mixin platform agents for container SecureJarResource(ferritecore)
[03May2026 04:02:02.633] [main/DEBUG] [mixin/]: Instancing new MixinPlatformAgentMinecraftForge for SecureJarResource(ferritecore)
[03May2026 04:02:02.634] [main/DEBUG] [mixin/]: MixinPlatformAgentMinecraftForge rejected container SecureJarResource(ferritecore)
[03May2026 04:02:02.634] [main/DEBUG] [mixin/]: Instancing new MixinPlatformAgentDefault for SecureJarResource(ferritecore)
[03May2026 04:02:02.634] [main/DEBUG] [mixin/]: MixinPlatformAgentDefault accepted container SecureJarResource(ferritecore)
[03May2026 04:02:02.634] [main/DEBUG] [mixin/]: Processing prepare() for PlatformAgent[MixinPlatformAgentDefault:SecureJarResource(ferritecore)]
[03May2026 04:02:02.634] [main/DEBUG] [mixin/]: Registering mixin config: ferritecore.predicates.mixin.json
[03May2026 04:02:02.636] [main/DEBUG] [mixin/]: Registering mixin config: ferritecore.fastmap.mixin.json
[03May2026 04:02:02.637] [main/DEBUG] [mixin/]: Registering mixin config: ferritecore.mrl.mixin.json
[03May2026 04:02:02.639] [main/DEBUG] [mixin/]: Registering mixin config: ferritecore.dedupmultipart.mixin.json
[03May2026 04:02:02.640] [main/DEBUG] [mixin/]: Registering mixin config: ferritecore.blockstatecache.mixin.json
[03May2026 04:02:02.642] [main/DEBUG] [mixin/]: Registering mixin config: ferritecore.dedupbakedquad.mixin.json
[03May2026 04:02:02.644] [main/DEBUG] [mixin/]: Registering mixin config: ferritecore.threaddetec.mixin.json
[03May2026 04:02:02.645] [main/DEBUG] [mixin/]: Registering mixin config: ferritecore.modelsides.mixin.json
[03May2026 04:02:02.647] [main/DEBUG] [mixin/]: Adding mixin platform agents for container SecureJarResource(fabric_object_builder_api_v1)
[03May2026 04:02:02.647] [main/DEBUG] [mixin/]: Instancing new MixinPlatformAgentMinecraftForge for SecureJarResource(fabric_object_builder_api_v1)
[03May2026 04:02:02.647] [main/DEBUG] [mixin/]: MixinPlatformAgentMinecraftForge rejected container SecureJarResource(fabric_object_builder_api_v1)
[03May2026 04:02:02.647] [main/DEBUG] [mixin/]: Instancing new MixinPlatformAgentDefault for SecureJarResource(fabric_object_builder_api_v1)
[03May2026 04:02:02.647] [main/DEBUG] [mixin/]: MixinPlatformAgentDefault accepted container SecureJarResource(fabric_object_builder_api_v1)
[03May2026 04:02:02.647] [main/DEBUG] [mixin/]: Processing prepare() for PlatformAgent[MixinPlatformAgentDefault:SecureJarResource(fabric_object_builder_api_v1)]
[03May2026 04:02:02.647] [main/DEBUG] [mixin/]: Registering mixin config: fabric-object-builder-v1.mixins.json
[03May2026 04:02:02.649] [main/DEBUG] [mixin/]: Compatibility level JAVA_16 specified by fabric-object-builder-v1.mixins.json is higher than the maximum level supported by this version of mixin (JAVA_13).
[03May2026 04:02:02.649] [main/DEBUG] [mixin/]: Adding mixin platform agents for container SecureJarResource(puzzleslib)
[03May2026 04:02:02.649] [main/DEBUG] [mixin/]: Instancing new MixinPlatformAgentMinecraftForge for SecureJarResource(puzzleslib)
[03May2026 04:02:02.649] [main/DEBUG] [mixin/]: MixinPlatformAgentMinecraftForge rejected container SecureJarResource(puzzleslib)
[03May2026 04:02:02.650] [main/DEBUG] [mixin/]: Instancing new MixinPlatformAgentDefault for SecureJarResource(puzzleslib)
[03May2026 04:02:02.650] [main/DEBUG] [mixin/]: MixinPlatformAgentDefault accepted container SecureJarResource(puzzleslib)
[03May2026 04:02:02.650] [main/DEBUG] [mixin/]: Processing prepare() for PlatformAgent[MixinPlatformAgentDefault:SecureJarResource(puzzleslib)]
[03May2026 04:02:02.650] [main/DEBUG] [mixin/]: Registering mixin config: puzzleslib.common.mixins.json
[03May2026 04:02:02.651] [main/DEBUG] [mixin/]: Registering mixin config: puzzleslib.forge.mixins.json
[03May2026 04:02:02.653] [main/DEBUG] [mixin/]: Adding mixin platform agents for container SecureJarResource(fabric_sound_api_v1)
[03May2026 04:02:02.653] [main/DEBUG] [mixin/]: Instancing new MixinPlatformAgentMinecraftForge for SecureJarResource(fabric_sound_api_v1)
[03May2026 04:02:02.653] [main/DEBUG] [mixin/]: MixinPlatformAgentMinecraftForge rejected container SecureJarResource(fabric_sound_api_v1)
[03May2026 04:02:02.653] [main/DEBUG] [mixin/]: Instancing new MixinPlatformAgentDefault for SecureJarResource(fabric_sound_api_v1)
[03May2026 04:02:02.654] [main/DEBUG] [mixin/]: MixinPlatformAgentDefault accepted container SecureJarResource(fabric_sound_api_v1)
[03May2026 04:02:02.654] [main/DEBUG] [mixin/]: Processing prepare() for PlatformAgent[MixinPlatformAgentDefault:SecureJarResource(fabric_sound_api_v1)]
[03May2026 04:02:02.654] [main/DEBUG] [mixin/]: Registering mixin config: fabric-sound-api-v1.mixins.json
[03May2026 04:02:02.655] [main/DEBUG] [mixin/]: Adding mixin platform agents for container SecureJarResource(fabric_message_api_v1)
[03May2026 04:02:02.656] [main/DEBUG] [mixin/]: Instancing new MixinPlatformAgentMinecraftForge for SecureJarResource(fabric_message_api_v1)
[03May2026 04:02:02.656] [main/DEBUG] [mixin/]: MixinPlatformAgentMinecraftForge rejected container SecureJarResource(fabric_message_api_v1)
[03May2026 04:02:02.656] [main/DEBUG] [mixin/]: Instancing new MixinPlatformAgentDefault for SecureJarResource(fabric_message_api_v1)
[03May2026 04:02:02.656] [main/DEBUG] [mixin/]: MixinPlatformAgentDefault accepted container SecureJarResource(fabric_message_api_v1)
[03May2026 04:02:02.656] [main/DEBUG] [mixin/]: Processing prepare() for PlatformAgent[MixinPlatformAgentDefault:SecureJarResource(fabric_message_api_v1)]
[03May2026 04:02:02.656] [main/DEBUG] [mixin/]: Registering mixin config: fabric-message-api-v1.mixins.json
[03May2026 04:02:02.658] [main/DEBUG] [mixin/]: Compatibility level JAVA_16 specified by fabric-message-api-v1.mixins.json is higher than the maximum level supported by this version of mixin (JAVA_13).
[03May2026 04:02:02.658] [main/DEBUG] [mixin/]: Registering mixin config: fabric-message-api-v1.client.mixins.json
[03May2026 04:02:02.661] [main/DEBUG] [mixin/]: Adding mixin platform agents for container SecureJarResource(fabric_data_generation_api_v1)
[03May2026 04:02:02.661] [main/DEBUG] [mixin/]: Instancing new MixinPlatformAgentMinecraftForge for SecureJarResource(fabric_data_generation_api_v1)
[03May2026 04:02:02.661] [main/DEBUG] [mixin/]: MixinPlatformAgentMinecraftForge rejected container SecureJarResource(fabric_data_generation_api_v1)
[03May2026 04:02:02.661] [main/DEBUG] [mixin/]: Instancing new MixinPlatformAgentDefault for SecureJarResource(fabric_data_generation_api_v1)
[03May2026 04:02:02.661] [main/DEBUG] [mixin/]: MixinPlatformAgentDefault accepted container SecureJarResource(fabric_data_generation_api_v1)
[03May2026 04:02:02.661] [main/DEBUG] [mixin/]: Processing prepare() for PlatformAgent[MixinPlatformAgentDefault:SecureJarResource(fabric_data_generation_api_v1)]
[03May2026 04:02:02.661] [main/DEBUG] [mixin/]: Registering mixin config: fabric-data-generation-api-v1.mixins.json
[03May2026 04:02:02.663] [main/DEBUG] [mixin/]: Compatibility level JAVA_16 specified by fabric-data-generation-api-v1.mixins.json is higher than the maximum level supported by this version of mixin (JAVA_13).
[03May2026 04:02:02.663] [main/DEBUG] [mixin/]: Adding mixin platform agents for container SecureJarResource(fabric_events_interaction_v0)
[03May2026 04:02:02.663] [main/DEBUG] [mixin/]: Instancing new MixinPlatformAgentMinecraftForge for SecureJarResource(fabric_events_interaction_v0)
[03May2026 04:02:02.663] [main/DEBUG] [mixin/]: MixinPlatformAgentMinecraftForge rejected container SecureJarResource(fabric_events_interaction_v0)
[03May2026 04:02:02.664] [main/DEBUG] [mixin/]: Instancing new MixinPlatformAgentDefault for SecureJarResource(fabric_events_interaction_v0)
[03May2026 04:02:02.664] [main/DEBUG] [mixin/]: MixinPlatformAgentDefault accepted container SecureJarResource(fabric_events_interaction_v0)
[03May2026 04:02:02.664] [main/DEBUG] [mixin/]: Processing prepare() for PlatformAgent[MixinPlatformAgentDefault:SecureJarResource(fabric_events_interaction_v0)]
[03May2026 04:02:02.664] [main/DEBUG] [mixin/]: Registering mixin config: fabric-events-interaction-v0.mixins.json
[03May2026 04:02:02.666] [main/DEBUG] [mixin/]: Compatibility level JAVA_16 specified by fabric-events-interaction-v0.mixins.json is higher than the maximum level supported by this version of mixin (JAVA_13).
[03May2026 04:02:02.666] [main/DEBUG] [mixin/]: Registering mixin config: fabric-events-interaction-v0.client.mixins.json
[03May2026 04:02:02.667] [main/DEBUG] [mixin/]: Compatibility level JAVA_16 specified by fabric-events-interaction-v0.client.mixins.json is higher than the maximum level supported by this version of mixin (JAVA_13).
[03May2026 04:02:02.667] [main/DEBUG] [mixin/]: Adding mixin platform agents for container SecureJarResource(mclib)
[03May2026 04:02:02.668] [main/DEBUG] [mixin/]: Instancing new MixinPlatformAgentMinecraftForge for SecureJarResource(mclib)
[03May2026 04:02:02.668] [main/DEBUG] [mixin/]: MixinPlatformAgentMinecraftForge rejected container SecureJarResource(mclib)
[03May2026 04:02:02.668] [main/DEBUG] [mixin/]: Instancing new MixinPlatformAgentDefault for SecureJarResource(mclib)
[03May2026 04:02:02.668] [main/DEBUG] [mixin/]: MixinPlatformAgentDefault accepted container SecureJarResource(mclib)
[03May2026 04:02:02.668] [main/DEBUG] [mixin/]: Processing prepare() for PlatformAgent[MixinPlatformAgentDefault:SecureJarResource(mclib)]
[03May2026 04:02:02.668] [main/DEBUG] [mixin/]: Adding mixin platform agents for container SecureJarResource(Registrate.MC1._20)
[03May2026 04:02:02.668] [main/DEBUG] [mixin/]: Instancing new MixinPlatformAgentMinecraftForge for SecureJarResource(Registrate.MC1._20)
[03May2026 04:02:02.668] [main/DEBUG] [mixin/]: MixinPlatformAgentMinecraftForge rejected container SecureJarResource(Registrate.MC1._20)
[03May2026 04:02:02.668] [main/DEBUG] [mixin/]: Instancing new MixinPlatformAgentDefault for SecureJarResource(Registrate.MC1._20)
[03May2026 04:02:02.669] [main/DEBUG] [mixin/]: MixinPlatformAgentDefault accepted container SecureJarResource(Registrate.MC1._20)
[03May2026 04:02:02.669] [main/DEBUG] [mixin/]: Processing prepare() for PlatformAgent[MixinPlatformAgentDefault:SecureJarResource(Registrate.MC1._20)]
[03May2026 04:02:02.669] [main/DEBUG] [mixin/]: Adding mixin platform agents for container SecureJarResource(mixinextras)
[03May2026 04:02:02.669] [main/DEBUG] [mixin/]: Instancing new MixinPlatformAgentMinecraftForge for SecureJarResource(mixinextras)
[03May2026 04:02:02.669] [main/DEBUG] [mixin/]: MixinPlatformAgentMinecraftForge rejected container SecureJarResource(mixinextras)
[03May2026 04:02:02.669] [main/DEBUG] [mixin/]: Instancing new MixinPlatformAgentDefault for SecureJarResource(mixinextras)
[03May2026 04:02:02.669] [main/DEBUG] [mixin/]: MixinPlatformAgentDefault accepted container SecureJarResource(mixinextras)
[03May2026 04:02:02.669] [main/DEBUG] [mixin/]: Processing prepare() for PlatformAgent[MixinPlatformAgentDefault:SecureJarResource(mixinextras)]
[03May2026 04:02:02.669] [main/DEBUG] [mixin/]: Registering mixin config: mixinextras.init.mixins.json
[03May2026 04:02:02.670] [main/DEBUG] [mixin/]: Adding mixin platform agents for container SecureJarResource(MixinSquared.beta._6)
[03May2026 04:02:02.671] [main/DEBUG] [mixin/]: Instancing new MixinPlatformAgentMinecraftForge for SecureJarResource(MixinSquared.beta._6)
[03May2026 04:02:02.671] [main/DEBUG] [mixin/]: MixinPlatformAgentMinecraftForge rejected container SecureJarResource(MixinSquared.beta._6)
[03May2026 04:02:02.671] [main/DEBUG] [mixin/]: Instancing new MixinPlatformAgentDefault for SecureJarResource(MixinSquared.beta._6)
[03May2026 04:02:02.671] [main/DEBUG] [mixin/]: MixinPlatformAgentDefault accepted container SecureJarResource(MixinSquared.beta._6)
[03May2026 04:02:02.671] [main/DEBUG] [mixin/]: Processing prepare() for PlatformAgent[MixinPlatformAgentDefault:SecureJarResource(MixinSquared.beta._6)]
[03May2026 04:02:02.671] [main/DEBUG] [mixin/]: Adding mixin platform agents for container SecureJarResource(MixinExtras)
[03May2026 04:02:02.671] [main/DEBUG] [mixin/]: Instancing new MixinPlatformAgentMinecraftForge for SecureJarResource(MixinExtras)
[03May2026 04:02:02.671] [main/DEBUG] [mixin/]: MixinPlatformAgentMinecraftForge rejected container SecureJarResource(MixinExtras)
[03May2026 04:02:02.671] [main/DEBUG] [mixin/]: Instancing new MixinPlatformAgentDefault for SecureJarResource(MixinExtras)
[03May2026 04:02:02.671] [main/DEBUG] [mixin/]: MixinPlatformAgentDefault accepted container SecureJarResource(MixinExtras)
[03May2026 04:02:02.671] [main/DEBUG] [mixin/]: Processing prepare() for PlatformAgent[MixinPlatformAgentDefault:SecureJarResource(MixinExtras)]
[03May2026 04:02:02.671] [main/DEBUG] [mixin/]: inject() running with 99 agents
[03May2026 04:02:02.671] [main/DEBUG] [mixin/]: Processing inject() for PlatformAgent[MixinPlatformAgentDefault:ModLauncher Root Container(ModLauncher:4f56a0a2)]
[03May2026 04:02:02.671] [main/DEBUG] [mixin/]: Processing inject() for PlatformAgent[MixinPlatformAgentDefault:SecureJarResource(kuma_api)]
[03May2026 04:02:02.671] [main/DEBUG] [mixin/]: Processing inject() for PlatformAgent[MixinPlatformAgentDefault:SecureJarResource(fabric_renderer_api_v1)]
[03May2026 04:02:02.671] [main/DEBUG] [mixin/]: Processing inject() for PlatformAgent[MixinPlatformAgentDefault:SecureJarResource(geckolib)]
[03May2026 04:02:02.671] [main/DEBUG] [mixin/]: Processing inject() for PlatformAgent[MixinPlatformAgentDefault:SecureJarResource(playeranimator)]
[03May2026 04:02:02.671] [main/DEBUG] [mixin/]: Processing inject() for PlatformAgent[MixinPlatformAgentDefault:SecureJarResource(fabric_item_api_v1)]
[03May2026 04:02:02.671] [main/DEBUG] [mixin/]: Processing inject() for PlatformAgent[MixinPlatformAgentDefault:SecureJarResource(fabric_rendering_fluids_v1)]
[03May2026 04:02:02.671] [main/DEBUG] [mixin/]: Processing inject() for PlatformAgent[MixinPlatformAgentDefault:SecureJarResource(fabric_models_v0)]
[03May2026 04:02:02.671] [main/DEBUG] [mixin/]: Processing inject() for PlatformAgent[MixinPlatformAgentDefault:SecureJarResource(sophisticatedcore)]
[03May2026 04:02:02.671] [main/DEBUG] [mixin/]: Processing inject() for PlatformAgent[MixinPlatformAgentDefault:SecureJarResource(fabric_convention_tags_v1)]
[03May2026 04:02:02.671] [main/DEBUG] [mixin/]: Processing inject() for PlatformAgent[MixinPlatformAgentDefault:SecureJarResource(prism)]
[03May2026 04:02:02.671] [main/DEBUG] [mixin/]: Processing inject() for PlatformAgent[MixinPlatformAgentDefault:SecureJarResource(modernfix)]
[03May2026 04:02:02.671] [main/DEBUG] [mixin/]: Processing inject() for PlatformAgent[MixinPlatformAgentDefault:SecureJarResource(citadel)]
[03May2026 04:02:02.672] [main/DEBUG] [mixin/]: Processing inject() for PlatformAgent[MixinPlatformAgentDefault:SecureJarResource(fabric_command_api_v1)]
[03May2026 04:02:02.672] [main/DEBUG] [mixin/]: Processing inject() for PlatformAgent[MixinPlatformAgentDefault:SecureJarResource(fabric_block_view_api_v2)]
[03May2026 04:02:02.672] [main/DEBUG] [mixin/]: Processing inject() for PlatformAgent[MixinPlatformAgentDefault:SecureJarResource(fabric_command_api_v2)]
[03May2026 04:02:02.672] [main/DEBUG] [mixin/]: Processing inject() for PlatformAgent[MixinPlatformAgentDefault:SecureJarResource(fabric_data_attachment_api_v1)]
[03May2026 04:02:02.672] [main/DEBUG] [mixin/]: Processing inject() for PlatformAgent[MixinPlatformAgentDefault:SecureJarResource(sophisticatedbackpacks)]
[03May2026 04:02:02.672] [main/DEBUG] [mixin/]: Processing inject() for PlatformAgent[MixinPlatformAgentDefault:SecureJarResource(balm)]
[03May2026 04:02:02.672] [main/DEBUG] [mixin/]: Processing inject() for PlatformAgent[MixinPlatformAgentDefault:SecureJarResource(fabric_screen_api_v1)]
[03May2026 04:02:02.672] [main/DEBUG] [mixin/]: Processing inject() for PlatformAgent[MixinPlatformAgentDefault:SecureJarResource(cloth_config)]
[03May2026 04:02:02.672] [main/DEBUG] [mixin/]: Processing inject() for PlatformAgent[MixinPlatformAgentDefault:SecureJarResource(stackrefill)]
[03May2026 04:02:02.672] [main/DEBUG] [mixin/]: Processing inject() for PlatformAgent[MixinPlatformAgentDefault:SecureJarResource(fabric_api)]
[03May2026 04:02:02.672] [main/DEBUG] [mixin/]: Processing inject() for PlatformAgent[MixinPlatformAgentDefault:SecureJarResource(fabric_content_registries_v0)]
[03May2026 04:02:02.672] [main/DEBUG] [mixin/]: Processing inject() for PlatformAgent[MixinPlatformAgentDefault:SecureJarResource(konkrete)]
[03May2026 04:02:02.672] [main/DEBUG] [mixin/]: Processing inject() for PlatformAgent[MixinPlatformAgentDefault:SecureJarResource(fabric_game_rule_api_v1)]
[03May2026 04:02:02.672] [main/DEBUG] [mixin/]: Processing inject() for PlatformAgent[MixinPlatformAgentDefault:SecureJarResource(fabric_api_lookup_api_v1)]
[03May2026 04:02:02.672] [main/DEBUG] [mixin/]: Processing inject() for PlatformAgent[MixinPlatformAgentDefault:SecureJarResource(jupiter)]
[03May2026 04:02:02.673] [main/DEBUG] [mixin/]: Processing inject() for PlatformAgent[MixinPlatformAgentDefault:SecureJarResource(lionfishapi)]
[03May2026 04:02:02.673] [main/DEBUG] [mixin/]: Processing inject() for PlatformAgent[MixinPlatformAgentDefault:SecureJarResource(spartantoolkit)]
[03May2026 04:02:02.673] [main/DEBUG] [mixin/]: Processing inject() for PlatformAgent[MixinPlatformAgentDefault:SecureJarResource(cataclysm)]
[03May2026 04:02:02.673] [main/DEBUG] [mixin/]: Processing inject() for PlatformAgent[MixinPlatformAgentDefault:SecureJarResource(curios)]
[03May2026 04:02:02.673] [main/DEBUG] [mixin/]: Processing inject() for PlatformAgent[MixinPlatformAgentDefault:SecureJarResource(collective)]
[03May2026 04:02:02.673] [main/DEBUG] [mixin/]: Processing inject() for PlatformAgent[MixinPlatformAgentDefault:SecureJarResource(searchables)]
[03May2026 04:02:02.673] [main/DEBUG] [mixin/]: Processing inject() for PlatformAgent[MixinPlatformAgentDefault:SecureJarResource(spartanfire)]
[03May2026 04:02:02.673] [main/DEBUG] [mixin/]: Processing inject() for PlatformAgent[MixinPlatformAgentDefault:SecureJarResource(fabric_entity_events_v1)]
[03May2026 04:02:02.674] [main/DEBUG] [mixin/]: Processing inject() for PlatformAgent[MixinPlatformAgentDefault:SecureJarResource(spartanweaponry)]
[03May2026 04:02:02.674] [main/DEBUG] [mixin/]: Processing inject() for PlatformAgent[MixinPlatformAgentDefault:SecureJarResource(architectury)]
[03May2026 04:02:02.674] [main/DEBUG] [mixin/]: Processing inject() for PlatformAgent[MixinPlatformAgentDefault:SecureJarResource(fabric_loot_api_v2)]
[03May2026 04:02:02.674] [main/DEBUG] [mixin/]: Processing inject() for PlatformAgent[MixinPlatformAgentDefault:SecureJarResource(fabric_rendering_data_attachment_v1)]
[03May2026 04:02:02.674] [main/DEBUG] [mixin/]: Processing inject() for PlatformAgent[MixinPlatformAgentDefault:SecureJarResource(fabric_networking_api_v1)]
[03May2026 04:02:02.674] [main/DEBUG] [mixin/]: Processing inject() for PlatformAgent[MixinPlatformAgentDefault:SecureJarResource(fallingtree)]
[03May2026 04:02:02.674] [main/DEBUG] [mixin/]: Processing inject() for PlatformAgent[MixinPlatformAgentDefault:SecureJarResource(enchantinginfuser)]
[03May2026 04:02:02.674] [main/DEBUG] [mixin/]: Processing inject() for PlatformAgent[MixinPlatformAgentDefault:SecureJarResource(fabric_lifecycle_events_v1)]
[03May2026 04:02:02.674] [main/DEBUG] [mixin/]: Processing inject() for PlatformAgent[MixinPlatformAgentDefault:SecureJarResource(fabric_key_binding_api_v1)]
[03May2026 04:02:02.674] [main/DEBUG] [mixin/]: Processing inject() for PlatformAgent[MixinPlatformAgentDefault:SecureJarResource(fabric_client_tags_api_v1)]
[03May2026 04:02:02.674] [main/DEBUG] [mixin/]: Processing inject() for PlatformAgent[MixinPlatformAgentDefault:SecureJarResource(fabric_transfer_api_v1)]
[03May2026 04:02:02.674] [main/DEBUG] [mixin/]: Processing inject() for PlatformAgent[MixinPlatformAgentDefault:SecureJarResource(fabric_dimensions_v1)]
[03May2026 04:02:02.674] [main/DEBUG] [mixin/]: Processing inject() for PlatformAgent[MixinPlatformAgentDefault:SecureJarResource(elytraslot)]
[03May2026 04:02:02.674] [main/DEBUG] [mixin/]: Processing inject() for PlatformAgent[MixinPlatformAgentDefault:SecureJarResource(fabric_model_loading_api_v1)]
[03May2026 04:02:02.674] [main/DEBUG] [mixin/]: Processing inject() for PlatformAgent[MixinPlatformAgentDefault:SecureJarResource(jei)]
[03May2026 04:02:02.674] [main/DEBUG] [mixin/]: Processing inject() for PlatformAgent[MixinPlatformAgentDefault:SecureJarResource(fabric_screen_handler_api_v1)]
[03May2026 04:02:02.674] [main/DEBUG] [mixin/]: Processing inject() for PlatformAgent[MixinPlatformAgentDefault:SecureJarResource(fabric_resource_loader_v0)]
[03May2026 04:02:02.674] [main/DEBUG] [mixin/]: Processing inject() for PlatformAgent[MixinPlatformAgentDefault:SecureJarResource(caelus)]
[03May2026 04:02:02.674] [main/DEBUG] [mixin/]: Processing inject() for PlatformAgent[MixinPlatformAgentDefault:SecureJarResource(fabric_rendering_v1)]
[03May2026 04:02:02.674] [main/DEBUG] [mixin/]: Processing inject() for PlatformAgent[MixinPlatformAgentDefault:SecureJarResource(waystones)]
[03May2026 04:02:02.674] [main/DEBUG] [mixin/]: Processing inject() for PlatformAgent[MixinPlatformAgentDefault:SecureJarResource(fabric_renderer_indigo)]
[03May2026 04:02:02.674] [main/DEBUG] [mixin/]: Processing inject() for PlatformAgent[MixinPlatformAgentDefault:SecureJarResource(comforts)]
[03May2026 04:02:02.674] [main/DEBUG] [mixin/]: Processing inject() for PlatformAgent[MixinPlatformAgentDefault:SecureJarResource(fabric_mining_level_api_v1)]
[03May2026 04:02:02.674] [main/DEBUG] [mixin/]: Processing inject() for PlatformAgent[MixinPlatformAgentDefault:SecureJarResource(naturescompass)]
[03May2026 04:02:02.674] [main/DEBUG] [mixin/]: Processing inject() for PlatformAgent[MixinPlatformAgentDefault:SecureJarResource(explorerscompass)]
[03May2026 04:02:02.674] [main/DEBUG] [mixin/]: Processing inject() for PlatformAgent[MixinPlatformAgentDefault:SecureJarResource(iceandfire)]
[03May2026 04:02:02.674] [main/DEBUG] [mixin/]: Processing inject() for PlatformAgent[MixinPlatformAgentDefault:SecureJarResource(txnilib)]
[03May2026 04:02:02.675] [main/DEBUG] [mixin/]: Processing inject() for PlatformAgent[MixinPlatformAgentDefault:SecureJarResource(uranus)]
[03May2026 04:02:02.675] [main/DEBUG] [mixin/]: Processing inject() for PlatformAgent[MixinPlatformAgentDefault:SecureJarResource(fabric_particles_v1)]
[03May2026 04:02:02.675] [main/DEBUG] [mixin/]: Processing inject() for PlatformAgent[MixinPlatformAgentDefault:SecureJarResource(puzzlesaccessapi)]
[03May2026 04:02:02.675] [main/DEBUG] [mixin/]: Processing inject() for PlatformAgent[MixinPlatformAgentDefault:SecureJarResource(forge)]
[03May2026 04:02:02.675] [main/DEBUG] [mixin/]: Processing inject() for PlatformAgent[MixinPlatformAgentDefault:SecureJarResource(fabric_transitive_access_wideners_v1)]
[03May2026 04:02:02.675] [main/DEBUG] [mixin/]: Processing inject() for PlatformAgent[MixinPlatformAgentDefault:SecureJarResource(minecraft)]
[03May2026 04:02:02.675] [main/DEBUG] [mixin/]: Processing inject() for PlatformAgent[MixinPlatformAgentDefault:SecureJarResource(oreminer)]
[03May2026 04:02:02.675] [main/DEBUG] [mixin/]: Processing inject() for PlatformAgent[MixinPlatformAgentDefault:SecureJarResource(fabric_api_base)]
[03May2026 04:02:02.675] [main/DEBUG] [mixin/]: Processing inject() for PlatformAgent[MixinPlatformAgentDefault:SecureJarResource(fabric_blockrenderlayer_v1)]
[03May2026 04:02:02.675] [main/DEBUG] [mixin/]: Processing inject() for PlatformAgent[MixinPlatformAgentDefault:SecureJarResource(mixinsquared)]
[03May2026 04:02:02.675] [main/DEBUG] [mixin/]: Processing inject() for PlatformAgent[MixinPlatformAgentDefault:SecureJarResource(creativecore)]
[03May2026 04:02:02.675] [main/DEBUG] [mixin/]: Processing inject() for PlatformAgent[MixinPlatformAgentDefault:SecureJarResource(spectrelib)]
[03May2026 04:02:02.675] [main/DEBUG] [mixin/]: Processing inject() for PlatformAgent[MixinPlatformAgentDefault:SecureJarResource(fabric_block_api_v1)]
[03May2026 04:02:02.675] [main/DEBUG] [mixin/]: Processing inject() for PlatformAgent[MixinPlatformAgentDefault:SecureJarResource(fabric_resource_conditions_api_v1)]
[03May2026 04:02:02.675] [main/DEBUG] [mixin/]: Processing inject() for PlatformAgent[MixinPlatformAgentDefault:SecureJarResource(easy_villagers)]
[03May2026 04:02:02.675] [main/DEBUG] [mixin/]: Processing inject() for PlatformAgent[MixinPlatformAgentDefault:SecureJarResource(iceberg)]
[03May2026 04:02:02.675] [main/DEBUG] [mixin/]: Processing inject() for PlatformAgent[MixinPlatformAgentDefault:SecureJarResource(flywheel)]
[03May2026 04:02:02.675] [main/DEBUG] [mixin/]: Processing inject() for PlatformAgent[MixinPlatformAgentDefault:SecureJarResource(ponder)]
[03May2026 04:02:02.675] [main/DEBUG] [mixin/]: Processing inject() for PlatformAgent[MixinPlatformAgentDefault:SecureJarResource(create)]
[03May2026 04:02:02.675] [main/DEBUG] [mixin/]: Processing inject() for PlatformAgent[MixinPlatformAgentDefault:SecureJarResource(fabric_item_group_api_v1)]
[03May2026 04:02:02.675] [main/DEBUG] [mixin/]: Processing inject() for PlatformAgent[MixinPlatformAgentDefault:SecureJarResource(fabric_biome_api_v1)]
[03May2026 04:02:02.675] [main/DEBUG] [mixin/]: Processing inject() for PlatformAgent[MixinPlatformAgentDefault:SecureJarResource(fabric_registry_sync_v0)]
[03May2026 04:02:02.675] [main/DEBUG] [mixin/]: Processing inject() for PlatformAgent[MixinPlatformAgentDefault:SecureJarResource(fabric_recipe_api_v1)]
[03May2026 04:02:02.675] [main/DEBUG] [mixin/]: Processing inject() for PlatformAgent[MixinPlatformAgentDefault:SecureJarResource(lootr)]
[03May2026 04:02:02.675] [main/DEBUG] [mixin/]: Processing inject() for PlatformAgent[MixinPlatformAgentDefault:SecureJarResource(ferritecore)]
[03May2026 04:02:02.675] [main/DEBUG] [mixin/]: Processing inject() for PlatformAgent[MixinPlatformAgentDefault:SecureJarResource(fabric_object_builder_api_v1)]
[03May2026 04:02:02.675] [main/DEBUG] [mixin/]: Processing inject() for PlatformAgent[MixinPlatformAgentDefault:SecureJarResource(puzzleslib)]
[03May2026 04:02:02.675] [main/DEBUG] [mixin/]: Processing inject() for PlatformAgent[MixinPlatformAgentDefault:SecureJarResource(fabric_sound_api_v1)]
[03May2026 04:02:02.675] [main/DEBUG] [mixin/]: Processing inject() for PlatformAgent[MixinPlatformAgentDefault:SecureJarResource(fabric_message_api_v1)]
[03May2026 04:02:02.675] [main/DEBUG] [mixin/]: Processing inject() for PlatformAgent[MixinPlatformAgentDefault:SecureJarResource(fabric_data_generation_api_v1)]
[03May2026 04:02:02.675] [main/DEBUG] [mixin/]: Processing inject() for PlatformAgent[MixinPlatformAgentDefault:SecureJarResource(fabric_events_interaction_v0)]
[03May2026 04:02:02.675] [main/DEBUG] [mixin/]: Processing inject() for PlatformAgent[MixinPlatformAgentDefault:SecureJarResource(mclib)]
[03May2026 04:02:02.676] [main/DEBUG] [mixin/]: Processing inject() for PlatformAgent[MixinPlatformAgentDefault:SecureJarResource(Registrate.MC1._20)]
[03May2026 04:02:02.676] [main/DEBUG] [mixin/]: Processing inject() for PlatformAgent[MixinPlatformAgentDefault:SecureJarResource(mixinextras)]
[03May2026 04:02:02.676] [main/DEBUG] [mixin/]: Processing inject() for PlatformAgent[MixinPlatformAgentDefault:SecureJarResource(MixinSquared.beta._6)]
[03May2026 04:02:02.676] [main/DEBUG] [mixin/]: Processing inject() for PlatformAgent[MixinPlatformAgentDefault:SecureJarResource(MixinExtras)]
[03May2026 04:02:02.676] [main/INFO] [net.fabricmc.loader.impl.bootstrap.FabricLoaderBootstrap/]: Propagating FML mod list to Fabric Loader
[03May2026 04:02:02.691] [main/INFO] [cpw.mods.modlauncher.LaunchServiceHandler/MODLAUNCHER]: Launching target 'forgeserver' with arguments [nogui]
[03May2026 04:02:02.732] [main/DEBUG] [mixin/]: Error cleaning class output directory: .mixin.out
[03May2026 04:02:02.733] [main/DEBUG] [mixin/]: Preparing mixins for MixinEnvironment[DEFAULT]
[03May2026 04:02:02.733] [main/DEBUG] [mixin/]: Selecting config kuma_api.mixins.json
[03May2026 04:02:02.737] [main/DEBUG] [mixin/]: Selecting config kuma_api.forge.mixins.json
[03May2026 04:02:02.739] [main/DEBUG] [mixin/]: Selecting config fabric-renderer-api-v1.mixins.json
[03May2026 04:02:02.740] [main/DEBUG] [mixin/]: Selecting config fabric-renderer-api-v1.debughud.mixins.json
[03May2026 04:02:02.742] [main/DEBUG] [mixin/]: Selecting config geckolib.mixins.json
[03May2026 04:02:02.743] [main/DEBUG] [mixin/]: Selecting config playerAnimator-common.mixins.json
[03May2026 04:02:02.754] [main/DEBUG] [mixin/]: Selecting config fabric-item-api-v1.mixins.json
[03May2026 04:02:02.755] [main/DEBUG] [mixin/]: Selecting config fabric-item-api-v1.client.mixins.json
[03May2026 04:02:02.757] [main/DEBUG] [mixin/]: Selecting config fabric-rendering-fluids-v1.mixins.json
[03May2026 04:02:02.759] [main/DEBUG] [mixin/]: Selecting config sophisticatedcore.mixins.json
[03May2026 04:02:02.760] [main/DEBUG] [mixin/]: Selecting config prism.mixins.json
[03May2026 04:02:02.762] [main/DEBUG] [mixin/]: Selecting config modernfix-modernfix.mixins.json
[03May2026 04:02:02.897] [main/INFO] [ModernFix/]: Loaded configuration file for ModernFix 5.27.15+mc1.20.1: 108 options available, 0 override(s) found
[03May2026 04:02:02.898] [main/INFO] [ModernFix/]: Applying Nashorn fix
[03May2026 04:02:02.919] [main/INFO] [ModernFix/]: Applied Forge config corruption patch
[03May2026 04:02:02.933] [main/DEBUG] [mixin/]: Selecting config citadel.mixins.json
[03May2026 04:02:02.937] [main/DEBUG] [mixin/]: Selecting config fabric-block-view-api-v2.mixins.json
[03May2026 04:02:02.940] [main/DEBUG] [mixin/]: Selecting config fabric-block-view-api-v2.client.mixins.json
[03May2026 04:02:02.942] [main/DEBUG] [mixin/]: Selecting config fabric-command-api-v2.mixins.json
[03May2026 04:02:02.945] [main/DEBUG] [mixin/]: Selecting config fabric-command-api-v2.client.mixins.json
[03May2026 04:02:02.947] [main/DEBUG] [mixin/]: Selecting config fabric-data-attachment-api-v1.mixins.json
[03May2026 04:02:02.950] [main/DEBUG] [mixin/]: Selecting config fabric-data-attachment-api-v1.client.mixins.json
[03May2026 04:02:02.953] [main/DEBUG] [mixin/]: Selecting config balm.mixins.json
[03May2026 04:02:02.956] [main/DEBUG] [mixin/]: Selecting config fabric-screen-api-v1.mixins.json
[03May2026 04:02:02.958] [main/DEBUG] [mixin/]: Selecting config stackrefill_forge.mixins.json
[03May2026 04:02:02.962] [main/DEBUG] [mixin/]: Selecting config fabric-content-registries-v0.mixins.json
[03May2026 04:02:02.965] [main/DEBUG] [mixin/]: Selecting config konkrete.mixin.json
[03May2026 04:02:02.967] [main/DEBUG] [mixin/]: Selecting config fabric-game-rule-api-v1.mixins.json
[03May2026 04:02:02.969] [main/DEBUG] [mixin/]: Selecting config fabric-game-rule-api-v1.client.mixins.json
[03May2026 04:02:02.972] [main/DEBUG] [mixin/]: Selecting config fabric-api-lookup-api-v1.mixins.json
[03May2026 04:02:02.974] [main/DEBUG] [mixin/]: Selecting config jupiter.mixins.json
[03May2026 04:02:02.977] [main/DEBUG] [mixin/]: Selecting config lionfishapi.mixins.json
[03May2026 04:02:02.980] [main/DEBUG] [mixin/]: Selecting config spartantoolkit.mixins.json
[03May2026 04:02:02.983] [main/DEBUG] [mixin/]: Selecting config cataclysm.mixins.json
[03May2026 04:02:02.985] [main/DEBUG] [mixin/]: Selecting config curios.mixins.json
[03May2026 04:02:02.988] [main/DEBUG] [mixin/]: Selecting config collective_forge.mixins.json
[03May2026 04:02:02.991] [main/DEBUG] [mixin/]: Selecting config searchables.mixins.json
[03May2026 04:02:02.993] [main/DEBUG] [mixin/]: Selecting config searchables.forge.mixins.json
[03May2026 04:02:02.996] [main/DEBUG] [mixin/]: Selecting config spartanfire.mixins.json
[03May2026 04:02:02.998] [main/DEBUG] [mixin/]: Selecting config fabric-entity-events-v1.mixins.json
[03May2026 04:02:03.002] [main/DEBUG] [mixin/]: Selecting config fabric-entity-events-v1.client.mixins.json
[03May2026 04:02:03.004] [main/DEBUG] [mixin/]: Selecting config spartanweaponry.mixins.json
[03May2026 04:02:03.007] [main/DEBUG] [mixin/]: Selecting config architectury.mixins.json
[03May2026 04:02:03.011] [main/DEBUG] [mixin/]: Selecting config architectury-common.mixins.json
[03May2026 04:02:03.014] [main/DEBUG] [mixin/]: Selecting config fabric-loot-api-v2.mixins.json
[03May2026 04:02:03.017] [main/DEBUG] [mixin/]: Selecting config fabric-rendering-data-attachment-v1.mixins.json
[03May2026 04:02:03.019] [main/DEBUG] [mixin/]: Selecting config fabric-rendering-data-attachment-v1.client.mixins.json
[03May2026 04:02:03.023] [main/DEBUG] [mixin/]: Selecting config fabric-networking-api-v1.mixins.json
[03May2026 04:02:03.025] [main/DEBUG] [mixin/]: Selecting config fabric-networking-api-v1.client.mixins.json
[03May2026 04:02:03.028] [main/DEBUG] [mixin/]: Selecting config fabric-lifecycle-events-v1.mixins.json
[03May2026 04:02:03.032] [main/DEBUG] [mixin/]: Selecting config fabric-lifecycle-events-v1.client.mixins.json
[03May2026 04:02:03.034] [main/DEBUG] [mixin/]: Selecting config fabric-key-binding-api-v1.mixins.json
[03May2026 04:02:03.037] [main/DEBUG] [mixin/]: Selecting config fabric-transfer-api-v1.mixins.json
[03May2026 04:02:03.040] [main/DEBUG] [mixin/]: Selecting config elytraslot-integrations.mixins.json
[03May2026 04:02:03.043] [main/DEBUG] [mixin/]: Selecting config elytraslot-forge-integrations.mixins.json
[03May2026 04:02:03.046] [main/DEBUG] [mixin/]: Selecting config fabric-model-loading-api-v1.mixins.json
[03May2026 04:02:03.049] [main/DEBUG] [mixin/]: Selecting config fabric-screen-handler-api-v1.mixins.json
[03May2026 04:02:03.053] [main/DEBUG] [mixin/]: Selecting config fabric-resource-loader-v0.mixins.json
[03May2026 04:02:03.059] [main/DEBUG] [mixin/]: Selecting config fabric-resource-loader-v0.client.mixins.json
[03May2026 04:02:03.063] [main/DEBUG] [mixin/]: Selecting config caelus.mixins.json
[03May2026 04:02:03.064] [main/DEBUG] [mixin/]: Selecting config fabric-rendering-v1.mixins.json
[03May2026 04:02:03.066] [main/DEBUG] [mixin/]: Selecting config waystones.mixins.json
[03May2026 04:02:03.069] [main/DEBUG] [mixin/]: Selecting config fabric-renderer-indigo.mixins.json
[03May2026 04:02:03.074] [main/DEBUG] [mixin/]: Selecting config comforts.mixins.json
[03May2026 04:02:03.077] [main/DEBUG] [mixin/]: Selecting config fabric-mining-level-api-v1.mixins.json
[03May2026 04:02:03.079] [main/DEBUG] [mixin/]: Selecting config iceandfire.mixins.json
[03May2026 04:02:03.082] [main/DEBUG] [mixin/]: Selecting config mixins.txnilib.json
[03May2026 04:02:03.087] [main/DEBUG] [mixin/]: Selecting config uranus.mixins.json
[03May2026 04:02:03.090] [main/DEBUG] [mixin/]: Selecting config uranus-forge.mixins.json
[03May2026 04:02:03.092] [main/DEBUG] [mixin/]: Selecting config fabric-particles-v1.client.mixins.json
[03May2026 04:02:03.095] [main/DEBUG] [mixin/]: Selecting config puzzlesaccessapi.common.mixins.json
[03May2026 04:02:03.100] [main/WARN] [mixin/]: Reference map 'puzzlesaccessapi.common.refmap.json' for puzzlesaccessapi.common.mixins.json could not be read. If this is a development environment you can ignore this message
[03May2026 04:02:03.100] [main/DEBUG] [mixin/]: Selecting config puzzlesaccessapi.forge.mixins.json
[03May2026 04:02:03.104] [main/DEBUG] [mixin/]: Selecting config fabric-api-base.init.mixins.json
[03May2026 04:02:03.119] [main/DEBUG] [mixin/]: Selecting config fabric-blockrenderlayer-v1.mixins.json
[03May2026 04:02:03.123] [main/DEBUG] [mixin/]: Selecting config mixinsquared.init.mixins.json
[03May2026 04:02:03.139] [main/DEBUG] [mixin/]: Registering new target selector for @mixinsquared:handler with com.bawnorton.mixinsquared.selector.DynamicSelectorHandler
[03May2026 04:02:03.150] [main/DEBUG] [mixin/]: Selecting config creativecore.mixins.json
[03May2026 04:02:03.153] [main/DEBUG] [mixin/]: Selecting config creativecore.forge.mixins.json
[03May2026 04:02:03.156] [main/DEBUG] [mixin/]: Selecting config fabric-resource-conditions-api-v1.mixins.json
[03May2026 04:02:03.158] [main/DEBUG] [mixin/]: Selecting config iceberg.mixins.json
[03May2026 04:02:03.162] [main/DEBUG] [mixin/]: Selecting config flywheel.backend.mixins.json
[03May2026 04:02:03.164] [main/DEBUG] [mixin/]: Selecting config flywheel.impl.mixins.json
[03May2026 04:02:03.167] [main/DEBUG] [mixin/]: Selecting config ponder.mixins.json
[03May2026 04:02:03.171] [main/DEBUG] [mixin/]: Selecting config ponder-common.mixins.json
[03May2026 04:02:03.174] [main/DEBUG] [mixin/]: Selecting config create.mixins.json
[03May2026 04:02:03.178] [main/DEBUG] [mixin/]: Selecting config fabric-item-group-api-v1.mixins.json
[03May2026 04:02:03.181] [main/DEBUG] [mixin/]: Selecting config fabric-item-group-api-v1.client.mixins.json
[03May2026 04:02:03.184] [main/DEBUG] [mixin/]: Selecting config fabric-biome-api-v1.mixins.json
[03May2026 04:02:03.187] [main/DEBUG] [mixin/]: Selecting config fabric-registry-sync-v0.mixins.json
[03May2026 04:02:03.190] [main/DEBUG] [mixin/]: Selecting config fabric-registry-sync-v0.client.mixins.json
[03May2026 04:02:03.192] [main/DEBUG] [mixin/]: Selecting config fabric-recipe-api-v1.mixins.json
[03May2026 04:02:03.195] [main/DEBUG] [mixin/]: Selecting config lootr.mixins.json
[03May2026 04:02:03.197] [main/DEBUG] [mixin/]: Selecting config ferritecore.predicates.mixin.json
[03May2026 04:02:03.219] [main/DEBUG] [mixin/]: Selecting config ferritecore.fastmap.mixin.json
[03May2026 04:02:03.222] [main/DEBUG] [mixin/]: Selecting config ferritecore.mrl.mixin.json
[03May2026 04:02:03.225] [main/DEBUG] [mixin/]: Selecting config ferritecore.dedupmultipart.mixin.json
[03May2026 04:02:03.229] [main/DEBUG] [mixin/]: Selecting config ferritecore.blockstatecache.mixin.json
[03May2026 04:02:03.232] [main/DEBUG] [mixin/]: Selecting config ferritecore.dedupbakedquad.mixin.json
[03May2026 04:02:03.236] [main/DEBUG] [mixin/]: Selecting config ferritecore.threaddetec.mixin.json
[03May2026 04:02:03.238] [main/DEBUG] [mixin/]: Selecting config ferritecore.modelsides.mixin.json
[03May2026 04:02:03.242] [main/DEBUG] [mixin/]: Selecting config fabric-object-builder-v1.mixins.json
[03May2026 04:02:03.244] [main/DEBUG] [mixin/]: Selecting config puzzleslib.common.mixins.json
[03May2026 04:02:03.267] [main/INFO] [Puzzles Lib/]: Loading 93 mods:
	- balm 7.3.38
		\-- kuma_api 20.1.12
	- caelus 3.2.0+1.20.1
	- cataclysm 3.27
	- citadel 2.6.3
	- cloth_config 11.1.136
	- collective 8.22
	- comforts 6.4.0+1.20.1
		\-- spectrelib 0.13.15+1.20.1
	- create 6.0.8
		|-- flywheel 1.0.5
		\-- ponder 1.0.91
	- creativecore 2.12.37
	- curios 5.14.1+1.20.1
	- easy_villagers 1.20.1-1.1.23
	- elytraslot 6.4.4+1.20.1
		\-- mixinsquared 0.1.2-beta.6
	- enchantinginfuser 8.0.3
	- explorerscompass 1.20.1-1.4.0-forge
	- fallingtree 4.3.4
	- ferritecore 6.0.1
	- forge 47.3.7
	- geckolib 4.8.3
	- iceandfire 2.1.13-1.20.1
	- iceberg 1.1.25
	- jei 15.20.0.112
	- jupiter 2.3.7
	- konkrete 1.8.0
	- lionfishapi 2.7
	- lootr 0.7.35.94
	- minecraft 1.20.1
	- modernfix 5.27.15+mc1.20.1
	- naturescompass 1.20.1-1.12.0-forge
	- oreminer 1.1
	- playeranimator 1.0.2-rc1+1.20
	- prism 1.0.5
	- puzzleslib 8.1.33
		\-- puzzlesaccessapi 20.1.1
	- searchables 1.0.3
	- sophisticatedbackpacks 3.24.36.1713
	- sophisticatedcore 1.3.30.1809
	- spartanfire 2.1.0
	- spartantoolkit 1.20.1-1.6.1
	- spartanweaponry 3.2.1
	- stackrefill 4.9
	- txnilib 1.0.24
		|-- fabric_api 0.92.2+1.11.12+1.20.1
		|-- fabric_api_base 0.4.31+ef105b4977
		|-- fabric_api_lookup_api_v1 1.6.36+67f9824077
		|-- fabric_biome_api_v1 13.0.13+dc36698e77
		|-- fabric_block_api_v1 1.0.11+0e6cb7f777
		|-- fabric_block_view_api_v2 1.0.1+0767707077
		|-- fabric_blockrenderlayer_v1 1.1.41+1d0da21e77
		|-- fabric_client_tags_api_v1 1.1.2+5d6761b877
		|-- fabric_command_api_v1 1.2.34+f71b366f77
		|-- fabric_command_api_v2 2.2.13+561530ec77
		|-- fabric_content_registries_v0 4.0.11+a670df1e77
		|-- fabric_convention_tags_v1 1.5.5+fa3d1c0177
		|-- fabric_data_attachment_api_v1 1.0.0+30ef839e77
		|-- fabric_data_generation_api_v1 12.3.4+369cb3a477
		|-- fabric_dimensions_v1 2.1.54+8005d10d77
		|-- fabric_entity_events_v1 1.6.0+4ca7515277
		|-- fabric_events_interaction_v0 0.6.2+0d0bd5a777
		|-- fabric_game_rule_api_v1 1.0.40+683d4da877
		|-- fabric_item_api_v1 2.1.28+4d0bbcfa77
		|-- fabric_item_group_api_v1 4.0.12+c9161c2d77
		|-- fabric_key_binding_api_v1 1.0.37+561530ec77
		|-- fabric_lifecycle_events_v1 2.2.22+afab492177
		|-- fabric_loot_api_v2 1.2.1+eb28f93e77
		|-- fabric_message_api_v1 5.1.9+52cc178c77
		|-- fabric_mining_level_api_v1 2.1.50+561530ec77
		|-- fabric_model_loading_api_v1 1.0.3+6274ab9d77
		|-- fabric_models_v0 0.4.2+7c3892a477
		|-- fabric_networking_api_v1 1.3.11+503a202477
		|-- fabric_object_builder_api_v1 11.1.3+4bd998fa77
		|-- fabric_particles_v1 1.1.2+78e1ecb877
		|-- fabric_recipe_api_v1 1.0.21+514a076577
		|-- fabric_registry_sync_v0 2.3.3+1c0ea72177
		|-- fabric_renderer_api_v1 3.2.1+cf68abbe77
		|-- fabric_renderer_indigo 1.5.2+b5b2da4177
		|-- fabric_rendering_data_attachment_v1 0.3.37+a6081afc77
		|-- fabric_rendering_fluids_v1 3.0.28+4ac5e37a77
		|-- fabric_rendering_v1 3.0.8+66e9a48f77
		|-- fabric_resource_conditions_api_v1 2.3.8+9e342fc177
		|-- fabric_resource_loader_v0 0.11.10+bcd08ed377
		|-- fabric_screen_api_v1 2.0.8+45a670a577
		|-- fabric_screen_handler_api_v1 1.3.30+561530ec77
		|-- fabric_sound_api_v1 1.0.13+4f23bd8477
		|-- fabric_transfer_api_v1 3.3.5+631c9cd677
		\-- fabric_transitive_access_wideners_v1 4.3.1+1880499877
	- uranus 2.2.6-bugfix.2
		\-- architectury 9.2.14
	- waystones 14.1.20
[03May2026 04:02:03.271] [main/DEBUG] [mixin/]: Selecting config puzzleslib.forge.mixins.json
[03May2026 04:02:03.316] [main/DEBUG] [MixinExtras|Service/]: com.llamalad7.mixinextras.service.MixinExtrasServiceImpl(version=0.5.3) is taking over from null
[03May2026 04:02:03.350] [main/DEBUG] [mixin/]: Registering new injector for @Inject with org.spongepowered.asm.mixin.injection.struct.CallbackInjectionInfo
[03May2026 04:02:03.352] [main/DEBUG] [mixin/]: Registering new injector for @ModifyArg with org.spongepowered.asm.mixin.injection.struct.ModifyArgInjectionInfo
[03May2026 04:02:03.354] [main/DEBUG] [mixin/]: Registering new injector for @ModifyArgs with org.spongepowered.asm.mixin.injection.struct.ModifyArgsInjectionInfo
[03May2026 04:02:03.356] [main/DEBUG] [mixin/]: Registering new injector for @Redirect with org.spongepowered.asm.mixin.injection.struct.RedirectInjectionInfo
[03May2026 04:02:03.357] [main/DEBUG] [mixin/]: Registering new injector for @ModifyVariable with org.spongepowered.asm.mixin.injection.struct.ModifyVariableInjectionInfo
[03May2026 04:02:03.359] [main/DEBUG] [mixin/]: Registering new injector for @ModifyConstant with org.spongepowered.asm.mixin.injection.struct.ModifyConstantInjectionInfo
[03May2026 04:02:03.370] [main/DEBUG] [mixin/]: Selecting config fabric-sound-api-v1.mixins.json
[03May2026 04:02:03.372] [main/DEBUG] [mixin/]: Selecting config fabric-message-api-v1.mixins.json
[03May2026 04:02:03.374] [main/DEBUG] [mixin/]: Selecting config fabric-message-api-v1.client.mixins.json
[03May2026 04:02:03.375] [main/DEBUG] [mixin/]: Selecting config fabric-data-generation-api-v1.mixins.json
[03May2026 04:02:03.377] [main/DEBUG] [mixin/]: Selecting config fabric-events-interaction-v0.mixins.json
[03May2026 04:02:03.379] [main/DEBUG] [mixin/]: Selecting config fabric-events-interaction-v0.client.mixins.json
[03May2026 04:02:03.381] [main/DEBUG] [mixin/]: Selecting config mixinextras.init.mixins.json
[03May2026 04:02:03.384] [main/DEBUG] [mixin/]: Preparing kuma_api.mixins.json (1)
[03May2026 04:02:03.385] [main/DEBUG] [mixin/]: Preparing kuma_api.forge.mixins.json (0)
[03May2026 04:02:03.385] [main/DEBUG] [mixin/]: Preparing fabric-renderer-api-v1.mixins.json (5)
[03May2026 04:02:03.385] [main/DEBUG] [mixin/]: Preparing fabric-renderer-api-v1.debughud.mixins.json (1)
[03May2026 04:02:03.385] [main/DEBUG] [mixin/]: Preparing geckolib.mixins.json (1)
[03May2026 04:02:03.385] [main/DEBUG] [mixin/]: Preparing playerAnimator-common.mixins.json (14)
[03May2026 04:02:03.385] [main/DEBUG] [mixin/]: Preparing fabric-item-api-v1.mixins.json (2)
[03May2026 04:02:03.439] [main/DEBUG] [net.minecraftforge.coremod.transformer.CoreModBaseTransformer/COREMOD]: Transforming net/minecraft/world/item/ItemStack
[03May2026 04:02:03.510] [main/DEBUG] [mixin/]: Preparing fabric-item-api-v1.client.mixins.json (1)
[03May2026 04:02:03.510] [main/DEBUG] [mixin/]: Preparing fabric-rendering-fluids-v1.mixins.json (2)
[03May2026 04:02:03.510] [main/DEBUG] [mixin/]: Preparing sophisticatedcore.mixins.json (2)
[03May2026 04:02:03.535] [main/DEBUG] [mixin/]: Preparing prism.mixins.json (1)
[03May2026 04:02:03.538] [main/DEBUG] [mixin/]: Preparing modernfix-modernfix.mixins.json (183)
[03May2026 04:02:03.845] [main/DEBUG] [mixin/]: @Mixin target net/minecraft/world/level/levelgen/SurfaceRules$Context is public in modernfix-modernfix.mixins.json:perf.worldgen_allocation.SurfaceRulesContextMixin and should be specified in value
[03May2026 04:02:03.877] [main/DEBUG] [net.minecraftforge.coremod.transformer.CoreModBaseTransformer/COREMOD]: Transforming net/minecraft/world/level/biome/Biome
[03May2026 04:02:03.910] [main/DEBUG] [mixin/]: @Mixin target net/minecraft/world/level/levelgen/SurfaceRules$SequenceRuleSource is public in modernfix-modernfix.mixins.json:perf.optimize_surface_rules.SequenceRuleSourceMixin and should be specified in value
[03May2026 04:02:03.958] [main/DEBUG] [mixin/]: Preparing citadel.mixins.json (16)
[03May2026 04:02:03.974] [main/DEBUG] [mixin/]: Preparing fabric-block-view-api-v2.mixins.json (2)
[03May2026 04:02:03.976] [main/DEBUG] [mixin/]: Preparing fabric-block-view-api-v2.client.mixins.json (2)
[03May2026 04:02:03.976] [main/DEBUG] [mixin/]: Preparing fabric-command-api-v2.mixins.json (1)
[03May2026 04:02:03.980] [main/DEBUG] [mixin/]: Preparing fabric-command-api-v2.client.mixins.json (2)
[03May2026 04:02:03.980] [main/DEBUG] [mixin/]: Preparing fabric-data-attachment-api-v1.mixins.json (8)
[03May2026 04:02:03.987] [main/DEBUG] [mixin/]: Preparing fabric-data-attachment-api-v1.client.mixins.json (1)
[03May2026 04:02:03.987] [main/DEBUG] [mixin/]: Preparing balm.mixins.json (16)
[03May2026 04:02:03.998] [main/DEBUG] [mixin/]: Preparing fabric-screen-api-v1.mixins.json (4)
[03May2026 04:02:03.999] [main/ERROR] [net.minecraftforge.fml.loading.RuntimeDistCleaner/DISTXFORM]: Attempted to load class net/minecraft/client/MouseHandler for invalid dist DEDICATED_SERVER
[03May2026 04:02:04.000] [main/WARN] [mixin/]: Error loading class: net/minecraft/client/MouseHandler (java.lang.RuntimeException: Attempted to load class net/minecraft/client/MouseHandler for invalid dist DEDICATED_SERVER)
[03May2026 04:02:04.001] [main/WARN] [mixin/]: @Mixin target net.minecraft.client.MouseHandler was not found fabric-screen-api-v1.mixins.json:MouseMixin
[03May2026 04:02:04.003] [main/ERROR] [net.minecraftforge.fml.loading.RuntimeDistCleaner/DISTXFORM]: Attempted to load class net/minecraft/client/gui/screens/Screen for invalid dist DEDICATED_SERVER
[03May2026 04:02:04.003] [main/WARN] [mixin/]: Error loading class: net/minecraft/client/gui/screens/Screen (java.lang.RuntimeException: Attempted to load class net/minecraft/client/gui/screens/Screen for invalid dist DEDICATED_SERVER)
[03May2026 04:02:04.003] [main/WARN] [mixin/]: @Mixin target net.minecraft.client.gui.screens.Screen was not found fabric-screen-api-v1.mixins.json:ScreenAccessor
[03May2026 04:02:04.004] [main/DEBUG] [mixin/]: Preparing stackrefill_forge.mixins.json (0)
[03May2026 04:02:04.004] [main/DEBUG] [mixin/]: Preparing fabric-content-registries-v0.mixins.json (8)
[03May2026 04:02:04.023] [main/DEBUG] [net.minecraftforge.coremod.transformer.CoreModBaseTransformer/COREMOD]: Transforming net/minecraft/world/entity/npc/Villager
[03May2026 04:02:04.530] [main/DEBUG] [mixin/]: Preparing konkrete.mixin.json (5)
[03May2026 04:02:04.530] [main/DEBUG] [mixin/]: Preparing fabric-game-rule-api-v1.mixins.json (6)
[03May2026 04:02:04.542] [main/DEBUG] [mixin/]: Preparing fabric-game-rule-api-v1.client.mixins.json (3)
[03May2026 04:02:04.542] [main/DEBUG] [mixin/]: Preparing fabric-api-lookup-api-v1.mixins.json (2)
[03May2026 04:02:04.543] [main/DEBUG] [mixin/]: Preparing jupiter.mixins.json (2)
[03May2026 04:02:04.545] [main/DEBUG] [mixin/]: Preparing lionfishapi.mixins.json (2)
[03May2026 04:02:04.546] [main/DEBUG] [mixin/]: Preparing spartantoolkit.mixins.json (11)
[03May2026 04:02:04.556] [main/DEBUG] [mixin/]: @Mixin target net/minecraft/world/item/CreativeModeTab$ItemDisplayBuilder is public in spartantoolkit.mixins.json:ItemDisplayBuilderMixin and should be specified in value
[03May2026 04:02:04.562] [main/DEBUG] [mixin/]: Preparing cataclysm.mixins.json (25)
[03May2026 04:02:04.582] [main/DEBUG] [net.minecraftforge.coremod.transformer.CoreModBaseTransformer/COREMOD]: Transforming net/minecraft/world/level/levelgen/structure/templatesystem/StructureTemplate
[03May2026 04:02:04.907] [main/DEBUG] [mixin/]: Preparing curios.mixins.json (13)
[03May2026 04:02:04.933] [main/DEBUG] [mixin/]: Preparing collective_forge.mixins.json (5)
[03May2026 04:02:04.935] [main/DEBUG] [mixin/]: Preparing searchables.mixins.json (1)
[03May2026 04:02:04.935] [main/DEBUG] [mixin/]: Preparing searchables.forge.mixins.json (0)
[03May2026 04:02:04.935] [main/DEBUG] [mixin/]: Preparing spartanfire.mixins.json (1)
[03May2026 04:02:04.936] [main/DEBUG] [mixin/]: Preparing fabric-entity-events-v1.mixins.json (9)
[03May2026 04:02:04.964] [main/DEBUG] [net.minecraftforge.coremod.transformer.CoreModBaseTransformer/COREMOD]: Transforming net/minecraft/world/entity/animal/frog/Tadpole
[03May2026 04:02:05.031] [main/DEBUG] [mixin/]: Preparing fabric-entity-events-v1.client.mixins.json (1)
[03May2026 04:02:05.031] [main/DEBUG] [mixin/]: Preparing spartanweaponry.mixins.json (12)
[03May2026 04:02:05.044] [main/DEBUG] [net.minecraftforge.coremod.transformer.CoreModBaseTransformer/COREMOD]: Transforming net/minecraft/world/entity/monster/Zombie
[03May2026 04:02:05.165] [main/DEBUG] [mixin/]: Preparing architectury.mixins.json (9)
[03May2026 04:02:05.172] [main/DEBUG] [mixin/]: Preparing architectury-common.mixins.json (10)
[03May2026 04:02:05.175] [main/DEBUG] [net.minecraftforge.coremod.transformer.CoreModBaseTransformer/COREMOD]: Transforming net/minecraft/world/item/BucketItem
[03May2026 04:02:05.186] [main/DEBUG] [net.minecraftforge.coremod.transformer.CoreModBaseTransformer/COREMOD]: Transforming net/minecraft/world/entity/EntityType
[03May2026 04:02:05.290] [main/DEBUG] [net.minecraftforge.coremod.transformer.CoreModBaseTransformer/COREMOD]: Transforming net/minecraft/world/level/block/LiquidBlock
[03May2026 04:02:05.296] [main/DEBUG] [mixin/]: Preparing fabric-loot-api-v2.mixins.json (6)
[03May2026 04:02:05.301] [main/DEBUG] [mixin/]: Preparing fabric-rendering-data-attachment-v1.mixins.json (2)
[03May2026 04:02:05.304] [main/DEBUG] [mixin/]: Preparing fabric-rendering-data-attachment-v1.client.mixins.json (1)
[03May2026 04:02:05.305] [main/DEBUG] [mixin/]: Preparing fabric-networking-api-v1.mixins.json (11)
[03May2026 04:02:05.316] [main/DEBUG] [mixin/]: Preparing fabric-networking-api-v1.client.mixins.json (5)
[03May2026 04:02:05.316] [main/DEBUG] [mixin/]: Preparing fabric-lifecycle-events-v1.mixins.json (9)
[03May2026 04:02:05.321] [main/DEBUG] [mixin/]: Preparing fabric-lifecycle-events-v1.client.mixins.json (6)
[03May2026 04:02:05.321] [main/DEBUG] [mixin/]: Preparing fabric-key-binding-api-v1.mixins.json (1)
[03May2026 04:02:05.321] [main/DEBUG] [mixin/]: Preparing fabric-transfer-api-v1.mixins.json (9)
[03May2026 04:02:05.335] [main/DEBUG] [mixin/]: Preparing elytraslot-integrations.mixins.json (3)
[03May2026 04:02:05.343] [main/DEBUG] [Elytra Slot/]: Loaded com.illusivesoulworks.elytraslot.platform.ForgeElytraPlatform@6c830ebd for service interface com.illusivesoulworks.elytraslot.platform.services.IElytraPlatform
[03May2026 04:02:05.410] [main/DEBUG] [Elytra Slot/]: Loaded com.illusivesoulworks.elytraslot.platform.ForgePlatform@604c7e9b for service interface com.illusivesoulworks.elytraslot.platform.services.IPlatform
[03May2026 04:02:05.414] [main/DEBUG] [Elytra Slot/]: Loaded com.illusivesoulworks.elytraslot.platform.ForgeClientPlatform@410382cb for service interface com.illusivesoulworks.elytraslot.platform.services.IClientPlatform
[03May2026 04:02:05.415] [main/DEBUG] [Elytra Slot/]: Loaded com.illusivesoulworks.elytraslot.platform.ForgeLoadingPlatform@208f7165 for service interface com.illusivesoulworks.elytraslot.platform.services.ILoadingPlatform
[03May2026 04:02:05.416] [main/DEBUG] [mixin/]: Preparing elytraslot-forge-integrations.mixins.json (1)
[03May2026 04:02:05.416] [main/DEBUG] [mixin/]: Preparing fabric-model-loading-api-v1.mixins.json (3)
[03May2026 04:02:05.416] [main/DEBUG] [mixin/]: Preparing fabric-screen-handler-api-v1.mixins.json (4)
[03May2026 04:02:05.418] [main/DEBUG] [mixin/]: Preparing fabric-resource-loader-v0.mixins.json (6)
[03May2026 04:02:05.424] [main/DEBUG] [mixin/]: Preparing fabric-resource-loader-v0.client.mixins.json (4)
[03May2026 04:02:05.424] [main/DEBUG] [mixin/]: Preparing caelus.mixins.json (4)
[03May2026 04:02:05.425] [main/DEBUG] [mixin/]: Preparing fabric-rendering-v1.mixins.json (11)
[03May2026 04:02:05.425] [main/DEBUG] [mixin/]: Preparing waystones.mixins.json (3)
[03May2026 04:02:05.427] [main/DEBUG] [mixin/]: Preparing fabric-renderer-indigo.mixins.json (5)
[03May2026 04:02:05.427] [main/DEBUG] [mixin/]: Preparing comforts.mixins.json (3)
[03May2026 04:02:05.428] [main/DEBUG] [mixin/]: Preparing fabric-mining-level-api-v1.mixins.json (3)
[03May2026 04:02:05.430] [main/DEBUG] [mixin/]: Preparing iceandfire.mixins.json (2)
[03May2026 04:02:05.431] [main/DEBUG] [mixin/]: Preparing mixins.txnilib.json (0)
[03May2026 04:02:05.431] [main/DEBUG] [mixin/]: Preparing uranus.mixins.json (14)
[03May2026 04:02:05.437] [main/DEBUG] [mixin/]: Preparing uranus-forge.mixins.json (1)
[03May2026 04:02:05.437] [main/DEBUG] [mixin/]: Preparing fabric-particles-v1.client.mixins.json (4)
[03May2026 04:02:05.437] [main/DEBUG] [mixin/]: Preparing puzzlesaccessapi.common.mixins.json (0)
[03May2026 04:02:05.437] [main/DEBUG] [mixin/]: Preparing puzzlesaccessapi.forge.mixins.json (0)
[03May2026 04:02:05.438] [main/DEBUG] [mixin/]: Preparing fabric-api-base.init.mixins.json (0)
[03May2026 04:02:05.438] [main/DEBUG] [mixin/]: Preparing fabric-blockrenderlayer-v1.mixins.json (2)
[03May2026 04:02:05.438] [main/DEBUG] [mixin/]: Preparing mixinsquared.init.mixins.json (0)
[03May2026 04:02:05.438] [main/DEBUG] [mixin/]: Preparing creativecore.mixins.json (8)
[03May2026 04:02:05.444] [main/DEBUG] [mixin/]: Preparing creativecore.forge.mixins.json (3)
[03May2026 04:02:05.445] [main/DEBUG] [mixin/]: Preparing fabric-resource-conditions-api-v1.mixins.json (5)
[03May2026 04:02:05.447] [main/DEBUG] [mixin/]: Preparing iceberg.mixins.json (7)
[03May2026 04:02:05.450] [main/DEBUG] [mixin/]: Preparing flywheel.backend.mixins.json (9)
[03May2026 04:02:05.450] [main/DEBUG] [mixin/]: Preparing flywheel.impl.mixins.json (15)
[03May2026 04:02:05.450] [main/DEBUG] [mixin/]: Preparing ponder.mixins.json (1)
[03May2026 04:02:05.450] [main/DEBUG] [mixin/]: Preparing ponder-common.mixins.json (6)
[03May2026 04:02:05.451] [main/DEBUG] [mixin/]: Preparing fabric-item-group-api-v1.mixins.json (1)
[03May2026 04:02:05.451] [main/DEBUG] [mixin/]: Preparing fabric-item-group-api-v1.client.mixins.json (1)
[03May2026 04:02:05.451] [main/DEBUG] [mixin/]: Preparing fabric-biome-api-v1.mixins.json (7)
[03May2026 04:02:05.457] [main/DEBUG] [mixin/]: Preparing fabric-registry-sync-v0.mixins.json (10)
[03May2026 04:02:05.474] [main/DEBUG] [mixin/]: Preparing fabric-registry-sync-v0.client.mixins.json (1)
[03May2026 04:02:05.474] [main/DEBUG] [mixin/]: Preparing fabric-recipe-api-v1.mixins.json (4)
[03May2026 04:02:05.477] [main/DEBUG] [mixin/]: Preparing lootr.mixins.json (8)
[03May2026 04:02:05.482] [main/DEBUG] [mixin/]: Preparing ferritecore.predicates.mixin.json (3)
[03May2026 04:02:05.482] [main/DEBUG] [mixin/]: Preparing ferritecore.fastmap.mixin.json (1)
[03May2026 04:02:05.484] [main/DEBUG] [mixin/]: Preparing ferritecore.mrl.mixin.json (2)
[03May2026 04:02:05.484] [main/DEBUG] [mixin/]: Preparing ferritecore.dedupmultipart.mixin.json (2)
[03May2026 04:02:05.484] [main/DEBUG] [mixin/]: Preparing ferritecore.blockstatecache.mixin.json (8)
[03May2026 04:02:05.489] [main/DEBUG] [mixin/]: @Mixin target net/minecraft/world/level/block/state/BlockBehaviour$BlockStateBase$Cache is public in ferritecore.blockstatecache.mixin.json:BlockStateCacheMixin and should be specified in value
[03May2026 04:02:05.490] [main/DEBUG] [mixin/]: Preparing ferritecore.dedupbakedquad.mixin.json (2)
[03May2026 04:02:05.491] [main/DEBUG] [mixin/]: Preparing ferritecore.threaddetec.mixin.json (1)
[03May2026 04:02:05.491] [main/DEBUG] [mixin/]: Preparing ferritecore.modelsides.mixin.json (1)
[03May2026 04:02:05.491] [main/DEBUG] [mixin/]: Preparing fabric-object-builder-v1.mixins.json (5)
[03May2026 04:02:05.496] [main/DEBUG] [mixin/]: Preparing puzzleslib.common.mixins.json (7)
[03May2026 04:02:05.501] [main/DEBUG] [mixin/]: Preparing puzzleslib.forge.mixins.json (13)
[03May2026 04:02:05.507] [main/DEBUG] [mixin/]: Preparing fabric-sound-api-v1.mixins.json (1)
[03May2026 04:02:05.508] [main/DEBUG] [mixin/]: Preparing fabric-message-api-v1.mixins.json (2)
[03May2026 04:02:05.509] [main/DEBUG] [mixin/]: Preparing fabric-message-api-v1.client.mixins.json (2)
[03May2026 04:02:05.509] [main/DEBUG] [mixin/]: Preparing fabric-data-generation-api-v1.mixins.json (3)
[03May2026 04:02:05.516] [main/DEBUG] [mixin/]: Preparing fabric-events-interaction-v0.mixins.json (1)
[03May2026 04:02:05.519] [main/DEBUG] [mixin/]: Preparing fabric-events-interaction-v0.client.mixins.json (2)
[03May2026 04:02:05.520] [main/DEBUG] [mixin/]: Preparing mixinextras.init.mixins.json (0)
[03May2026 04:02:05.520] [main/DEBUG] [mixin/]: Preparing create.mixins.json (57)
[03May2026 04:02:05.571] [main/DEBUG] [net.minecraftforge.coremod.transformer.CoreModBaseTransformer/COREMOD]: Transforming net/minecraft/world/effect/MobEffectInstance
[03May2026 04:02:05.654] [main/DEBUG] [mixin/]: Inner class org/embeddedt/modernfix/common/mixin/perf/forge_registry_alloc/DebugLevelSourceMixin$1 in org/embeddedt/modernfix/common/mixin/perf/forge_registry_alloc/DebugLevelSourceMixin on net/minecraft/world/level/levelgen/DebugLevelSource gets unique name net/minecraft/world/level/levelgen/DebugLevelSource$Anonymous$fe34d79b347048ee90f2494aa5dc425c
[03May2026 04:02:05.720] [main/DEBUG] [mixin/]: Inner class net/fabricmc/fabric/mixin/transfer/ChiseledBookshelfBlockEntityMixin$1 in net/fabricmc/fabric/mixin/transfer/ChiseledBookshelfBlockEntityMixin on net/minecraft/world/level/block/entity/ChiseledBookShelfBlockEntity gets unique name net/minecraft/world/level/block/entity/ChiseledBookShelfBlockEntity$Anonymous$29acd6ab34d44b9c99d04393b580a052
[03May2026 04:02:05.769] [main/DEBUG] [mixin/]: Prepared 410 mixins in 3.035 sec (7.4ms avg) (0ms load, 0ms transform, 0ms plugin)
[03May2026 04:02:05.770] [Thread-0/INFO] [STDERR/]: [java.lang.ThreadGroup:uncaughtException:1077]: java.util.ConcurrentModificationException
[03May2026 04:02:05.771] [Thread-0/INFO] [STDERR/]: [java.lang.ThreadGroup:uncaughtException:1077]: 	at java.base/java.util.HashMap$HashIterator.nextNode(HashMap.java:1597)
[03May2026 04:02:05.772] [Thread-0/INFO] [STDERR/]: [java.lang.ThreadGroup:uncaughtException:1077]: 	at java.base/java.util.HashMap$ValueIterator.next(HashMap.java:1625)
[03May2026 04:02:05.772] [Thread-0/INFO] [STDERR/]: [java.lang.ThreadGroup:uncaughtException:1077]: 	at MC-BOOTSTRAP/cpw.mods.modlauncher@10.0.9/cpw.mods.modlauncher.LaunchPluginHandler.computeLaunchPluginTransformerSet(LaunchPluginHandler.java:68)
[03May2026 04:02:05.774] [Thread-0/INFO] [STDERR/]: [java.lang.ThreadGroup:uncaughtException:1077]: 	at MC-BOOTSTRAP/cpw.mods.modlauncher@10.0.9/cpw.mods.modlauncher.ClassTransformer.transform(ClassTransformer.java:64)
[03May2026 04:02:05.774] [Thread-0/INFO] [STDERR/]: [java.lang.ThreadGroup:uncaughtException:1077]: 	at MC-BOOTSTRAP/cpw.mods.modlauncher@10.0.9/cpw.mods.modlauncher.TransformingClassLoader.maybeTransformClassBytes(TransformingClassLoader.java:50)
[03May2026 04:02:05.774] [Thread-0/INFO] [STDERR/]: [java.lang.ThreadGroup:uncaughtException:1077]: 	at cpw.mods.securejarhandler/cpw.mods.cl.ModuleClassLoader.readerToClass(ModuleClassLoader.java:113)
[03May2026 04:02:05.775] [Thread-0/INFO] [STDERR/]: [java.lang.ThreadGroup:uncaughtException:1077]: 	at cpw.mods.securejarhandler/cpw.mods.cl.ModuleClassLoader.lambda$findClass$15(ModuleClassLoader.java:219)
[03May2026 04:02:05.776] [Thread-0/INFO] [STDERR/]: [java.lang.ThreadGroup:uncaughtException:1077]: 	at cpw.mods.securejarhandler/cpw.mods.cl.ModuleClassLoader.loadFromModule(ModuleClassLoader.java:229)
[03May2026 04:02:05.776] [Thread-0/INFO] [STDERR/]: [java.lang.ThreadGroup:uncaughtException:1077]: 	at cpw.mods.securejarhandler/cpw.mods.cl.ModuleClassLoader.findClass(ModuleClassLoader.java:219)
[03May2026 04:02:05.777] [Thread-0/INFO] [STDERR/]: [java.lang.ThreadGroup:uncaughtException:1077]: 	at cpw.mods.securejarhandler/cpw.mods.cl.ModuleClassLoader.loadClass(ModuleClassLoader.java:135)
[03May2026 04:02:05.777] [Thread-0/INFO] [STDERR/]: [java.lang.ThreadGroup:uncaughtException:1077]: 	at java.base/java.lang.ClassLoader.loadClass(ClassLoader.java:525)
[03May2026 04:02:05.778] [Thread-0/INFO] [STDERR/]: [java.lang.ThreadGroup:uncaughtException:1077]: 	at TRANSFORMER/modernfix@5.27.15+mc1.20.1/org.embeddedt.modernfix.forge.config.NightConfigWatchThrottler$1.values(NightConfigWatchThrottler.java:37)
[03May2026 04:02:05.779] [Thread-0/INFO] [STDERR/]: [java.lang.ThreadGroup:uncaughtException:1077]: 	at MC-BOOTSTRAP/com.electronwill.nightconfig.core@3.6.4/com.electronwill.nightconfig.core.file.FileWatcher$WatcherThread.run(FileWatcher.java:162)
[03May2026 04:02:05.776] [main/INFO] [MixinExtras|Service/]: Initializing MixinExtras via com.llamalad7.mixinextras.service.MixinExtrasServiceImpl(version=0.5.3).
[03May2026 04:02:05.780] [main/DEBUG] [mixin/]: Registering new injector for @SugarWrapper with com.llamalad7.mixinextras.sugar.impl.SugarWrapperInjectionInfo
[03May2026 04:02:05.781] [main/DEBUG] [mixin/]: Registering new injector for @FactoryRedirectWrapper with com.llamalad7.mixinextras.wrapper.factory.FactoryRedirectWrapperInjectionInfo
[03May2026 04:02:05.782] [main/DEBUG] [mixin/]: Registering new injector for @ExpressionInjectorWrapper with com.llamalad7.mixinextras.expression.impl.wrapper.ExpressionInjectorWrapperInjectionInfo
[03May2026 04:02:05.789] [main/DEBUG] [mixin/]: Mixing MainMixin from iceberg.mixins.json into net.minecraft.server.Main
[03May2026 04:02:05.934] [main/DEBUG] [mixin/]: Mixing perf.fix_loop_spin_waiting.MinecraftServerMixin from modernfix-modernfix.mixins.json into net.minecraft.server.MinecraftServer
[03May2026 04:02:05.943] [main/DEBUG] [mixin/]: Mixing core.MinecraftServerMixin from modernfix-modernfix.mixins.json into net.minecraft.server.MinecraftServer
[03May2026 04:02:05.945] [main/DEBUG] [mixin/]: Renaming synthetic method lambda$mfix$endReloadTrack$0(Ljava/lang/Void;)V to md9e5952$lambda$mfix$endReloadTrack$0$0 in modernfix-modernfix.mixins.json:core.MinecraftServerMixin
[03May2026 04:02:05.959] [main/DEBUG] [mixin/]: Mixing perf.dedicated_reload_executor.MinecraftServerMixin from modernfix-modernfix.mixins.json into net.minecraft.server.MinecraftServer
[03May2026 04:02:05.961] [main/DEBUG] [mixin/]: Mixing MinecraftServerMixin from citadel.mixins.json into net.minecraft.server.MinecraftServer
[03May2026 04:02:05.966] [main/DEBUG] [mixin/]: Mixing MinecraftServerMixin from balm.mixins.json into net.minecraft.server.MinecraftServer
[03May2026 04:02:05.967] [main/DEBUG] [mixin/]: Renaming synthetic method lambda$reloadResources$0(Ljava/lang/Void;)V to md9e5952$lambda$reloadResources$0$1 in balm.mixins.json:MinecraftServerMixin
[03May2026 04:02:05.971] [main/DEBUG] [mixin/]: Mixing MinecraftServerMixin from fabric-lifecycle-events-v1.mixins.json into net.minecraft.server.MinecraftServer
[03May2026 04:02:05.972] [main/DEBUG] [mixin/]: Renaming synthetic method lambda$endResourceReload$0(Ljava/lang/Void;Ljava/lang/Throwable;)Ljava/lang/Void; to md9e5952$lambda$endResourceReload$0$2 in fabric-lifecycle-events-v1.mixins.json:MinecraftServerMixin
[03May2026 04:02:06.000] [main/DEBUG] [mixin/]: Mixing MinecraftServerMixin from fabric-resource-loader-v0.mixins.json into net.minecraft.server.MinecraftServer
[03May2026 04:02:06.000] [main/DEBUG] [mixin/]: fabric-resource-loader-v0.mixins.json:MinecraftServerMixin: Class version 61 required is higher than the class version supported by the current version of Mixin (JAVA_16 supports class version 60)
[03May2026 04:02:06.037] [main/DEBUG] [mixin/]: Mixing MinecraftServerMixin from uranus.mixins.json into net.minecraft.server.MinecraftServer
[03May2026 04:02:06.039] [main/DEBUG] [mixin/]: Mixing MinecraftServerMixin from fabric-message-api-v1.mixins.json into net.minecraft.server.MinecraftServer
[03May2026 04:02:06.040] [main/DEBUG] [mixin/]: fabric-message-api-v1.mixins.json:MinecraftServerMixin: Class version 61 required is higher than the class version supported by the current version of Mixin (JAVA_16 supports class version 60)
[03May2026 04:02:06.040] [main/DEBUG] [mixin/]: Renaming synthetic method lambda$onGetChatDecorator$1(Lnet/minecraft/network/chat/ChatDecorator;Lnet/minecraft/server/level/ServerPlayer;Lnet/minecraft/network/chat/Component;)Ljava/util/concurrent/CompletableFuture; to md9e5952$lambda$onGetChatDecorator$1$3 in fabric-message-api-v1.mixins.json:MinecraftServerMixin
[03May2026 04:02:06.041] [main/DEBUG] [mixin/]: Renaming synthetic method lambda$onGetChatDecorator$0(Lnet/minecraft/server/level/ServerPlayer;Lnet/minecraft/network/chat/Component;)Ljava/util/concurrent/CompletionStage; to md9e5952$lambda$onGetChatDecorator$0$4 in fabric-message-api-v1.mixins.json:MinecraftServerMixin
[03May2026 04:02:06.226] [main/DEBUG] [io.netty.util.internal.logging.InternalLoggerFactory/]: Using SLF4J as the default logging framework
[03May2026 04:02:06.229] [main/DEBUG] [io.netty.util.ResourceLeakDetector/]: -Dio.netty.leakDetection.level: simple
[03May2026 04:02:06.229] [main/DEBUG] [io.netty.util.ResourceLeakDetector/]: -Dio.netty.leakDetection.targetRecords: 4
[03May2026 04:02:06.341] [main/DEBUG] [mixin/]: Mixing perf.tag_id_caching.TagOrElementLocationMixin from modernfix-modernfix.mixins.json into net.minecraft.util.ExtraCodecs$TagOrElementLocation
[03May2026 04:02:06.402] [main/DEBUG] [mixin/]: Mixing accessor.SystemReportAccessor from create.mixins.json into net.minecraft.SystemReport
[03May2026 04:02:06.402] [main/DEBUG] [mixin/]: Renaming @Accessor method getOPERATING_SYSTEM()Ljava/lang/String; to getOPERATING_SYSTEM_$md$9e5952$0 in create.mixins.json:accessor.SystemReportAccessor
[03May2026 04:02:06.406] [main/DEBUG] [mixin/]: Renaming @Accessor method getJAVA_VERSION()Ljava/lang/String; to getJAVA_VERSION_$md$9e5952$1 in create.mixins.json:accessor.SystemReportAccessor
[03May2026 04:02:06.435] [main/DEBUG] [oshi.util.FileUtil/]: No oshi.properties file found from ClassLoader cpw.mods.modlauncher.TransformingClassLoader@798cb6d9
[03May2026 04:02:06.436] [main/DEBUG] [oshi.util.FileUtil/]: No oshi.properties file found from ClassLoader jdk.internal.loader.ClassLoaders$AppClassLoader@76ed5528
[03May2026 04:02:06.500] [main/DEBUG] [oshi.util.FileUtil/]: Reading file /proc/self/auxv
[03May2026 04:02:06.501] [main/DEBUG] [oshi.util.FileUtil/]: Reading file /proc/self/auxv
[03May2026 04:02:06.507] [main/DEBUG] [oshi.util.FileUtil/]: Reading file /proc/stat
[03May2026 04:02:06.516] [main/DEBUG] [oshi.util.FileUtil/]: Reading file /sys/devices/system/cpu/cpu0/topology/core_id
[03May2026 04:02:06.516] [main/DEBUG] [oshi.util.FileUtil/]: Reading file /sys/devices/system/cpu/cpu0/topology/core_id
[03May2026 04:02:06.516] [main/DEBUG] [oshi.util.FileUtil/]: Reading file /sys/devices/system/cpu/cpu0/topology/physical_package_id
[03May2026 04:02:06.517] [main/DEBUG] [oshi.util.FileUtil/]: Reading file /sys/devices/system/cpu/cpu0/topology/physical_package_id
[03May2026 04:02:06.517] [main/DEBUG] [oshi.util.FileUtil/]: Reading file /sys/devices/system/cpu/cpu0/cpu_capacity
[03May2026 04:02:06.519] [main/DEBUG] [oshi.util.FileUtil/]: Reading file /sys/devices/system/cpu/cpu1/topology/core_id
[03May2026 04:02:06.519] [main/DEBUG] [oshi.util.FileUtil/]: Reading file /sys/devices/system/cpu/cpu1/topology/core_id
[03May2026 04:02:06.519] [main/DEBUG] [oshi.util.FileUtil/]: Reading file /sys/devices/system/cpu/cpu1/topology/physical_package_id
[03May2026 04:02:06.520] [main/DEBUG] [oshi.util.FileUtil/]: Reading file /sys/devices/system/cpu/cpu1/topology/physical_package_id
[03May2026 04:02:06.520] [main/DEBUG] [oshi.util.FileUtil/]: Reading file /sys/devices/system/cpu/cpu1/cpu_capacity
[03May2026 04:02:06.520] [main/DEBUG] [oshi.util.FileUtil/]: Reading file /sys/devices/system/cpu/cpu2/topology/core_id
[03May2026 04:02:06.520] [main/DEBUG] [oshi.util.FileUtil/]: Reading file /sys/devices/system/cpu/cpu2/topology/core_id
[03May2026 04:02:06.520] [main/DEBUG] [oshi.util.FileUtil/]: Reading file /sys/devices/system/cpu/cpu2/topology/physical_package_id
[03May2026 04:02:06.520] [main/DEBUG] [oshi.util.FileUtil/]: Reading file /sys/devices/system/cpu/cpu2/topology/physical_package_id
[03May2026 04:02:06.521] [main/DEBUG] [oshi.util.FileUtil/]: Reading file /sys/devices/system/cpu/cpu2/cpu_capacity
[03May2026 04:02:06.522] [main/DEBUG] [oshi.util.FileUtil/]: Reading file /sys/devices/system/cpu/cpu3/topology/core_id
[03May2026 04:02:06.522] [main/DEBUG] [oshi.util.FileUtil/]: Reading file /sys/devices/system/cpu/cpu3/topology/core_id
[03May2026 04:02:06.523] [main/DEBUG] [oshi.util.FileUtil/]: Reading file /sys/devices/system/cpu/cpu3/topology/physical_package_id
[03May2026 04:02:06.523] [main/DEBUG] [oshi.util.FileUtil/]: Reading file /sys/devices/system/cpu/cpu3/topology/physical_package_id
[03May2026 04:02:06.523] [main/DEBUG] [oshi.util.FileUtil/]: Reading file /sys/devices/system/cpu/cpu3/cpu_capacity
[03May2026 04:02:06.525] [main/DEBUG] [oshi.util.FileUtil/]: Reading file /proc/cpuinfo
[03May2026 04:02:06.539] [main/DEBUG] [oshi.util.FileUtil/]: Reading file /proc/self/auxv
[03May2026 04:02:06.542] [main/DEBUG] [oshi.util.FileUtil/]: No oshi.architecture.properties file found from ClassLoader cpw.mods.modlauncher.TransformingClassLoader@798cb6d9
[03May2026 04:02:06.543] [main/DEBUG] [oshi.util.FileUtil/]: No oshi.architecture.properties file found from ClassLoader jdk.internal.loader.ClassLoaders$AppClassLoader@76ed5528
[03May2026 04:02:06.565] [main/DEBUG] [oshi.util.FileUtil/]: Reading file /proc/meminfo
[03May2026 04:02:06.565] [main/DEBUG] [oshi.util.FileUtil/]: Reading file /proc/meminfo
[03May2026 04:02:06.573] [main/DEBUG] [mixin/]: Mixing perf.thread_priorities.UtilMixin from modernfix-modernfix.mixins.json into net.minecraft.Util
[03May2026 04:02:06.573] [main/DEBUG] [mixin/]: Renaming synthetic method lambda$adjustPriorityOfThreadFactory$0(Ljava/util/concurrent/ForkJoinPool$ForkJoinWorkerThreadFactory;Ljava/util/concurrent/ForkJoinPool;)Ljava/util/concurrent/ForkJoinWorkerThread; to md9e5952$lambda$adjustPriorityOfThreadFactory$0$0 in modernfix-modernfix.mixins.json:perf.thread_priorities.UtilMixin
[03May2026 04:02:06.632] [main/DEBUG] [mixin/]: Mixing core.BootstrapMixin from modernfix-modernfix.mixins.json into net.minecraft.server.Bootstrap
[03May2026 04:02:06.640] [main/DEBUG] [mixin/]: Mixing feature.measure_time.BootstrapMixin from modernfix-modernfix.mixins.json into net.minecraft.server.Bootstrap
[03May2026 04:02:06.645] [main/DEBUG] [mixin/]: Mixing BootstrapMixin from fabric-registry-sync-v0.mixins.json into net.minecraft.server.Bootstrap
[03May2026 04:02:06.645] [main/DEBUG] [mixin/]: fabric-registry-sync-v0.mixins.json:BootstrapMixin: Class version 61 required is higher than the class version supported by the current version of Mixin (JAVA_16 supports class version 60)
[03May2026 04:02:06.657] [main/INFO] [net.minecraft.server.Bootstrap/]: ModernFix reached bootstrap stage (11.88 s after launch)
[03May2026 04:02:06.674] [main/DEBUG] [mixin/]: Mixing RegistriesAccessor from fabric-registry-sync-v0.mixins.json into net.minecraft.core.registries.BuiltInRegistries
[03May2026 04:02:06.675] [main/DEBUG] [mixin/]: fabric-registry-sync-v0.mixins.json:RegistriesAccessor: Class version 61 required is higher than the class version supported by the current version of Mixin (JAVA_16 supports class version 60)
[03May2026 04:02:06.675] [main/DEBUG] [mixin/]: Renaming @Accessor method getROOT()Lnet/minecraft/core/WritableRegistry; to getROOT_$md$9e5952$0 in fabric-registry-sync-v0.mixins.json:RegistriesAccessor
[03May2026 04:02:06.675] [main/DEBUG] [mixin/]: Mixing BuiltInRegistriesMixin from create.mixins.json into net.minecraft.core.registries.BuiltInRegistries
[03May2026 04:02:06.676] [main/DEBUG] [mixin/]: Renaming synthetic method lambda$create$ourRegistriesAreNotEmpty$0(Ljava/util/function/Consumer;Lnet/minecraft/core/Registry;)V to md9e5952$lambda$create$ourRegistriesAreNotEmpty$0$1 in create.mixins.json:BuiltInRegistriesMixin
[03May2026 04:02:06.680] [main/DEBUG] [mixin/]: Mixing accessor.BuiltInRegistriesAccessor from create.mixins.json into net.minecraft.core.registries.BuiltInRegistries
[03May2026 04:02:06.681] [main/DEBUG] [mixin/]: Renaming @Accessor method create$getWRITABLE_REGISTRY()Lnet/minecraft/core/WritableRegistry; to create$getWRITABLE_REGISTRY_$md$9e5952$2 in create.mixins.json:accessor.BuiltInRegistriesAccessor
[03May2026 04:02:06.698] [main/DEBUG] [mixin/]: Mixing bugfix.concurrency.MappedRegistryMixin from modernfix-modernfix.mixins.json into net.minecraft.core.MappedRegistry
[03May2026 04:02:06.702] [main/DEBUG] [mixin/]: Mixing perf.compact_mojang_registries.MappedRegistryMixin from modernfix-modernfix.mixins.json into net.minecraft.core.MappedRegistry
[03May2026 04:02:06.708] [main/DEBUG] [mixin/]: Mixing perf.mojang_registry_size.MappedRegistryMixin from modernfix-modernfix.mixins.json into net.minecraft.core.MappedRegistry
[03May2026 04:02:06.713] [main/DEBUG] [mixin/]: Mixing SimpleRegistryMixin from fabric-registry-sync-v0.mixins.json into net.minecraft.core.MappedRegistry
[03May2026 04:02:06.714] [main/DEBUG] [mixin/]: fabric-registry-sync-v0.mixins.json:SimpleRegistryMixin: Class version 61 required is higher than the class version supported by the current version of Mixin (JAVA_16 supports class version 60)
[03May2026 04:02:06.716] [main/DEBUG] [mixin/]: Renaming synthetic method lambda$new$5([Lnet/fabricmc/fabric/api/event/registry/RegistryIdRemapCallback;)Lnet/fabricmc/fabric/api/event/registry/RegistryIdRemapCallback; to md9e5952$lambda$new$5$0 in fabric-registry-sync-v0.mixins.json:SimpleRegistryMixin
[03May2026 04:02:06.716] [main/DEBUG] [mixin/]: Renaming synthetic method lambda$new$4([Lnet/fabricmc/fabric/api/event/registry/RegistryIdRemapCallback;Lnet/fabricmc/fabric/api/event/registry/RegistryIdRemapCallback$RemapState;)V to md9e5952$lambda$new$4$1 in fabric-registry-sync-v0.mixins.json:SimpleRegistryMixin
[03May2026 04:02:06.717] [main/DEBUG] [mixin/]: Renaming synthetic method lambda$new$3([Lnet/fabricmc/fabric/api/event/registry/RegistryEntryRemovedCallback;)Lnet/fabricmc/fabric/api/event/registry/RegistryEntryRemovedCallback; to md9e5952$lambda$new$3$2 in fabric-registry-sync-v0.mixins.json:SimpleRegistryMixin
[03May2026 04:02:06.717] [main/DEBUG] [mixin/]: Renaming synthetic method lambda$new$2([Lnet/fabricmc/fabric/api/event/registry/RegistryEntryRemovedCallback;ILnet/minecraft/resources/ResourceLocation;Ljava/lang/Object;)V to md9e5952$lambda$new$2$3 in fabric-registry-sync-v0.mixins.json:SimpleRegistryMixin
[03May2026 04:02:06.718] [main/DEBUG] [mixin/]: Renaming synthetic method lambda$new$1([Lnet/fabricmc/fabric/api/event/registry/RegistryEntryAddedCallback;)Lnet/fabricmc/fabric/api/event/registry/RegistryEntryAddedCallback; to md9e5952$lambda$new$1$4 in fabric-registry-sync-v0.mixins.json:SimpleRegistryMixin
[03May2026 04:02:06.718] [main/DEBUG] [mixin/]: Renaming synthetic method lambda$new$0([Lnet/fabricmc/fabric/api/event/registry/RegistryEntryAddedCallback;ILnet/minecraft/resources/ResourceLocation;Ljava/lang/Object;)V to md9e5952$lambda$new$0$5 in fabric-registry-sync-v0.mixins.json:SimpleRegistryMixin
[03May2026 04:02:06.933] [main/DEBUG] [mixin/]: Mixing inject.MixinGameEvent from architectury-common.mixins.json into net.minecraft.world.level.gameevent.GameEvent
[03May2026 04:02:06.965] [main/DEBUG] [mixin/]: Mixing core.GameDataMixin from modernfix-modernfix.mixins.json into net.minecraftforge.registries.GameData
[03May2026 04:02:06.966] [main/DEBUG] [mixin/]: Mixing perf.object_holder_cleanup.GameDataMixin from modernfix-modernfix.mixins.json into net.minecraftforge.registries.GameData
[03May2026 04:02:06.978] [main/DEBUG] [mixin/]: Mixing perf.fast_registry_validation.ForgeRegistryMixin from modernfix-modernfix.mixins.json into net.minecraftforge.registries.ForgeRegistry
[03May2026 04:02:06.980] [main/DEBUG] [mixin/]: Mixing perf.forge_registry_alloc.ForgeRegistryMixin from modernfix-modernfix.mixins.json into net.minecraftforge.registries.ForgeRegistry
[03May2026 04:02:06.990] [main/DEBUG] [mixin/]: Mixing accessor.ForgeRegistryForgeAccessor from puzzleslib.forge.mixins.json into net.minecraftforge.registries.ForgeRegistry
[03May2026 04:02:06.993] [main/WARN] [mixin/]: @Final field delegatesByName:Ljava/util/Map; in modernfix-modernfix.mixins.json:perf.forge_registry_alloc.ForgeRegistryMixin should be final
[03May2026 04:02:06.993] [main/WARN] [mixin/]: @Final field delegatesByValue:Ljava/util/Map; in modernfix-modernfix.mixins.json:perf.forge_registry_alloc.ForgeRegistryMixin should be final
[03May2026 04:02:07.012] [main/DEBUG] [mixin/]: Mixing perf.reduce_blockstate_cache_rebuilds.BlockCallbacksMixin from modernfix-modernfix.mixins.json into net.minecraftforge.registries.GameData$BlockCallbacks
[03May2026 04:02:07.024] [main/DEBUG] [mixin/]: Mixing perf.forge_registry_alloc.DelegateHolderMixin from modernfix-modernfix.mixins.json into net.minecraft.world.level.block.Block
[03May2026 04:02:07.025] [main/DEBUG] [mixin/]: Mixing inject.MixinBlock from architectury-common.mixins.json into net.minecraft.world.level.block.Block
[03May2026 04:02:07.026] [main/DEBUG] [mixin/]: Mixing accessor.BlockAccessor from puzzleslib.common.mixins.json into net.minecraft.world.level.block.Block
[03May2026 04:02:07.026] [main/DEBUG] [mixin/]: Mixing BlockMixin from create.mixins.json into net.minecraft.world.level.block.Block
[03May2026 04:02:07.029] [main/DEBUG] [net.minecraftforge.coremod.transformer.CoreModBaseTransformer/COREMOD]: Transforming getAppearance with desc (Lnet/minecraft/world/level/block/state/BlockState;Lnet/minecraft/world/level/BlockAndTintGetter;Lnet/minecraft/core/BlockPos;Lnet/minecraft/core/Direction;Lnet/minecraft/world/level/block/state/BlockState;Lnet/minecraft/core/BlockPos;)Lnet/minecraft/world/level/block/state/BlockState;
[03May2026 04:02:07.050] [main/DEBUG] [net.minecraftforge.coremod.transformer.CoreModBaseTransformer/COREMOD]: Transforming net/minecraftforge/common/extensions/IForgeBlock
[03May2026 04:02:07.069] [main/DEBUG] [net.minecraftforge.coremod.transformer.CoreModBaseTransformer/COREMOD]: Transforming getAppearance with desc (Lnet/minecraft/world/level/block/state/BlockState;Lnet/minecraft/world/level/BlockAndTintGetter;Lnet/minecraft/core/BlockPos;Lnet/minecraft/core/Direction;Lnet/minecraft/world/level/block/state/BlockState;Lnet/minecraft/core/BlockPos;)Lnet/minecraft/world/level/block/state/BlockState;
[03May2026 04:02:07.070] [main/DEBUG] [net.minecraftforge.coremod.transformer.CoreModBaseTransformer/COREMOD]: Transforming net/minecraftforge/common/extensions/IForgeBlock
[03May2026 04:02:07.077] [main/DEBUG] [mixin/]: Mixing AbstractBlockAccessor from fabric-object-builder-v1.mixins.json into net.minecraft.world.level.block.state.BlockBehaviour
[03May2026 04:02:07.077] [main/DEBUG] [mixin/]: fabric-object-builder-v1.mixins.json:AbstractBlockAccessor: Class version 61 required is higher than the class version supported by the current version of Mixin (JAVA_16 supports class version 60)
[03May2026 04:02:07.084] [main/DEBUG] [mixin/]: Mixing perf.reduce_blockstate_cache_rebuilds.BlockStateBaseMixin from modernfix-modernfix.mixins.json into net.minecraft.world.level.block.state.BlockBehaviour$BlockStateBase
[03May2026 04:02:07.090] [main/DEBUG] [mixin/]: Mixing BlockStateBaseMixin from ferritecore.blockstatecache.mixin.json into net.minecraft.world.level.block.state.BlockBehaviour$BlockStateBase
[03May2026 04:02:07.126] [main/DEBUG] [mixin/]: Mixing FastMapStateHolderMixin from ferritecore.fastmap.mixin.json into net.minecraft.world.level.block.state.StateHolder
[03May2026 04:02:07.130] [main/DEBUG] [mixin/]: Mixing accessor.StateHolderAccessor from create.mixins.json into net.minecraft.world.level.block.state.StateHolder
[03May2026 04:02:07.140] [main/DEBUG] [net.minecraftforge.coremod.transformer.CoreModBaseTransformer/COREMOD]: Transforming getAppearance with desc (Lnet/minecraft/world/level/BlockAndTintGetter;Lnet/minecraft/core/BlockPos;Lnet/minecraft/core/Direction;Lnet/minecraft/world/level/block/state/BlockState;Lnet/minecraft/core/BlockPos;)Lnet/minecraft/world/level/block/state/BlockState;
[03May2026 04:02:07.158] [main/DEBUG] [net.minecraftforge.coremod.transformer.CoreModBaseTransformer/COREMOD]: Transforming net/minecraftforge/common/extensions/IForgeBlockState
[03May2026 04:02:07.166] [main/DEBUG] [mixin/]: Mixing perf.model_optimizations.PropertyMixin from modernfix-modernfix.mixins.json into net.minecraft.world.level.block.state.properties.Property
[03May2026 04:02:07.179] [main/DEBUG] [mixin/]: Mixing bugfix.chunk_deadlock.EntityMixin from modernfix-modernfix.mixins.json into net.minecraft.world.entity.Entity
[03May2026 04:02:07.181] [main/DEBUG] [mixin/]: Mixing AttachmentTargetsMixin from fabric-data-attachment-api-v1.mixins.json into net.minecraft.world.entity.Entity
[03May2026 04:02:07.187] [main/DEBUG] [mixin/]: Mixing EntityMixin from fabric-data-attachment-api-v1.mixins.json into net.minecraft.world.entity.Entity
[03May2026 04:02:07.188] [main/DEBUG] [mixin/]: Mixing EntityMixin from balm.mixins.json into net.minecraft.world.entity.Entity
[03May2026 04:02:07.192] [main/DEBUG] [mixin/]: Mixing EntityMixin from lionfishapi.mixins.json into net.minecraft.world.entity.Entity
[03May2026 04:02:07.204] [main/DEBUG] [mixin/]: Mixing AccessorEntity from curios.mixins.json into net.minecraft.world.entity.Entity
[03May2026 04:02:07.204] [main/DEBUG] [mixin/]: Mixing EntityMixin from fabric-entity-events-v1.mixins.json into net.minecraft.world.entity.Entity
[03May2026 04:02:07.204] [main/DEBUG] [mixin/]: fabric-entity-events-v1.mixins.json:EntityMixin: Class version 61 required is higher than the class version supported by the current version of Mixin (JAVA_16 supports class version 60)
[03May2026 04:02:07.206] [main/DEBUG] [mixin/]: Mixing EntityMixin from spartanweaponry.mixins.json into net.minecraft.world.entity.Entity
[03May2026 04:02:07.208] [main/DEBUG] [mixin/]: Mixing EntityMixin from uranus.mixins.json into net.minecraft.world.entity.Entity
[03May2026 04:02:07.209] [main/DEBUG] [mixin/]: Mixing accessor.EntityAccessor from ponder-common.mixins.json into net.minecraft.world.entity.Entity
[03May2026 04:02:07.210] [main/DEBUG] [mixin/]: Mixing EntityMixin from create.mixins.json into net.minecraft.world.entity.Entity
[03May2026 04:02:07.290] [main/DEBUG] [net.minecraftforge.coremod.transformer.CoreModBaseTransformer/COREMOD]: Transforming getAttributeModifiers with desc (Lnet/minecraft/world/entity/EquipmentSlot;Lnet/minecraft/world/item/ItemStack;)Lcom/google/common/collect/Multimap;
[03May2026 04:02:07.307] [main/DEBUG] [net.minecraftforge.coremod.transformer.CoreModBaseTransformer/COREMOD]: Transforming getCraftingRemainingItem with desc (Lnet/minecraft/world/item/ItemStack;)Lnet/minecraft/world/item/ItemStack;
[03May2026 04:02:07.331] [main/DEBUG] [net.minecraftforge.coremod.transformer.CoreModBaseTransformer/COREMOD]: Transforming hasCraftingRemainingItem with desc (Lnet/minecraft/world/item/ItemStack;)Z
[03May2026 04:02:07.341] [main/DEBUG] [net.minecraftforge.coremod.transformer.CoreModBaseTransformer/COREMOD]: Transforming getEquipmentSlot with desc (Lnet/minecraft/world/item/ItemStack;)Lnet/minecraft/world/entity/EquipmentSlot;
[03May2026 04:02:07.367] [main/DEBUG] [net.minecraftforge.coremod.transformer.CoreModBaseTransformer/COREMOD]: Transforming isCorrectToolForDrops with desc (Lnet/minecraft/world/item/ItemStack;Lnet/minecraft/world/level/block/state/BlockState;)Z
[03May2026 04:02:07.383] [main/DEBUG] [net.minecraftforge.coremod.transformer.CoreModBaseTransformer/COREMOD]: Transforming shouldCauseReequipAnimation with desc (Lnet/minecraft/world/item/ItemStack;Lnet/minecraft/world/item/ItemStack;Z)Z
[03May2026 04:02:07.396] [main/DEBUG] [net.minecraftforge.coremod.transformer.CoreModBaseTransformer/COREMOD]: Transforming damageItem with desc (Lnet/minecraft/world/item/ItemStack;ILnet/minecraft/world/entity/LivingEntity;Ljava/util/function/Consumer;)I
[03May2026 04:02:07.417] [main/DEBUG] [net.minecraftforge.coremod.transformer.CoreModBaseTransformer/COREMOD]: Transforming net/minecraftforge/common/extensions/IForgeItem
[03May2026 04:02:07.443] [main/DEBUG] [mixin/]: Mixing perf.forge_cap_retrieval.LivingEntityMixin from modernfix-modernfix.mixins.json into net.minecraft.world.entity.LivingEntity
[03May2026 04:02:07.446] [main/DEBUG] [mixin/]: Mixing LivingEntityMixin from citadel.mixins.json into net.minecraft.world.entity.LivingEntity
[03May2026 04:02:07.454] [main/DEBUG] [mixin/]: Mixing LivingEntityMixin from cataclysm.mixins.json into net.minecraft.world.entity.LivingEntity
[03May2026 04:02:07.465] [main/DEBUG] [mixin/]: Mixing MixinLivingEntity from curios.mixins.json into net.minecraft.world.entity.LivingEntity
[03May2026 04:02:07.467] [main/DEBUG] [mixin/]: Mixing LivingEntityMixin from fabric-entity-events-v1.mixins.json into net.minecraft.world.entity.LivingEntity
[03May2026 04:02:07.467] [main/DEBUG] [mixin/]: fabric-entity-events-v1.mixins.json:LivingEntityMixin: Class version 61 required is higher than the class version supported by the current version of Mixin (JAVA_16 supports class version 60)
[03May2026 04:02:07.475] [main/DEBUG] [net.minecraftforge.coremod.transformer.CoreModBaseTransformer/COREMOD]: Transforming getAppearance with desc (Lnet/minecraft/world/level/BlockAndTintGetter;Lnet/minecraft/core/BlockPos;Lnet/minecraft/core/Direction;Lnet/minecraft/world/level/block/state/BlockState;Lnet/minecraft/core/BlockPos;)Lnet/minecraft/world/level/block/state/BlockState;
[03May2026 04:02:07.476] [main/DEBUG] [net.minecraftforge.coremod.transformer.CoreModBaseTransformer/COREMOD]: Transforming net/minecraftforge/common/extensions/IForgeBlockState
[03May2026 04:02:07.483] [main/DEBUG] [mixin/]: Mixing elytra.LivingEntityMixin from fabric-entity-events-v1.mixins.json into net.minecraft.world.entity.LivingEntity
[03May2026 04:02:07.483] [main/DEBUG] [mixin/]: fabric-entity-events-v1.mixins.json:elytra.LivingEntityMixin: Class version 61 required is higher than the class version supported by the current version of Mixin (JAVA_16 supports class version 60)
[03May2026 04:02:07.487] [main/DEBUG] [mixin/]: Mixing LivingEntityMixin from spartanweaponry.mixins.json into net.minecraft.world.entity.LivingEntity
[03May2026 04:02:07.500] [main/DEBUG] [mixin/]: Mixing LivingEntityMixin from fabric-lifecycle-events-v1.mixins.json into net.minecraft.world.entity.LivingEntity
[03May2026 04:02:07.503] [main/DEBUG] [mixin/]: Mixing MixinLivingEntity from caelus.mixins.json into net.minecraft.world.entity.LivingEntity
[03May2026 04:02:07.504] [main/DEBUG] [mixin/]: Mixing LivingEntityMixin from uranus.mixins.json into net.minecraft.world.entity.LivingEntity
[03May2026 04:02:07.512] [main/DEBUG] [mixin/]: Mixing CustomItemUseEffectsMixin from create.mixins.json into net.minecraft.world.entity.LivingEntity
[03May2026 04:02:07.516] [main/DEBUG] [mixin/]: Mixing LavaSwimmingMixin from create.mixins.json into net.minecraft.world.entity.LivingEntity
[03May2026 04:02:07.521] [main/DEBUG] [net.minecraftforge.coremod.transformer.CoreModBaseTransformer/COREMOD]: Transforming getAttributeModifiers with desc (Lnet/minecraft/world/entity/EquipmentSlot;Lnet/minecraft/world/item/ItemStack;)Lcom/google/common/collect/Multimap;
[03May2026 04:02:07.522] [main/DEBUG] [net.minecraftforge.coremod.transformer.CoreModBaseTransformer/COREMOD]: Transforming getCraftingRemainingItem with desc (Lnet/minecraft/world/item/ItemStack;)Lnet/minecraft/world/item/ItemStack;
[03May2026 04:02:07.522] [main/DEBUG] [net.minecraftforge.coremod.transformer.CoreModBaseTransformer/COREMOD]: Transforming hasCraftingRemainingItem with desc (Lnet/minecraft/world/item/ItemStack;)Z
[03May2026 04:02:07.522] [main/DEBUG] [net.minecraftforge.coremod.transformer.CoreModBaseTransformer/COREMOD]: Transforming getEquipmentSlot with desc (Lnet/minecraft/world/item/ItemStack;)Lnet/minecraft/world/entity/EquipmentSlot;
[03May2026 04:02:07.524] [main/DEBUG] [net.minecraftforge.coremod.transformer.CoreModBaseTransformer/COREMOD]: Transforming isCorrectToolForDrops with desc (Lnet/minecraft/world/item/ItemStack;Lnet/minecraft/world/level/block/state/BlockState;)Z
[03May2026 04:02:07.526] [main/DEBUG] [net.minecraftforge.coremod.transformer.CoreModBaseTransformer/COREMOD]: Transforming shouldCauseReequipAnimation with desc (Lnet/minecraft/world/item/ItemStack;Lnet/minecraft/world/item/ItemStack;Z)Z
[03May2026 04:02:07.526] [main/DEBUG] [net.minecraftforge.coremod.transformer.CoreModBaseTransformer/COREMOD]: Transforming damageItem with desc (Lnet/minecraft/world/item/ItemStack;ILnet/minecraft/world/entity/LivingEntity;Ljava/util/function/Consumer;)I
[03May2026 04:02:07.528] [main/DEBUG] [net.minecraftforge.coremod.transformer.CoreModBaseTransformer/COREMOD]: Transforming net/minecraftforge/common/extensions/IForgeItem
[03May2026 04:02:07.538] [main/DEBUG] [mixin/]: Mixing accessor.LivingEntityAccessor from create.mixins.json into net.minecraft.world.entity.LivingEntity
[03May2026 04:02:07.649] [main/DEBUG] [mixin/]: Mixing BlockViewMixin from fabric-block-view-api-v2.mixins.json into net.minecraft.world.level.BlockGetter
[03May2026 04:02:07.653] [main/DEBUG] [mixin/]: Mixing perf.model_optimizations.BooleanPropertyMixin from modernfix-modernfix.mixins.json into net.minecraft.world.level.block.state.properties.BooleanProperty
[03May2026 04:02:07.659] [main/DEBUG] [mixin/]: Mixing LevelMixin from citadel.mixins.json into net.minecraft.world.level.Level
[03May2026 04:02:07.661] [main/DEBUG] [mixin/]: Mixing AttachmentTargetsMixin from fabric-data-attachment-api-v1.mixins.json into net.minecraft.world.level.Level
[03May2026 04:02:07.665] [main/DEBUG] [mixin/]: Mixing WorldMixin from fabric-lifecycle-events-v1.mixins.json into net.minecraft.world.level.Level
[03May2026 04:02:07.683] [main/DEBUG] [mixin/]: Mixing WorldViewMixin from fabric-rendering-data-attachment-v1.mixins.json into net.minecraft.world.level.LevelReader
[03May2026 04:02:07.694] [main/DEBUG] [mixin/]: Mixing perf.cache_strongholds.ServerLevelMixin from modernfix-modernfix.mixins.json into net.minecraft.server.level.ServerLevel
[03May2026 04:02:07.696] [main/DEBUG] [mixin/]: Mixing perf.faster_structure_location.ServerLevelMixin from modernfix-modernfix.mixins.json into net.minecraft.server.level.ServerLevel
[03May2026 04:02:07.696] [main/DEBUG] [mixin/]: Mixing ServerLevelMixin from citadel.mixins.json into net.minecraft.server.level.ServerLevel
[03May2026 04:02:07.698] [main/DEBUG] [mixin/]: Mixing ServerWorldMixin from fabric-data-attachment-api-v1.mixins.json into net.minecraft.server.level.ServerLevel
[03May2026 04:02:07.698] [main/DEBUG] [mixin/]: Renaming synthetic method lambda$createAttachmentsPersistentState$1(Lnet/minecraft/server/level/ServerLevel;)Lnet/fabricmc/fabric/impl/attachment/AttachmentPersistentState; to md9e5952$lambda$createAttachmentsPersistentState$1$0 in fabric-data-attachment-api-v1.mixins.json:ServerWorldMixin
[03May2026 04:02:07.698] [main/DEBUG] [mixin/]: Renaming synthetic method lambda$createAttachmentsPersistentState$0(Lnet/minecraft/server/level/ServerLevel;Lnet/minecraft/nbt/CompoundTag;)Lnet/fabricmc/fabric/impl/attachment/AttachmentPersistentState; to md9e5952$lambda$createAttachmentsPersistentState$0$1 in fabric-data-attachment-api-v1.mixins.json:ServerWorldMixin
[03May2026 04:02:07.701] [main/DEBUG] [mixin/]: Mixing ServerWorldMixin from fabric-api-lookup-api-v1.mixins.json into net.minecraft.server.level.ServerLevel
[03May2026 04:02:07.701] [main/DEBUG] [mixin/]: fabric-api-lookup-api-v1.mixins.json:ServerWorldMixin: Class version 61 required is higher than the class version supported by the current version of Mixin (JAVA_16 supports class version 60)
[03May2026 04:02:07.701] [main/DEBUG] [mixin/]: Renaming synthetic method lambda$fabric_invalidateCache$5(Ljava/util/Map$Entry;)Z to md9e5952$lambda$fabric_invalidateCache$5$2 in fabric-api-lookup-api-v1.mixins.json:ServerWorldMixin
[03May2026 04:02:07.702] [main/DEBUG] [mixin/]: Renaming synthetic method lambda$fabric_invalidateCache$4(Ljava/lang/ref/WeakReference;)Z to md9e5952$lambda$fabric_invalidateCache$4$3 in fabric-api-lookup-api-v1.mixins.json:ServerWorldMixin
[03May2026 04:02:07.702] [main/DEBUG] [mixin/]: Renaming synthetic method lambda$fabric_invalidateCache$3(Ljava/lang/ref/WeakReference;)V to md9e5952$lambda$fabric_invalidateCache$3$4 in fabric-api-lookup-api-v1.mixins.json:ServerWorldMixin
[03May2026 04:02:07.702] [main/DEBUG] [mixin/]: Renaming synthetic method lambda$fabric_invalidateCache$2(Ljava/lang/ref/WeakReference;)Z to md9e5952$lambda$fabric_invalidateCache$2$5 in fabric-api-lookup-api-v1.mixins.json:ServerWorldMixin
[03May2026 04:02:07.702] [main/DEBUG] [mixin/]: Renaming synthetic method lambda$fabric_registerCache$1(Ljava/lang/ref/WeakReference;)Z to md9e5952$lambda$fabric_registerCache$1$6 in fabric-api-lookup-api-v1.mixins.json:ServerWorldMixin
[03May2026 04:02:07.702] [main/DEBUG] [mixin/]: Renaming synthetic method lambda$fabric_registerCache$0(Lnet/minecraft/core/BlockPos;)Ljava/util/List; to md9e5952$lambda$fabric_registerCache$0$7 in fabric-api-lookup-api-v1.mixins.json:ServerWorldMixin
[03May2026 04:02:07.711] [main/DEBUG] [mixin/]: Mixing ServerWorldMixin from fabric-lifecycle-events-v1.mixins.json into net.minecraft.server.level.ServerLevel
[03May2026 04:02:07.712] [main/DEBUG] [mixin/]: Mixing MixinServerSleepStatus from comforts.mixins.json into net.minecraft.server.level.ServerLevel
[03May2026 04:02:07.714] [main/DEBUG] [mixin/]: Mixing accessor.ServerLevelAccessor from create.mixins.json into net.minecraft.server.level.ServerLevel
[03May2026 04:02:07.772] [main/DEBUG] [mixin/]: Mixing ItemMixin from cataclysm.mixins.json into net.minecraft.world.entity.item.ItemEntity
[03May2026 04:02:07.781] [main/DEBUG] [mixin/]: Mixing PlayerEntityMixin from fabric-entity-events-v1.mixins.json into net.minecraft.world.entity.player.Player
[03May2026 04:02:07.781] [main/DEBUG] [mixin/]: fabric-entity-events-v1.mixins.json:PlayerEntityMixin: Class version 61 required is higher than the class version supported by the current version of Mixin (JAVA_16 supports class version 60)
[03May2026 04:02:07.782] [main/DEBUG] [mixin/]: Mixing elytra.PlayerEntityMixin from fabric-entity-events-v1.mixins.json into net.minecraft.world.entity.player.Player
[03May2026 04:02:07.782] [main/DEBUG] [mixin/]: fabric-entity-events-v1.mixins.json:elytra.PlayerEntityMixin: Class version 61 required is higher than the class version supported by the current version of Mixin (JAVA_16 supports class version 60)
[03May2026 04:02:07.783] [main/DEBUG] [mixin/]: Mixing PlayerMixin from spartanweaponry.mixins.json into net.minecraft.world.entity.player.Player
[03May2026 04:02:07.786] [main/DEBUG] [mixin/]: Mixing AccessorPlayer from comforts.mixins.json into net.minecraft.world.entity.player.Player
[03May2026 04:02:07.786] [main/DEBUG] [mixin/]: Mixing PlayerEntityMixin from uranus.mixins.json into net.minecraft.world.entity.player.Player
[03May2026 04:02:07.787] [main/DEBUG] [mixin/]: Mixing PlayerMixin from create.mixins.json into net.minecraft.world.entity.player.Player
[03May2026 04:02:07.836] [main/DEBUG] [mixin/]: Mixing RegistryManagerMixin from fabric-registry-sync-v0.mixins.json into net.minecraftforge.registries.RegistryManager
[03May2026 04:02:07.836] [main/DEBUG] [mixin/]: fabric-registry-sync-v0.mixins.json:RegistryManagerMixin: Class version 61 required is higher than the class version supported by the current version of Mixin (JAVA_16 supports class version 60)
[03May2026 04:02:07.849] [main/DEBUG] [mixin/]: Mixing bugfix.concurrency.ForgeRegistryTagManagerMixin from modernfix-modernfix.mixins.json into net.minecraftforge.registries.ForgeRegistryTagManager
[03May2026 04:02:07.862] [main/DEBUG] [mixin/]: Mixing bugfix.concurrency.NamespacedWrapperMixin from modernfix-modernfix.mixins.json into net.minecraftforge.registries.NamespacedWrapper
[03May2026 04:02:07.863] [main/DEBUG] [mixin/]: Mixing perf.fast_forge_dummies.NamespacedHolderHelperMixin from modernfix-modernfix.mixins.json into net.minecraftforge.registries.NamespacedWrapper
[03May2026 04:02:07.865] [main/DEBUG] [mixin/]: Mixing NamespacedWrapperMixin from fabric-registry-sync-v0.mixins.json into net.minecraftforge.registries.NamespacedWrapper
[03May2026 04:02:07.865] [main/DEBUG] [mixin/]: fabric-registry-sync-v0.mixins.json:NamespacedWrapperMixin: Class version 61 required is higher than the class version supported by the current version of Mixin (JAVA_16 supports class version 60)
[03May2026 04:02:07.879] [main/DEBUG] [mixin/]: Mixing inject.MixinFluid from architectury-common.mixins.json into net.minecraft.world.level.material.Fluid
[03May2026 04:02:07.880] [main/DEBUG] [mixin/]: Mixing FluidMixin from fabric-transfer-api-v1.mixins.json into net.minecraft.world.level.material.Fluid
[03May2026 04:02:07.880] [main/DEBUG] [mixin/]: fabric-transfer-api-v1.mixins.json:FluidMixin: Class version 61 required is higher than the class version supported by the current version of Mixin (JAVA_16 supports class version 60)
[03May2026 04:02:07.895] [main/DEBUG] [mixin/]: Mixing ItemMixin from iceberg.mixins.json into net.minecraft.world.item.Item
[03May2026 04:02:07.899] [main/DEBUG] [mixin/]: Mixing ItemMixin from fabric-item-api-v1.mixins.json into net.minecraft.world.item.Item
[03May2026 04:02:07.899] [main/DEBUG] [mixin/]: fabric-item-api-v1.mixins.json:ItemMixin: Class version 61 required is higher than the class version supported by the current version of Mixin (JAVA_16 supports class version 60)
[03May2026 04:02:07.900] [main/DEBUG] [mixin/]: Mixing perf.forge_registry_alloc.DelegateHolderMixin from modernfix-modernfix.mixins.json into net.minecraft.world.item.Item
[03May2026 04:02:07.900] [main/DEBUG] [mixin/]: Mixing ItemMixin from spartanfire.mixins.json into net.minecraft.world.item.Item
[03May2026 04:02:07.902] [main/DEBUG] [mixin/]: Mixing inject.MixinItem from architectury-common.mixins.json into net.minecraft.world.item.Item
[03May2026 04:02:07.904] [main/DEBUG] [mixin/]: Mixing ItemMixin from fabric-transfer-api-v1.mixins.json into net.minecraft.world.item.Item
[03May2026 04:02:07.909] [main/DEBUG] [mixin/]: fabric-transfer-api-v1.mixins.json:ItemMixin: Class version 61 required is higher than the class version supported by the current version of Mixin (JAVA_16 supports class version 60)
[03May2026 04:02:07.924] [main/DEBUG] [net.minecraftforge.coremod.transformer.CoreModBaseTransformer/COREMOD]: Transforming getAttributeModifiers with desc (Lnet/minecraft/world/entity/EquipmentSlot;Lnet/minecraft/world/item/ItemStack;)Lcom/google/common/collect/Multimap;
[03May2026 04:02:07.927] [main/DEBUG] [net.minecraftforge.coremod.transformer.CoreModBaseTransformer/COREMOD]: Transforming getCraftingRemainingItem with desc (Lnet/minecraft/world/item/ItemStack;)Lnet/minecraft/world/item/ItemStack;
[03May2026 04:02:07.930] [main/DEBUG] [net.minecraftforge.coremod.transformer.CoreModBaseTransformer/COREMOD]: Transforming hasCraftingRemainingItem with desc (Lnet/minecraft/world/item/ItemStack;)Z
[03May2026 04:02:07.931] [main/DEBUG] [net.minecraftforge.coremod.transformer.CoreModBaseTransformer/COREMOD]: Transforming getEquipmentSlot with desc (Lnet/minecraft/world/item/ItemStack;)Lnet/minecraft/world/entity/EquipmentSlot;
[03May2026 04:02:07.931] [main/DEBUG] [net.minecraftforge.coremod.transformer.CoreModBaseTransformer/COREMOD]: Transforming isCorrectToolForDrops with desc (Lnet/minecraft/world/item/ItemStack;Lnet/minecraft/world/level/block/state/BlockState;)Z
[03May2026 04:02:07.932] [main/DEBUG] [net.minecraftforge.coremod.transformer.CoreModBaseTransformer/COREMOD]: Transforming shouldCauseReequipAnimation with desc (Lnet/minecraft/world/item/ItemStack;Lnet/minecraft/world/item/ItemStack;Z)Z
[03May2026 04:02:07.932] [main/DEBUG] [net.minecraftforge.coremod.transformer.CoreModBaseTransformer/COREMOD]: Transforming damageItem with desc (Lnet/minecraft/world/item/ItemStack;ILnet/minecraft/world/entity/LivingEntity;Ljava/util/function/Consumer;)I
[03May2026 04:02:07.933] [main/DEBUG] [net.minecraftforge.coremod.transformer.CoreModBaseTransformer/COREMOD]: Transforming net/minecraftforge/common/extensions/IForgeItem
[03May2026 04:02:07.952] [main/DEBUG] [net.minecraftforge.coremod.transformer.CoreModBaseTransformer/COREMOD]: Transforming net/minecraft/world/entity/EntityType
[03May2026 04:02:08.031] [main/DEBUG] [mixin/]: Mixing inject.MixinEntityType from architectury-common.mixins.json into net.minecraft.world.entity.EntityType
[03May2026 04:02:08.056] [main/DEBUG] [mixin/]: Mixing perf.dynamic_dfu.BlockEntityTypeMixin from modernfix-modernfix.mixins.json into net.minecraft.world.level.block.entity.BlockEntityType
[03May2026 04:02:08.061] [main/DEBUG] [mixin/]: Mixing BlockEntityTypeAccessor from fabric-api-lookup-api-v1.mixins.json into net.minecraft.world.level.block.entity.BlockEntityType
[03May2026 04:02:08.061] [main/DEBUG] [mixin/]: fabric-api-lookup-api-v1.mixins.json:BlockEntityTypeAccessor: Class version 61 required is higher than the class version supported by the current version of Mixin (JAVA_16 supports class version 60)
[03May2026 04:02:08.069] [main/DEBUG] [mixin/]: Mixing ChunkStatusMixin from uranus.mixins.json into net.minecraft.world.level.chunk.ChunkStatus
[03May2026 04:02:08.093] [main/DEBUG] [mixin/]: Mixing MixinPoiTypes from lootr.mixins.json into net.minecraft.world.entity.ai.village.poi.PoiTypes
[03May2026 04:02:08.099] [main/DEBUG] [mixin/]: Mixing MixinPoiType from lootr.mixins.json into net.minecraft.world.entity.ai.village.poi.PoiType
[03May2026 04:02:08.182] [main/DEBUG] [mixin/]: Mixing perf.memoize_creative_tab_build.CreativeModeTabMixin from modernfix-modernfix.mixins.json into net.minecraft.world.item.CreativeModeTab
[03May2026 04:02:08.187] [main/DEBUG] [mixin/]: Mixing ItemGroupMixin from fabric-item-group-api-v1.mixins.json into net.minecraft.world.item.CreativeModeTab
[03May2026 04:02:08.207] [main/DEBUG] [net.minecraftforge.coremod.transformer.CoreModBaseTransformer/COREMOD]: Transforming m_236069_ with desc (Lit/unimi/dsi/fastutil/objects/Object2IntOpenHashMap;)V
[03May2026 04:02:08.237] [main/DEBUG] [net.minecraftforge.coremod.CoreMod.fabric_resource_conditions_api_v1/COREMODLOG]: Injected DataProvider.FIXED_ORDER_FIELDS conditions key priority
[03May2026 04:02:08.240] [main/DEBUG] [net.minecraftforge.coremod.transformer.CoreModBaseTransformer/COREMOD]: Transforming m_236069_ with desc (Lit/unimi/dsi/fastutil/objects/Object2IntOpenHashMap;)V
[03May2026 04:02:08.263] [main/DEBUG] [net.minecraftforge.coremod.CoreMod.fabric_data_generation_api_v1/COREMODLOG]: Injected fabric key sort orders hook into DataProvider.FIXED_ORDER_FIELDS
[03May2026 04:02:08.265] [main/DEBUG] [net.minecraftforge.coremod.CoreMod.fabric_data_generation_api_v1/COREMODLOG]: Injected fabric key sort orders hook into DataProvider.FIXED_ORDER_FIELDS
[03May2026 04:02:08.309] [main/DEBUG] [mixin/]: Mixing ServerPlayerEntityMixin from fabric-entity-events-v1.mixins.json into net.minecraft.server.level.ServerPlayer
[03May2026 04:02:08.309] [main/DEBUG] [mixin/]: fabric-entity-events-v1.mixins.json:ServerPlayerEntityMixin: Class version 61 required is higher than the class version supported by the current version of Mixin (JAVA_16 supports class version 60)
[03May2026 04:02:08.311] [main/DEBUG] [mixin/]: Mixing ServerPlayerEntityMixin from fabric-screen-handler-api-v1.mixins.json into net.minecraft.server.level.ServerPlayer
[03May2026 04:02:08.312] [main/DEBUG] [mixin/]: fabric-screen-handler-api-v1.mixins.json:ServerPlayerEntityMixin: Class version 61 required is higher than the class version supported by the current version of Mixin (JAVA_16 supports class version 60)
[03May2026 04:02:08.355] [main/DEBUG] [mixin/]: Mixing FireBlockMixin from fabric-content-registries-v0.mixins.json into net.minecraft.world.level.block.FireBlock
[03May2026 04:02:08.356] [main/DEBUG] [mixin/]: fabric-content-registries-v0.mixins.json:FireBlockMixin: Class version 61 required is higher than the class version supported by the current version of Mixin (JAVA_16 supports class version 60)
[03May2026 04:02:08.360] [main/DEBUG] [mixin/]: Mixing accessor.FireBlockForgeAccessor from puzzleslib.forge.mixins.json into net.minecraft.world.level.block.FireBlock
[03May2026 04:02:08.436] [main/DEBUG] [mixin/]: Mixing ShapesMixin from creativecore.mixins.json into net.minecraft.world.phys.shapes.Shapes
[03May2026 04:02:08.463] [main/DEBUG] [mixin/]: Mixing DiscreteVSAccess from ferritecore.blockstatecache.mixin.json into net.minecraft.world.phys.shapes.DiscreteVoxelShape
[03May2026 04:02:08.467] [main/DEBUG] [mixin/]: Mixing BitSetDVSAccess from ferritecore.blockstatecache.mixin.json into net.minecraft.world.phys.shapes.BitSetDiscreteVoxelShape
[03May2026 04:02:08.472] [main/DEBUG] [mixin/]: Mixing VoxelShapeAccessor from creativecore.mixins.json into net.minecraft.world.phys.shapes.VoxelShape
[03May2026 04:02:08.472] [main/DEBUG] [mixin/]: Mixing VoxelShapeAccess from ferritecore.blockstatecache.mixin.json into net.minecraft.world.phys.shapes.VoxelShape
[03May2026 04:02:08.473] [main/DEBUG] [mixin/]: Unexpected: Registered method setShape(Lnet/minecraft/world/phys/shapes/DiscreteVoxelShape;)V in net.minecraft.world.phys.shapes.VoxelShape was not merged
[03May2026 04:02:08.477] [main/DEBUG] [mixin/]: Mixing ArrayVSAccess from ferritecore.blockstatecache.mixin.json into net.minecraft.world.phys.shapes.ArrayVoxelShape
[03May2026 04:02:08.485] [main/DEBUG] [mixin/]: Mixing SliceShapeAccess from ferritecore.blockstatecache.mixin.json into net.minecraft.world.phys.shapes.SliceShape
[03May2026 04:02:08.530] [main/DEBUG] [mixin/]: Mixing NoteBlockInstrumentMixin from cataclysm.mixins.json into net.minecraft.world.level.block.state.properties.NoteBlockInstrument
[03May2026 04:02:08.531] [main/DEBUG] [mixin/]: Renaming @Invoker method newInstrument(Ljava/lang/String;ILjava/lang/String;Lnet/minecraft/core/Holder;Lnet/minecraft/world/level/block/state/properties/NoteBlockInstrument$Type;)Lnet/minecraft/world/level/block/state/properties/NoteBlockInstrument; to newInstrument_$md$9e5952$0 in cataclysm.mixins.json:NoteBlockInstrumentMixin
[03May2026 04:02:08.802] [main/DEBUG] [io.netty.util.internal.PlatformDependent0/]: -Dio.netty.noUnsafe: false
[03May2026 04:02:08.803] [main/DEBUG] [io.netty.util.internal.PlatformDependent0/]: Java version: 17
[03May2026 04:02:08.804] [main/DEBUG] [io.netty.util.internal.PlatformDependent0/]: sun.misc.Unsafe.theUnsafe: available
[03May2026 04:02:08.805] [main/DEBUG] [io.netty.util.internal.PlatformDependent0/]: sun.misc.Unsafe.copyMemory: available
[03May2026 04:02:08.805] [main/DEBUG] [io.netty.util.internal.PlatformDependent0/]: sun.misc.Unsafe.storeFence: available
[03May2026 04:02:08.805] [main/DEBUG] [io.netty.util.internal.PlatformDependent0/]: java.nio.Buffer.address: available
[03May2026 04:02:08.806] [main/DEBUG] [io.netty.util.internal.PlatformDependent0/]: direct buffer constructor: unavailable
java.lang.UnsupportedOperationException: Reflective setAccessible(true) disabled
	at io.netty.util.internal.ReflectionUtil.trySetAccessible(ReflectionUtil.java:31) ~[netty-common-4.1.82.Final.jar%2382!/:4.1.82.Final]
	at io.netty.util.internal.PlatformDependent0$5.run(PlatformDependent0.java:288) ~[netty-common-4.1.82.Final.jar%2382!/:4.1.82.Final]
	at java.security.AccessController.doPrivileged(AccessController.java:318) ~[?:?]
	at io.netty.util.internal.PlatformDependent0.<clinit>(PlatformDependent0.java:282) ~[netty-common-4.1.82.Final.jar%2382!/:4.1.82.Final]
	at io.netty.util.internal.PlatformDependent.isAndroid(PlatformDependent.java:333) ~[netty-common-4.1.82.Final.jar%2382!/:4.1.82.Final]
	at io.netty.util.internal.PlatformDependent.<clinit>(PlatformDependent.java:88) ~[netty-common-4.1.82.Final.jar%2382!/:4.1.82.Final]
	at io.netty.util.ConstantPool.<init>(ConstantPool.java:34) ~[netty-common-4.1.82.Final.jar%2382!/:4.1.82.Final]
	at io.netty.util.AttributeKey$1.<init>(AttributeKey.java:27) ~[netty-common-4.1.82.Final.jar%2382!/:4.1.82.Final]
	at io.netty.util.AttributeKey.<clinit>(AttributeKey.java:27) ~[netty-common-4.1.82.Final.jar%2382!/:4.1.82.Final]
	at net.minecraftforge.network.NetworkConstants.<clinit>(NetworkConstants.java:34) ~[forge-1.20.1-47.3.7-universal.jar%23188!/:?]
	at net.minecraft.server.Bootstrap.handler$zba000$doClassloadHack(Bootstrap.java:536) ~[server-1.20.1-20230612.114412-srg.jar%23183!/:?]
	at net.minecraft.server.Bootstrap.m_135870_(Bootstrap.java:64) ~[server-1.20.1-20230612.114412-srg.jar%23183!/:?]
	at net.minecraftforge.registries.ForgeRegistries.init(ForgeRegistries.java:212) ~[forge-1.20.1-47.3.7-universal.jar%23188!/:?]
	at net.minecraftforge.registries.ForgeRegistries.<clinit>(ForgeRegistries.java:65) ~[forge-1.20.1-47.3.7-universal.jar%23188!/:?]
	at com.github.L_Ender.cataclysm.init.ModSounds.<clinit>(ModSounds.java:16) ~[L_Enders_Cataclysm-3.27-curios-fix.jar%23163!/:3.27-curios-fix]
	at com.github.L_Ender.cataclysm.blocks.Property.CustomNoteBlockInstrument.<clinit>(CustomNoteBlockInstrument.java:9) ~[L_Enders_Cataclysm-3.27-curios-fix.jar%23163!/:3.27-curios-fix]
	at net.minecraft.world.level.block.state.properties.NoteBlockInstrument.handler$zhi000$US$addCustomInstruments(NoteBlockInstrument.java:536) ~[server-1.20.1-20230612.114412-srg.jar%23183!/:?]
	at net.minecraft.world.level.block.state.properties.NoteBlockInstrument.<clinit>(NoteBlockInstrument.java:8) ~[server-1.20.1-20230612.114412-srg.jar%23183!/:?]
	at jdk.internal.reflect.NativeMethodAccessorImpl.invoke0(Native Method) ~[?:?]
	at jdk.internal.reflect.NativeMethodAccessorImpl.invoke(NativeMethodAccessorImpl.java:77) ~[?:?]
	at jdk.internal.reflect.DelegatingMethodAccessorImpl.invoke(DelegatingMethodAccessorImpl.java:43) ~[?:?]
	at java.lang.reflect.Method.invoke(Method.java:569) ~[?:?]
	at java.lang.Class.getEnumConstantsShared(Class.java:3840) ~[?:?]
	at java.lang.Class.getEnumConstants(Class.java:3815) ~[?:?]
	at net.minecraft.world.level.block.state.properties.EnumProperty.m_61594_(EnumProperty.java:74) ~[server-1.20.1-20230612.114412-srg.jar%23183!/:?]
	at net.minecraft.world.level.block.state.properties.EnumProperty.m_61587_(EnumProperty.java:70) ~[server-1.20.1-20230612.114412-srg.jar%23183!/:?]
	at net.minecraft.world.level.block.state.properties.BlockStateProperties.<clinit>(BlockStateProperties.java:142) ~[server-1.20.1-20230612.114412-srg.jar%23183!/:?]
	at net.minecraft.world.level.block.FireBlock.<clinit>(FireBlock.java:33) ~[server-1.20.1-20230612.114412-srg.jar%23183!/:?]
	at net.minecraft.server.Bootstrap.m_135870_(Bootstrap.java:46) ~[server-1.20.1-20230612.114412-srg.jar%23183!/:?]
	at net.minecraft.server.Main.main(Main.java:121) ~[server-1.20.1-20230612.114412-srg.jar%23183!/:?]
	at jdk.internal.reflect.NativeMethodAccessorImpl.invoke0(Native Method) ~[?:?]
	at jdk.internal.reflect.NativeMethodAccessorImpl.invoke(NativeMethodAccessorImpl.java:77) ~[?:?]
	at jdk.internal.reflect.DelegatingMethodAccessorImpl.invoke(DelegatingMethodAccessorImpl.java:43) ~[?:?]
	at java.lang.reflect.Method.invoke(Method.java:569) ~[?:?]
	at net.minecraftforge.fml.loading.targets.CommonLaunchHandler.runTarget(CommonLaunchHandler.java:111) ~[fmlloader-1.20.1-47.3.7.jar%2369!/:?]
	at net.minecraftforge.fml.loading.targets.CommonLaunchHandler.serverService(CommonLaunchHandler.java:103) ~[fmlloader-1.20.1-47.3.7.jar%2369!/:?]
	at net.minecraftforge.fml.loading.targets.CommonServerLaunchHandler.lambda$makeService$0(CommonServerLaunchHandler.java:27) ~[fmlloader-1.20.1-47.3.7.jar%2369!/:?]
	at cpw.mods.modlauncher.LaunchServiceHandlerDecorator.launch(LaunchServiceHandlerDecorator.java:30) ~[modlauncher-10.0.9.jar%2355!/:?]
	at cpw.mods.modlauncher.LaunchServiceHandler.launch(LaunchServiceHandler.java:53) ~[modlauncher-10.0.9.jar%2355!/:?]
	at cpw.mods.modlauncher.LaunchServiceHandler.launch(LaunchServiceHandler.java:71) ~[modlauncher-10.0.9.jar%2355!/:?]
	at cpw.mods.modlauncher.Launcher.run(Launcher.java:108) ~[modlauncher-10.0.9.jar%2355!/:?]
	at cpw.mods.modlauncher.Launcher.main(Launcher.java:78) ~[modlauncher-10.0.9.jar%2355!/:?]
	at cpw.mods.modlauncher.BootstrapLaunchConsumer.accept(BootstrapLaunchConsumer.java:26) ~[modlauncher-10.0.9.jar%2355!/:?]
	at cpw.mods.modlauncher.BootstrapLaunchConsumer.accept(BootstrapLaunchConsumer.java:23) ~[modlauncher-10.0.9.jar%2355!/:?]
	at cpw.mods.bootstraplauncher.BootstrapLauncher.main(BootstrapLauncher.java:141) ~[bootstraplauncher-1.1.2.jar:?]
[03May2026 04:02:08.809] [main/DEBUG] [io.netty.util.internal.PlatformDependent0/]: java.nio.Bits.unaligned: available, true
[03May2026 04:02:08.811] [main/DEBUG] [io.netty.util.internal.PlatformDependent0/]: jdk.internal.misc.Unsafe.allocateUninitializedArray(int): unavailable
java.lang.IllegalAccessException: class io.netty.util.internal.PlatformDependent0$7 (in module io.netty.common) cannot access class jdk.internal.misc.Unsafe (in module java.base) because module java.base does not export jdk.internal.misc to module io.netty.common
	at jdk.internal.reflect.Reflection.newIllegalAccessException(Reflection.java:392) ~[?:?]
	at java.lang.reflect.AccessibleObject.checkAccess(AccessibleObject.java:674) ~[?:?]
	at java.lang.reflect.Method.invoke(Method.java:561) ~[?:?]
	at io.netty.util.internal.PlatformDependent0$7.run(PlatformDependent0.java:410) ~[netty-common-4.1.82.Final.jar%2382!/:4.1.82.Final]
	at java.security.AccessController.doPrivileged(AccessController.java:318) ~[?:?]
	at io.netty.util.internal.PlatformDependent0.<clinit>(PlatformDependent0.java:401) ~[netty-common-4.1.82.Final.jar%2382!/:4.1.82.Final]
	at io.netty.util.internal.PlatformDependent.isAndroid(PlatformDependent.java:333) ~[netty-common-4.1.82.Final.jar%2382!/:4.1.82.Final]
	at io.netty.util.internal.PlatformDependent.<clinit>(PlatformDependent.java:88) ~[netty-common-4.1.82.Final.jar%2382!/:4.1.82.Final]
	at io.netty.util.ConstantPool.<init>(ConstantPool.java:34) ~[netty-common-4.1.82.Final.jar%2382!/:4.1.82.Final]
	at io.netty.util.AttributeKey$1.<init>(AttributeKey.java:27) ~[netty-common-4.1.82.Final.jar%2382!/:4.1.82.Final]
	at io.netty.util.AttributeKey.<clinit>(AttributeKey.java:27) ~[netty-common-4.1.82.Final.jar%2382!/:4.1.82.Final]
	at net.minecraftforge.network.NetworkConstants.<clinit>(NetworkConstants.java:34) ~[forge-1.20.1-47.3.7-universal.jar%23188!/:?]
	at net.minecraft.server.Bootstrap.handler$zba000$doClassloadHack(Bootstrap.java:536) ~[server-1.20.1-20230612.114412-srg.jar%23183!/:?]
	at net.minecraft.server.Bootstrap.m_135870_(Bootstrap.java:64) ~[server-1.20.1-20230612.114412-srg.jar%23183!/:?]
	at net.minecraftforge.registries.ForgeRegistries.init(ForgeRegistries.java:212) ~[forge-1.20.1-47.3.7-universal.jar%23188!/:?]
	at net.minecraftforge.registries.ForgeRegistries.<clinit>(ForgeRegistries.java:65) ~[forge-1.20.1-47.3.7-universal.jar%23188!/:?]
	at com.github.L_Ender.cataclysm.init.ModSounds.<clinit>(ModSounds.java:16) ~[L_Enders_Cataclysm-3.27-curios-fix.jar%23163!/:3.27-curios-fix]
	at com.github.L_Ender.cataclysm.blocks.Property.CustomNoteBlockInstrument.<clinit>(CustomNoteBlockInstrument.java:9) ~[L_Enders_Cataclysm-3.27-curios-fix.jar%23163!/:3.27-curios-fix]
	at net.minecraft.world.level.block.state.properties.NoteBlockInstrument.handler$zhi000$US$addCustomInstruments(NoteBlockInstrument.java:536) ~[server-1.20.1-20230612.114412-srg.jar%23183!/:?]
	at net.minecraft.world.level.block.state.properties.NoteBlockInstrument.<clinit>(NoteBlockInstrument.java:8) ~[server-1.20.1-20230612.114412-srg.jar%23183!/:?]
	at jdk.internal.reflect.NativeMethodAccessorImpl.invoke0(Native Method) ~[?:?]
	at jdk.internal.reflect.NativeMethodAccessorImpl.invoke(NativeMethodAccessorImpl.java:77) ~[?:?]
	at jdk.internal.reflect.DelegatingMethodAccessorImpl.invoke(DelegatingMethodAccessorImpl.java:43) ~[?:?]
	at java.lang.reflect.Method.invoke(Method.java:569) ~[?:?]
	at java.lang.Class.getEnumConstantsShared(Class.java:3840) ~[?:?]
	at java.lang.Class.getEnumConstants(Class.java:3815) ~[?:?]
	at net.minecraft.world.level.block.state.properties.EnumProperty.m_61594_(EnumProperty.java:74) ~[server-1.20.1-20230612.114412-srg.jar%23183!/:?]
	at net.minecraft.world.level.block.state.properties.EnumProperty.m_61587_(EnumProperty.java:70) ~[server-1.20.1-20230612.114412-srg.jar%23183!/:?]
	at net.minecraft.world.level.block.state.properties.BlockStateProperties.<clinit>(BlockStateProperties.java:142) ~[server-1.20.1-20230612.114412-srg.jar%23183!/:?]
	at net.minecraft.world.level.block.FireBlock.<clinit>(FireBlock.java:33) ~[server-1.20.1-20230612.114412-srg.jar%23183!/:?]
	at net.minecraft.server.Bootstrap.m_135870_(Bootstrap.java:46) ~[server-1.20.1-20230612.114412-srg.jar%23183!/:?]
	at net.minecraft.server.Main.main(Main.java:121) ~[server-1.20.1-20230612.114412-srg.jar%23183!/:?]
	at jdk.internal.reflect.NativeMethodAccessorImpl.invoke0(Native Method) ~[?:?]
	at jdk.internal.reflect.NativeMethodAccessorImpl.invoke(NativeMethodAccessorImpl.java:77) ~[?:?]
	at jdk.internal.reflect.DelegatingMethodAccessorImpl.invoke(DelegatingMethodAccessorImpl.java:43) ~[?:?]
	at java.lang.reflect.Method.invoke(Method.java:569) ~[?:?]
	at net.minecraftforge.fml.loading.targets.CommonLaunchHandler.runTarget(CommonLaunchHandler.java:111) ~[fmlloader-1.20.1-47.3.7.jar%2369!/:?]
	at net.minecraftforge.fml.loading.targets.CommonLaunchHandler.serverService(CommonLaunchHandler.java:103) ~[fmlloader-1.20.1-47.3.7.jar%2369!/:?]
	at net.minecraftforge.fml.loading.targets.CommonServerLaunchHandler.lambda$makeService$0(CommonServerLaunchHandler.java:27) ~[fmlloader-1.20.1-47.3.7.jar%2369!/:?]
	at cpw.mods.modlauncher.LaunchServiceHandlerDecorator.launch(LaunchServiceHandlerDecorator.java:30) ~[modlauncher-10.0.9.jar%2355!/:?]
	at cpw.mods.modlauncher.LaunchServiceHandler.launch(LaunchServiceHandler.java:53) ~[modlauncher-10.0.9.jar%2355!/:?]
	at cpw.mods.modlauncher.LaunchServiceHandler.launch(LaunchServiceHandler.java:71) ~[modlauncher-10.0.9.jar%2355!/:?]
	at cpw.mods.modlauncher.Launcher.run(Launcher.java:108) ~[modlauncher-10.0.9.jar%2355!/:?]
	at cpw.mods.modlauncher.Launcher.main(Launcher.java:78) ~[modlauncher-10.0.9.jar%2355!/:?]
	at cpw.mods.modlauncher.BootstrapLaunchConsumer.accept(BootstrapLaunchConsumer.java:26) ~[modlauncher-10.0.9.jar%2355!/:?]
	at cpw.mods.modlauncher.BootstrapLaunchConsumer.accept(BootstrapLaunchConsumer.java:23) ~[modlauncher-10.0.9.jar%2355!/:?]
	at cpw.mods.bootstraplauncher.BootstrapLauncher.main(BootstrapLauncher.java:141) ~[bootstraplauncher-1.1.2.jar:?]
[03May2026 04:02:08.813] [main/DEBUG] [io.netty.util.internal.PlatformDependent0/]: java.nio.DirectByteBuffer.<init>(long, int): unavailable
[03May2026 04:02:08.813] [main/DEBUG] [io.netty.util.internal.PlatformDependent/]: sun.misc.Unsafe: available
[03May2026 04:02:08.814] [main/DEBUG] [io.netty.util.internal.PlatformDependent/]: maxDirectMemory: 12884901888 bytes (maybe)
[03May2026 04:02:08.815] [main/DEBUG] [io.netty.util.internal.PlatformDependent/]: -Dio.netty.tmpdir: /tmp (java.io.tmpdir)
[03May2026 04:02:08.815] [main/DEBUG] [io.netty.util.internal.PlatformDependent/]: -Dio.netty.bitMode: 64 (sun.arch.data.model)
[03May2026 04:02:08.816] [main/DEBUG] [io.netty.util.internal.PlatformDependent/]: -Dio.netty.maxDirectMemory: -1 bytes
[03May2026 04:02:08.816] [main/DEBUG] [io.netty.util.internal.PlatformDependent/]: -Dio.netty.uninitializedArrayAllocationThreshold: -1
[03May2026 04:02:08.817] [main/DEBUG] [io.netty.util.internal.CleanerJava9/]: java.nio.ByteBuffer.cleaner(): available
[03May2026 04:02:08.818] [main/DEBUG] [io.netty.util.internal.PlatformDependent/]: -Dio.netty.noPreferDirect: false
[03May2026 04:02:08.876] [main/DEBUG] [mixin/]: Mixing accessor.CustomPayloadC2SPacketAccessor from fabric-networking-api-v1.mixins.json into net.minecraft.network.protocol.game.ServerboundCustomPayloadPacket
[03May2026 04:02:08.876] [main/DEBUG] [mixin/]: fabric-networking-api-v1.mixins.json:accessor.CustomPayloadC2SPacketAccessor: Class version 61 required is higher than the class version supported by the current version of Mixin (JAVA_16 supports class version 60)
[03May2026 04:02:08.883] [main/DEBUG] [mixin/]: Mixing accessor.LoginQueryResponseC2SPacketAccessor from fabric-networking-api-v1.mixins.json into net.minecraft.network.protocol.login.ServerboundCustomQueryPacket
[03May2026 04:02:08.884] [main/DEBUG] [mixin/]: fabric-networking-api-v1.mixins.json:accessor.LoginQueryResponseC2SPacketAccessor: Class version 61 required is higher than the class version supported by the current version of Mixin (JAVA_16 supports class version 60)
[03May2026 04:02:08.895] [main/DEBUG] [mixin/]: Mixing perf.fix_handshake_stall.HandshakeHandlerMixin from modernfix-modernfix.mixins.json into net.minecraftforge.network.HandshakeHandler
[03May2026 04:02:08.957] [main/INFO] [net.minecraft.server.Bootstrap/]: Vanilla bootstrap took 2283 milliseconds
[03May2026 04:02:09.011] [main/DEBUG] [mixin/]: Mixing perf.forge_registry_lambda.RegistryObjectMixin from modernfix-modernfix.mixins.json into net.minecraftforge.registries.RegistryObject
[03May2026 04:02:09.131] [main/DEBUG] [mixin/]: Mixing perf.reduce_blockstate_cache_rebuilds.BlocksMixin from modernfix-modernfix.mixins.json into net.minecraft.world.level.block.Blocks
[03May2026 04:02:09.133] [main/DEBUG] [mixin/]: Renaming synthetic method lambda$getEmptyConsumer$0(Ljava/lang/Object;)V to md9e5952$lambda$getEmptyConsumer$0$0 in modernfix-modernfix.mixins.json:perf.reduce_blockstate_cache_rebuilds.BlocksMixin
[03May2026 04:02:09.193] [main/DEBUG] [net.minecraftforge.coremod.transformer.CoreModBaseTransformer/COREMOD]: Transforming net/minecraft/world/level/block/LiquidBlock
[03May2026 04:02:09.193] [main/DEBUG] [mixin/]: Mixing inject.MixinLiquidBlock from architectury-common.mixins.json into net.minecraft.world.level.block.LiquidBlock
[03May2026 04:02:09.209] [main/DEBUG] [mixin/]: Mixing accessor.DispenserBlockAccessor from create.mixins.json into net.minecraft.world.level.block.DispenserBlock
[03May2026 04:02:09.212] [main/DEBUG] [mixin/]: Mixing NoteBlockMixin from cataclysm.mixins.json into net.minecraft.world.level.block.NoteBlock
[03May2026 04:02:09.227] [main/DEBUG] [mixin/]: Mixing DetectorRailBlockMixin from fabric-object-builder-v1.mixins.json into net.minecraft.world.level.block.DetectorRailBlock
[03May2026 04:02:09.228] [main/DEBUG] [mixin/]: fabric-object-builder-v1.mixins.json:DetectorRailBlockMixin: Class version 61 required is higher than the class version supported by the current version of Mixin (JAVA_16 supports class version 60)
[03May2026 04:02:09.229] [main/DEBUG] [mixin/]: Renaming synthetic method lambda$getCustomComparatorOutput$0(Lnet/minecraft/world/entity/Entity;)Z to md9e5952$lambda$getCustomComparatorOutput$0$0 in fabric-object-builder-v1.mixins.json:DetectorRailBlockMixin
[03May2026 04:02:09.253] [main/DEBUG] [net.minecraftforge.coremod.transformer.CoreModBaseTransformer/COREMOD]: Transforming net/minecraft/world/level/block/StairBlock
[03May2026 04:02:09.271] [main/DEBUG] [mixin/]: Mixing CropBlockMixin from balm.mixins.json into net.minecraft.world.level.block.CropBlock
[03May2026 04:02:09.273] [main/DEBUG] [mixin/]: Mixing accessor.CropBlockAccessor from create.mixins.json into net.minecraft.world.level.block.CropBlock
[03May2026 04:02:09.324] [main/DEBUG] [mixin/]: Mixing StemBlockMixin from balm.mixins.json into net.minecraft.world.level.block.StemBlock
[03May2026 04:02:09.359] [main/DEBUG] [mixin/]: Mixing perf.deduplicate_wall_shapes.WallBlockMixin from modernfix-modernfix.mixins.json into net.minecraft.world.level.block.WallBlock
[03May2026 04:02:09.371] [main/DEBUG] [net.minecraftforge.coremod.transformer.CoreModBaseTransformer/COREMOD]: Transforming net/minecraft/world/level/block/FlowerPotBlock
[03May2026 04:02:09.428] [main/DEBUG] [mixin/]: Mixing ShulkerBoxBlockMixin from create.mixins.json into net.minecraft.world.level.block.ShulkerBoxBlock
[03May2026 04:02:09.434] [main/DEBUG] [mixin/]: Mixing accessor.ConcretePowderBlockAccessor from create.mixins.json into net.minecraft.world.level.block.ConcretePowderBlock
[03May2026 04:02:09.524] [main/DEBUG] [mixin/]: Mixing BeehiveBlockMixin from create.mixins.json into net.minecraft.world.level.block.BeehiveBlock
[03May2026 04:02:09.548] [main/DEBUG] [mixin/]: Mixing MixinPowderSnowBlock from curios.mixins.json into net.minecraft.world.level.block.PowderSnowBlock
[03May2026 04:02:09.562] [main/DEBUG] [net.minecraftforge.coremod.transformer.CoreModBaseTransformer/COREMOD]: Transforming m_154909_ with desc ()Lcom/google/common/collect/BiMap;
[03May2026 04:02:09.570] [main/DEBUG] [net.minecraftforge.coremod.CoreMod.fabric_content_registries_v0/COREMODLOG]: Made net.minecraft.block.Oxidizable.OXIDATION_LEVEL_INCREASES mutable
[03May2026 04:02:09.666] [main/DEBUG] [mixin/]: Mixing AbstractBlockSettingsAccessor from fabric-object-builder-v1.mixins.json into net.minecraft.world.level.block.state.BlockBehaviour$Properties
[03May2026 04:02:09.667] [main/DEBUG] [mixin/]: fabric-object-builder-v1.mixins.json:AbstractBlockSettingsAccessor: Class version 61 required is higher than the class version supported by the current version of Mixin (JAVA_16 supports class version 60)
[03May2026 04:02:09.754] [main/DEBUG] [mixin/]: Mixing perf.state_definition_construct.StateDefinitionMixin from modernfix-modernfix.mixins.json into net.minecraft.world.level.block.state.StateDefinition
[03May2026 04:02:09.824] [main/DEBUG] [mixin/]: Mixing WaterWheelFluidSpreadMixin from create.mixins.json into net.minecraft.world.level.material.FlowingFluid
[03May2026 04:02:09.846] [main/DEBUG] [mixin/]: Mixing accessor.FlowingFluidAccessor from create.mixins.json into net.minecraft.world.level.material.FlowingFluid
[03May2026 04:02:09.918] [main/DEBUG] [mixin/]: Mixing BlockEntityMixin from fabric-block-view-api-v2.mixins.json into net.minecraft.world.level.block.entity.BlockEntity
[03May2026 04:02:09.919] [main/DEBUG] [mixin/]: Mixing AttachmentTargetsMixin from fabric-data-attachment-api-v1.mixins.json into net.minecraft.world.level.block.entity.BlockEntity
[03May2026 04:02:09.920] [main/DEBUG] [mixin/]: Mixing BlockEntityMixin from fabric-data-attachment-api-v1.mixins.json into net.minecraft.world.level.block.entity.BlockEntity
[03May2026 04:02:09.920] [main/DEBUG] [mixin/]: Mixing BlockEntityMixin from fabric-rendering-data-attachment-v1.mixins.json into net.minecraft.world.level.block.entity.BlockEntity
[03May2026 04:02:09.922] [main/DEBUG] [mixin/]: Mixing BlockEntityMixin from collective_forge.mixins.json into net.minecraft.world.level.block.entity.BlockEntity
[03May2026 04:02:09.944] [main/DEBUG] [mixin/]: Mixing MixinFallingBlockEntity from architectury.mixins.json into net.minecraft.world.entity.item.FallingBlockEntity
[03May2026 04:02:09.945] [main/DEBUG] [mixin/]: Mixing accessor.FallingBlockEntityAccessor from create.mixins.json into net.minecraft.world.entity.item.FallingBlockEntity
[03May2026 04:02:09.945] [main/DEBUG] [mixin/]: Renaming @Invoker method create$callInit(Lnet/minecraft/world/level/Level;DDDLnet/minecraft/world/level/block/state/BlockState;)Lnet/minecraft/world/entity/item/FallingBlockEntity; to create$callInit_$md$9e5952$0 in create.mixins.json:accessor.FallingBlockEntityAccessor
[03May2026 04:02:10.011] [main/DEBUG] [mixin/]: Mixing NamedScreenHandlerFactoryMixin from fabric-screen-handler-api-v1.mixins.json into net.minecraft.world.MenuProvider
[03May2026 04:02:10.011] [main/DEBUG] [mixin/]: fabric-screen-handler-api-v1.mixins.json:NamedScreenHandlerFactoryMixin: Class version 61 required is higher than the class version supported by the current version of Mixin (JAVA_16 supports class version 60)
[03May2026 04:02:10.014] [main/DEBUG] [mixin/]: Mixing LootableContainerBlockEntityMixin from fabric-transfer-api-v1.mixins.json into net.minecraft.world.level.block.entity.RandomizableContainerBlockEntity
[03May2026 04:02:10.015] [main/DEBUG] [mixin/]: fabric-transfer-api-v1.mixins.json:LootableContainerBlockEntityMixin: Class version 61 required is higher than the class version supported by the current version of Mixin (JAVA_16 supports class version 60)
[03May2026 04:02:10.016] [main/DEBUG] [mixin/]: Mixing MixinRandomizableContainerBlockEntity from lootr.mixins.json into net.minecraft.world.level.block.entity.RandomizableContainerBlockEntity
[03May2026 04:02:10.161] [main/DEBUG] [mixin/]: Mixing ChiseledBookshelfBlockEntityMixin from fabric-transfer-api-v1.mixins.json into net.minecraft.world.level.block.entity.ChiseledBookShelfBlockEntity
[03May2026 04:02:10.162] [main/DEBUG] [mixin/]: fabric-transfer-api-v1.mixins.json:ChiseledBookshelfBlockEntityMixin: Class version 61 required is higher than the class version supported by the current version of Mixin (JAVA_16 supports class version 60)
[03May2026 04:02:10.317] [main/DEBUG] [mixin/]: Mixing accessor.AbstractContainerMenuAccessor from puzzleslib.common.mixins.json into net.minecraft.world.inventory.AbstractContainerMenu
[03May2026 04:02:10.331] [main/DEBUG] [mixin/]: Mixing AbstractFurnaceBlockEntityMixin from fabric-transfer-api-v1.mixins.json into net.minecraft.world.level.block.entity.AbstractFurnaceBlockEntity
[03May2026 04:02:10.331] [main/DEBUG] [mixin/]: fabric-transfer-api-v1.mixins.json:AbstractFurnaceBlockEntityMixin: Class version 61 required is higher than the class version supported by the current version of Mixin (JAVA_16 supports class version 60)
[03May2026 04:02:10.407] [main/DEBUG] [mixin/]: Mixing AbstractArrowMixin from spartanweaponry.mixins.json into net.minecraft.world.entity.projectile.AbstractArrow
[03May2026 04:02:10.435] [main/DEBUG] [mixin/]: Mixing ProjectileMixin from spartanweaponry.mixins.json into net.minecraft.world.entity.projectile.Projectile
[03May2026 04:02:10.442] [main/DEBUG] [mixin/]: Mixing JukeboxBlockEntityMixin from fabric-transfer-api-v1.mixins.json into net.minecraft.world.level.block.entity.JukeboxBlockEntity
[03May2026 04:02:10.446] [main/DEBUG] [mixin/]: fabric-transfer-api-v1.mixins.json:JukeboxBlockEntityMixin: Class version 61 required is higher than the class version supported by the current version of Mixin (JAVA_16 supports class version 60)
[03May2026 04:02:10.479] [main/DEBUG] [mixin/]: Mixing MobEntityMixin from fabric-entity-events-v1.mixins.json into net.minecraft.world.entity.Mob
[03May2026 04:02:10.479] [main/DEBUG] [mixin/]: fabric-entity-events-v1.mixins.json:MobEntityMixin: Class version 61 required is higher than the class version supported by the current version of Mixin (JAVA_16 supports class version 60)
[03May2026 04:02:10.480] [main/DEBUG] [mixin/]: Mixing MobMixin from spartanweaponry.mixins.json into net.minecraft.world.entity.Mob
[03May2026 04:02:10.608] [main/DEBUG] [net.minecraftforge.coremod.transformer.CoreModBaseTransformer/COREMOD]: Transforming net/minecraft/world/item/ItemStack
[03May2026 04:02:10.610] [main/DEBUG] [mixin/]: Mixing ItemStackMixin from fabric-item-api-v1.mixins.json into net.minecraft.world.item.ItemStack
[03May2026 04:02:10.612] [main/DEBUG] [mixin/]: fabric-item-api-v1.mixins.json:ItemStackMixin: Class version 61 required is higher than the class version supported by the current version of Mixin (JAVA_16 supports class version 60)
